ml_row_id,pathogenic_count,pathogenic_likely_pathogenic_count,likely_pathogenic_count,benign_count,benign_likely_benign_count,likely_benign_count,vus_count,conflicting_count,submitter_count,multiple_submitters,expert_panel_review,conflict_flag,phenotype_available,grch37_present,grch38_present,dbsnp_present,genomic_coordinates_present,hgvs_present
1,1,0,0,0,0,0,0,0,6,1,0,0,1,1,1,1,1,1
2,0,1,0,0,0,0,0,0,12,1,0,0,1,1,1,1,1,1
3,0,0,1,0,0,0,0,0,3,1,0,0,1,1,1,1,1,1
4,1,0,0,0,0,0,0,0,3,1,0,0,1,1,1,1,1,1
5,1,0,0,0,0,0,0,0,4,1,0,0,1,1,1,1,1,1
6,1,0,0,0,0,0,0,0,4,1,0,0,1,1,1,1,1,1
7,1,0,0,0,0,0,0,0,1,0,0,0,1,1,1,1,1,1
8,0,1,0,0,0,0,0,0,18,1,0,0,1,1,1,1,1,1
10,1,0,0,0,0,0,0,0,4,1,0,0,1,1,1,1,1,1
11,1,0,0,0,0,0,0,0,2,1,0,0,1,1,1,1,1,1
12,1,0,0,0,0,0,0,0,3,1,0,0,1,1,1,1,1,1
14,1,0,0,0,0,0,0,0,3,1,0,0,1,1,1,1,1,1
15,1,0,0,0,0,0,0,0,5,1,0,0,1,1,1,1,1,1
17,1,0,0,0,0,0,0,0,1,0,0,0,1,1,1,1,1,1
19,1,0,0,0,0,0,0,0,1,0,0,0,1,1,1,0,1,1
20,1,0,0,0,0,0,0,0,1,0,0,0,1,1,1,1,1,1
21,1,0,0,0,0,0,0,0,6,1,0,0,1,1,1,1,1,1
22,1,0,0,0,0,0,0,0,2,1,0,0,1,1,1,1,1,1
23,1,0,0,0,0,0,0,0,2,1,0,0,1,1,1,1,1,1
25,0,0,0,1,0,0,0,0,14,1,0,0,1,1,1,1,1,1
26,0,0,0,1,0,0,0,0,16,1,0,0,1,1,1,1,1,1
28,1,0,0,0,0,0,0,0,1,0,0,0,1,1,1,0,1,1
29,0,0,0,0,0,0,1,0,3,1,0,0,1,1,1,1,1,1
31,0,0,0,0,0,0,0,0,1,0,0,0,1,1,1,1,1,1
32,0,1,0,0,0,0,0,0,8,1,0,0,1,1,1,1,1,1
33,0,0,0,0,0,0,0,0,1,0,0,0,1,1,1,1,1,1
35,0,1,0,0,0,0,0,0,14,1,0,0,1,1,1,1,1,1
36,0,1,0,0,0,0,0,0,19,1,0,0,1,1,1,1,1,1
37,0,0,0,0,0,0,0,0,1,0,0,0,1,1,1,1,1,1
38,0,1,0,0,0,0,0,0,3,1,0,0,1,1,1,1,1,1
39,1,0,0,0,0,0,0,0,3,1,0,0,1,1,1,1,1,1
40,0,0,1,0,0,0,0,0,2,1,0,0,1,1,1,1,1,1
41,0,0,0,0,0,0,0,0,2,1,0,0,1,1,1,1,1,1
42,1,0,0,0,0,0,0,0,2,1,0,0,1,1,1,1,1,1
43,0,0,0,0,0,0,1,0,2,1,0,0,1,1,1,1,1,1
45,0,0,0,0,0,0,0,0,1,0,0,0,1,1,1,1,1,1
46,0,0,0,0,0,0,0,0,1,0,0,0,1,1,1,1,1,1
47,0,0,0,0,0,0,0,0,1,0,0,0,1,1,1,1,1,1
49,0,0,0,0,0,0,0,0,1,0,0,0,1,1,1,1,1,1
50,0,1,0,0,0,0,0,0,5,1,0,0,1,1,1,1,1,1
51,1,0,0,0,0,0,0,0,2,1,0,0,1,1,1,1,1,1
53,0,1,0,0,0,0,0,0,15,1,0,0,1,1,1,1,1,1
54,1,0,0,0,0,0,0,0,2,1,0,0,1,1,1,1,1,1
55,0,0,0,0,0,0,0,0,1,0,0,0,1,1,1,1,1,1
56,0,0,0,0,0,0,1,0,3,1,0,0,1,1,1,1,1,1
57,0,1,0,0,0,0,0,0,12,1,0,0,1,1,1,1,1,1
58,1,0,0,0,0,0,0,0,13,1,0,0,1,1,1,1,1,1
59,0,0,0,0,0,0,0,0,1,0,0,0,1,1,1,1,1,1
60,0,1,0,0,0,0,0,0,3,1,0,0,1,1,1,1,1,1
61,1,0,0,0,0,0,0,0,2,1,0,0,1,1,1,1,1,1
63,0,1,0,0,0,0,0,0,9,1,0,0,1,1,1,1,1,1
65,0,0,0,0,0,0,0,1,5,1,0,1,1,1,1,1,1,1
67,0,1,0,0,0,0,0,0,13,1,0,0,1,1,1,1,1,1
68,1,0,0,0,0,0,0,0,2,1,0,0,1,1,1,1,1,1
69,0,0,0,0,0,0,0,0,1,0,0,0,1,1,1,1,1,1
72,0,0,0,0,0,0,0,0,1,0,0,0,1,1,1,1,1,1
73,0,0,1,0,0,0,0,0,2,1,0,0,1,1,1,1,1,1
74,0,1,0,0,0,0,0,0,4,1,0,0,1,1,1,1,1,1
75,0,0,0,0,0,0,0,0,1,0,0,0,1,1,1,1,1,1
77,0,0,0,0,0,0,0,0,1,0,0,0,1,1,1,1,1,1
78,0,0,0,0,0,0,0,0,1,0,0,0,1,1,1,1,1,1
79,1,0,0,0,0,0,0,0,3,1,0,0,1,1,1,1,1,1
82,0,1,0,0,0,0,0,0,3,1,0,0,1,1,1,1,1,1
83,0,1,0,0,0,0,0,0,13,1,0,0,1,1,1,1,1,1
84,0,1,0,0,0,0,0,0,6,1,0,0,1,1,1,1,1,1
86,0,0,0,0,0,0,0,1,3,1,0,1,1,1,1,1,1,1
87,1,0,0,0,0,0,0,0,9,1,0,0,1,1,1,1,1,1
88,0,1,0,0,0,0,0,0,6,1,0,0,1,1,1,1,1,1
90,0,0,0,0,0,0,0,0,1,0,0,0,1,1,1,1,1,1
92,0,0,0,0,0,0,1,0,2,1,0,0,1,1,1,1,1,1
93,1,0,0,0,0,0,0,0,2,1,0,0,1,1,1,1,1,1
95,0,0,0,0,0,0,0,0,1,0,0,0,1,1,1,1,1,1
98,0,1,0,0,0,0,0,0,4,1,0,0,1,1,1,1,1,1
99,1,0,0,0,0,0,0,0,10,1,0,0,1,1,1,1,1,1
100,1,0,0,0,0,0,0,0,7,1,0,0,1,1,1,1,1,1
102,0,1,0,0,0,0,0,0,3,1,0,0,1,1,1,1,1,1
104,0,1,0,0,0,0,0,0,15,1,0,0,1,1,1,1,1,1
105,0,0,0,0,0,0,0,0,1,0,0,0,1,1,1,1,1,1
106,1,0,0,0,0,0,0,0,3,1,0,0,1,1,1,1,1,1
109,1,0,0,0,0,0,0,0,3,1,0,0,1,1,1,1,1,1
111,0,0,0,0,0,0,0,1,6,1,0,1,1,1,1,1,1,1
112,1,0,0,0,0,0,0,0,3,1,0,0,1,1,1,1,1,1
113,1,0,0,0,0,0,0,0,2,1,0,0,1,1,1,1,1,1
114,0,1,0,0,0,0,0,0,3,1,0,0,1,1,1,1,1,1
115,1,0,0,0,0,0,0,0,3,1,0,0,1,1,1,1,1,1
116,0,0,0,0,0,0,0,1,4,1,0,1,1,1,1,1,1,1
117,0,0,0,0,0,0,0,1,20,1,0,1,1,1,1,1,1,1
118,0,0,0,0,1,0,0,0,15,1,0,0,1,1,1,1,1,1
119,1,0,0,0,0,0,0,0,3,1,0,0,1,1,1,1,1,1
120,0,0,0,0,0,0,0,0,1,0,0,0,1,1,1,1,1,1
121,0,0,0,0,0,0,0,1,7,1,0,1,1,1,1,1,1,1
123,0,0,0,0,0,0,0,0,2,1,0,0,1,1,1,1,1,1
124,0,1,0,0,0,0,0,0,4,1,0,0,1,1,1,1,1,1
125,0,1,0,0,0,0,0,0,5,1,0,0,1,1,1,1,1,1
126,0,1,0,0,0,0,0,0,7,1,0,0,1,1,1,1,1,1
127,0,0,0,0,0,0,0,0,1,0,0,0,1,1,1,1,1,1
128,0,1,0,0,0,0,0,0,4,1,0,0,1,1,1,1,1,1
129,0,0,0,0,0,0,0,0,1,0,0,0,1,1,1,1,1,1
130,1,0,0,0,0,0,0,0,2,1,0,0,1,1,1,1,1,1
131,0,0,0,0,0,0,0,0,1,0,0,0,1,1,1,1,1,1
132,1,0,0,0,0,0,0,0,10,1,0,0,1,1,1,1,1,1
134,1,0,0,0,0,0,0,0,2,1,0,0,1,1,1,1,1,1
135,0,1,0,0,0,0,0,0,4,1,0,0,1,1,1,1,1,1
137,1,0,0,0,0,0,0,0,5,1,0,0,1,1,1,1,1,1
138,0,0,1,0,0,0,0,0,3,1,0,0,1,1,1,1,1,1
139,0,0,0,0,0,0,0,0,2,1,0,0,1,1,1,1,1,1
140,0,0,0,0,0,0,0,0,2,1,0,0,1,1,1,1,1,1
141,0,0,0,0,1,0,0,0,10,1,0,0,1,1,1,1,1,1
142,0,0,0,0,0,0,0,0,1,0,0,0,1,1,1,1,1,1
143,0,0,1,0,0,0,0,0,4,1,0,0,1,1,1,1,1,1
144,0,0,0,0,0,0,0,1,18,1,0,1,1,1,1,1,1,1
146,0,0,0,0,0,0,0,0,1,0,0,0,1,1,1,1,1,1
147,0,0,1,0,0,0,0,0,2,1,0,0,1,1,1,1,1,1
148,0,0,0,0,0,0,0,0,1,0,0,0,1,1,1,1,1,1
149,0,0,0,0,0,0,0,1,3,1,0,1,1,1,1,1,1,1
151,0,0,0,0,0,0,0,0,1,0,0,0,1,1,1,1,1,1
153,0,0,0,0,0,0,0,1,5,1,0,1,1,1,1,1,1,1
154,0,0,0,0,0,0,0,0,1,0,0,0,1,1,1,1,1,1
155,0,0,1,0,0,0,0,0,2,1,0,0,1,1,1,1,1,1
156,0,0,0,0,0,0,0,1,9,1,0,1,1,1,1,1,1,1
157,0,0,0,0,0,0,0,0,1,0,0,0,1,1,1,1,1,1
159,0,1,0,0,0,0,0,0,5,1,0,0,1,1,1,1,1,1
160,0,0,0,0,0,0,0,0,1,0,0,0,1,1,1,1,1,1
161,0,0,0,0,0,0,0,0,1,0,0,0,1,1,1,1,1,1
162,0,0,0,0,0,0,1,0,2,1,0,0,1,1,1,1,1,1
163,0,0,0,0,0,0,0,1,3,1,0,1,1,1,1,1,1,1
164,0,0,0,0,0,0,0,1,10,1,0,1,1,1,1,1,1,1
165,1,0,0,0,0,0,0,0,3,1,0,0,1,1,1,1,1,1
166,0,0,0,0,0,0,0,1,6,1,0,1,1,1,1,1,1,1
167,0,0,0,0,0,0,0,0,2,1,0,0,1,1,1,1,1,1
170,1,0,0,0,0,0,0,0,6,1,0,0,1,1,1,1,1,1
171,0,1,0,0,0,0,0,0,6,1,0,0,1,1,1,1,1,1
172,1,0,0,0,0,0,0,0,4,1,0,0,1,1,1,1,1,1
173,0,0,0,0,0,0,0,0,2,1,0,0,1,1,1,1,1,1
174,0,0,0,0,0,0,0,0,2,1,0,0,1,1,1,1,1,1
175,0,0,0,0,0,0,0,0,2,1,0,0,1,1,1,1,1,1
176,1,0,0,0,0,0,0,0,4,1,0,0,1,1,1,1,1,1
177,0,0,1,0,0,0,0,0,3,1,0,0,1,1,1,1,1,1
179,0,0,0,0,0,0,0,0,1,0,0,0,1,1,1,1,1,1
181,0,0,0,0,0,0,0,0,1,0,0,0,1,1,1,1,1,1
183,0,0,0,0,0,0,0,0,1,0,0,0,1,1,1,1,1,1
184,0,1,0,0,0,0,0,0,3,1,0,0,1,1,1,1,1,1
186,1,0,0,0,0,0,0,0,3,1,0,0,1,1,1,1,1,1
187,1,0,0,0,0,0,0,0,2,1,0,0,1,1,1,1,1,1
188,0,0,0,0,0,0,0,1,4,1,0,1,1,1,1,1,1,1
189,1,0,0,0,0,0,0,0,3,1,0,0,1,1,1,1,1,1
190,0,0,1,0,0,0,0,0,3,1,0,0,1,1,1,1,1,1
191,0,0,0,0,0,0,0,0,1,0,0,0,1,1,1,1,1,1
192,1,0,0,0,0,0,0,0,8,1,0,0,1,1,1,1,1,1
193,0,0,0,0,0,0,0,0,1,0,0,0,1,1,1,1,1,1
194,0,0,0,0,0,0,0,0,2,1,0,0,1,1,1,1,1,1
195,0,0,0,0,0,0,0,0,1,0,0,0,1,1,1,1,1,1
197,0,1,0,0,0,0,0,0,5,1,0,0,1,1,1,1,1,1
198,0,0,0,0,0,0,0,0,1,0,0,0,1,1,1,1,1,1
199,0,0,0,0,0,0,0,1,12,1,0,1,1,1,1,1,1,1
201,0,1,0,0,0,0,0,0,5,1,0,0,1,1,1,1,1,1
202,0,0,0,0,0,0,0,0,1,0,0,0,1,1,1,1,1,1
203,0,0,0,0,0,0,0,1,6,1,0,1,1,1,1,1,1,1
205,0,0,0,0,0,0,0,1,7,1,0,1,1,1,1,1,1,1
206,0,0,0,0,0,0,1,0,1,0,0,0,1,1,1,1,1,1
207,0,0,0,0,0,0,1,0,1,0,0,0,1,1,1,1,1,1
208,0,0,0,0,0,1,0,0,1,0,0,0,1,1,1,1,1,1
209,0,0,0,0,0,0,1,0,1,0,0,0,1,1,1,1,1,1
210,1,0,0,0,0,0,0,0,1,0,0,0,1,1,1,1,1,1
212,1,0,0,0,0,0,0,0,1,0,0,0,1,1,1,1,1,1
213,0,0,0,0,1,0,0,0,11,1,0,0,1,1,1,1,1,1
214,0,0,0,0,0,0,1,0,4,1,0,0,1,1,1,1,1,1
215,0,0,0,0,0,0,0,1,4,1,0,1,1,1,1,1,1,1
216,0,0,0,0,0,0,1,0,1,0,0,0,1,1,1,1,1,1
217,0,0,0,0,0,0,1,0,1,0,0,0,1,1,1,1,1,1
218,0,0,0,0,1,0,0,0,10,1,0,0,1,1,1,1,1,1
219,0,0,1,0,0,0,0,0,1,0,0,0,1,1,1,1,1,1
221,0,0,0,0,0,0,0,1,4,1,0,1,1,1,1,1,1,1
223,0,0,0,0,1,0,0,0,2,1,0,0,1,1,1,1,1,1
224,1,0,0,0,0,0,0,0,10,1,0,0,1,1,1,1,1,1
225,0,0,0,0,0,0,0,1,3,1,0,1,1,1,1,1,1,1
226,0,0,0,0,0,0,1,0,1,0,0,0,1,1,1,1,1,1
227,0,0,0,0,1,0,0,0,16,1,0,0,1,1,1,1,1,1
230,0,0,0,0,0,0,0,1,6,1,0,1,1,1,1,1,1,1
232,0,0,0,0,0,0,0,1,3,1,0,1,1,1,1,1,1,1
233,0,0,0,1,0,0,0,0,9,1,0,0,1,1,1,1,1,1
235,0,0,0,0,0,0,1,0,1,0,0,0,1,1,1,1,1,1
236,1,0,0,0,0,0,0,0,3,1,0,0,1,1,1,1,1,1
237,0,0,0,0,0,0,0,1,2,1,0,1,1,1,1,1,1,1
238,0,0,0,0,0,0,0,1,3,1,0,1,1,1,1,1,1,1
242,0,0,0,0,1,0,0,0,15,1,0,0,1,1,1,1,1,1
243,1,0,0,0,0,0,0,0,1,0,0,0,1,1,1,1,1,1
244,0,0,0,0,0,0,1,0,4,1,0,0,1,1,1,1,1,1
245,0,0,0,0,1,0,0,0,12,1,0,0,1,1,1,1,1,1
247,0,0,0,0,0,0,0,1,3,1,0,1,1,1,1,1,1,1
248,0,0,0,0,0,0,0,1,7,1,0,1,1,1,1,1,1,1
250,0,0,0,0,0,0,0,1,10,1,0,1,1,1,1,1,1,1
251,0,0,0,0,0,0,1,0,4,1,1,0,1,1,1,1,1,1
254,0,0,0,1,0,0,0,0,5,1,0,0,1,1,1,1,1,1
256,0,0,0,0,1,0,0,0,5,1,0,0,1,1,1,1,1,1
257,0,0,0,0,1,0,0,0,2,1,0,0,1,1,1,1,1,1
258,0,0,0,0,1,0,0,0,2,1,0,0,1,1,1,1,1,1
259,0,0,0,0,0,0,0,1,3,1,0,1,1,1,1,1,1,1
260,0,0,0,0,1,0,0,0,4,1,0,0,1,1,1,1,1,1
261,0,0,0,0,1,0,0,0,5,1,0,0,1,1,1,1,1,1
262,0,0,0,0,1,0,0,0,8,1,0,0,1,1,1,1,1,1
263,0,0,0,0,1,0,0,0,2,1,0,0,1,1,1,1,1,1
264,0,0,0,1,0,0,0,0,8,1,1,0,1,1,1,1,1,1
265,0,0,0,1,0,0,0,0,1,0,0,0,1,1,1,1,1,1
266,0,0,0,0,1,0,0,0,8,1,0,0,1,1,1,1,1,1
267,0,0,0,0,0,0,0,1,9,1,0,1,1,1,1,1,1,1
268,0,0,0,0,0,0,0,1,7,1,0,1,1,1,1,1,1,1
269,0,0,0,1,0,0,0,0,1,0,0,0,1,1,1,1,1,1
270,0,0,0,0,1,0,0,0,3,1,0,0,1,1,1,1,1,1
271,0,0,1,0,0,0,0,0,4,1,0,0,1,1,1,1,1,1
272,1,0,0,0,0,0,0,0,11,1,0,0,1,1,1,1,1,1
274,0,0,0,0,0,0,1,0,2,1,0,0,1,1,1,1,1,1
275,0,0,0,0,0,0,1,0,1,0,0,0,1,1,1,1,1,1
276,0,0,0,0,0,0,1,0,1,0,0,0,1,1,1,1,1,1
277,0,0,0,0,0,1,0,0,3,1,0,0,1,1,1,1,1,1
278,1,0,0,0,0,0,0,0,2,1,0,0,1,1,1,1,1,1
279,1,0,0,0,0,0,0,0,1,0,0,0,1,1,1,1,1,1
281,0,0,0,0,0,0,0,1,3,1,0,1,1,1,1,1,1,1
282,0,0,0,0,0,0,1,0,2,1,0,0,1,1,1,1,1,1
283,1,0,0,0,0,0,0,0,1,0,0,0,1,1,1,1,1,1
284,0,1,0,0,0,0,0,0,12,1,0,0,1,1,1,1,1,1
285,1,0,0,0,0,0,0,0,2,1,0,0,1,1,1,1,1,1
286,1,0,0,0,0,0,0,0,5,1,0,0,1,1,1,1,1,1
289,0,1,0,0,0,0,0,0,2,1,0,0,1,1,1,1,1,1
290,1,0,0,0,0,0,0,0,1,0,0,0,1,1,1,1,1,1
294,1,0,0,0,0,0,0,0,1,0,0,0,1,1,1,1,1,1
295,1,0,0,0,0,0,0,0,1,0,0,0,1,1,1,1,1,1
296,1,0,0,0,0,0,0,0,1,0,0,0,1,1,1,1,1,1
299,1,0,0,0,0,0,0,0,1,0,0,0,1,1,1,1,1,1
300,1,0,0,0,0,0,0,0,3,1,0,0,1,1,1,1,1,1
301,1,0,0,0,0,0,0,0,1,0,0,0,1,1,1,1,1,1
302,1,0,0,0,0,0,0,0,1,0,0,0,1,1,1,1,1,1
303,1,0,0,0,0,0,0,0,1,0,0,0,1,1,1,1,1,1
304,1,0,0,0,0,0,0,0,1,0,0,0,1,1,1,1,1,1
305,0,1,0,0,0,0,0,0,2,1,0,0,1,1,1,1,1,1
306,1,0,0,0,0,0,0,0,8,1,0,0,1,1,1,1,1,1
307,1,0,0,0,0,0,0,0,1,0,0,0,1,1,1,1,1,1
308,1,0,0,0,0,0,0,0,1,0,0,0,1,1,1,1,1,1
310,1,0,0,0,0,0,0,0,1,0,0,0,1,1,1,1,1,1
311,0,1,0,0,0,0,0,0,3,1,0,0,1,1,1,1,1,1
312,1,0,0,0,0,0,0,0,1,0,0,0,1,1,1,1,1,1
313,1,0,0,0,0,0,0,0,8,1,0,0,1,1,1,1,1,1
314,1,0,0,0,0,0,0,0,8,1,0,0,1,1,1,1,1,1
315,1,0,0,0,0,0,0,0,1,0,0,0,1,1,1,1,1,1
317,1,0,0,0,0,0,0,0,1,0,0,0,1,1,1,1,1,1
318,1,0,0,0,0,0,0,0,2,1,0,0,1,1,1,1,1,1
319,1,0,0,0,0,0,0,0,1,0,0,0,1,1,1,1,1,1
320,1,0,0,0,0,0,0,0,1,0,0,0,1,1,1,1,1,1
321,1,0,0,0,0,0,0,0,7,1,0,0,1,1,1,1,1,1
322,1,0,0,0,0,0,0,0,2,1,0,0,1,1,1,1,1,1
324,1,0,0,0,0,0,0,0,1,0,0,0,1,1,1,1,1,1
325,1,0,0,0,0,0,0,0,3,1,0,0,1,1,1,1,1,1
326,1,0,0,0,0,0,0,0,2,1,0,0,1,1,1,1,1,1
327,1,0,0,0,0,0,0,0,1,0,0,0,1,1,1,1,1,1
328,1,0,0,0,0,0,0,0,2,1,0,0,1,1,1,1,1,1
329,1,0,0,0,0,0,0,0,2,1,0,0,1,1,1,1,1,1
330,1,0,0,0,0,0,0,0,4,1,0,0,1,1,1,1,1,1
331,1,0,0,0,0,0,0,0,1,0,0,0,1,1,1,1,1,1
332,1,0,0,0,0,0,0,0,1,0,0,0,1,1,1,1,1,1
333,1,0,0,0,0,0,0,0,1,0,0,0,1,1,1,1,1,1
336,1,0,0,0,0,0,0,0,1,0,0,0,1,1,1,1,1,1
337,1,0,0,0,0,0,0,0,1,0,0,0,1,1,1,1,1,1
338,1,0,0,0,0,0,0,0,1,0,0,0,1,1,1,1,1,1
339,1,0,0,0,0,0,0,0,2,1,0,0,1,1,1,1,1,1
341,1,0,0,0,0,0,0,0,1,0,0,0,1,1,1,1,1,1
342,1,0,0,0,0,0,0,0,1,0,0,0,1,1,1,1,1,1
343,1,0,0,0,0,0,0,0,1,0,0,0,1,1,1,1,1,1
344,1,0,0,0,0,0,0,0,1,0,0,0,1,1,1,1,1,1
345,0,1,0,0,0,0,0,0,3,1,0,0,1,1,1,1,1,1
346,1,0,0,0,0,0,0,0,1,0,0,0,1,1,1,1,1,1
348,1,0,0,0,0,0,0,0,1,0,0,0,1,1,1,1,1,1
349,1,0,0,0,0,0,0,0,2,1,0,0,1,1,1,1,1,1
350,1,0,0,0,0,0,0,0,1,0,0,0,1,1,1,1,1,1
353,1,0,0,0,0,0,0,0,3,1,0,0,1,1,1,1,1,1
354,1,0,0,0,0,0,0,0,2,1,0,0,1,1,1,1,1,1
356,1,0,0,0,0,0,0,0,2,1,0,0,1,1,1,1,1,1
357,1,0,0,0,0,0,0,0,2,1,0,0,1,1,1,1,1,1
358,1,0,0,0,0,0,0,0,1,0,0,0,1,1,1,1,1,1
359,1,0,0,0,0,0,0,0,1,0,0,0,1,1,1,1,1,1
360,1,0,0,0,0,0,0,0,1,0,0,0,1,1,1,1,1,1
361,1,0,0,0,0,0,0,0,2,1,0,0,1,1,1,1,1,1
362,1,0,0,0,0,0,0,0,3,1,0,0,1,1,1,1,1,1
363,1,0,0,0,0,0,0,0,1,0,0,0,1,1,1,1,1,1
364,1,0,0,0,0,0,0,0,1,0,0,0,1,1,1,1,1,1
365,0,0,0,0,0,0,0,1,2,1,0,1,1,1,1,1,1,1
366,1,0,0,0,0,0,0,0,1,0,0,0,1,1,1,1,1,1
367,1,0,0,0,0,0,0,0,1,0,0,0,1,1,1,1,1,1
369,1,0,0,0,0,0,0,0,2,1,0,0,1,1,1,1,1,1
370,1,0,0,0,0,0,0,0,2,1,0,0,1,1,1,1,1,1
371,1,0,0,0,0,0,0,0,1,0,0,0,1,1,1,1,1,1
373,1,0,0,0,0,0,0,0,1,0,0,0,1,1,1,1,1,1
375,1,0,0,0,0,0,0,0,3,1,0,0,1,1,1,1,1,1
376,0,1,0,0,0,0,0,0,3,1,0,0,1,1,1,1,1,1
377,0,1,0,0,0,0,0,0,3,1,0,0,1,1,1,1,1,1
378,1,0,0,0,0,0,0,0,8,1,1,0,1,1,1,1,1,1
379,0,0,0,0,0,0,0,1,3,1,0,1,1,1,1,1,1,1
380,1,0,0,0,0,0,0,0,1,0,0,0,1,1,1,1,1,1
381,1,0,0,0,0,0,0,0,2,1,0,0,1,1,1,1,1,1
383,0,1,0,0,0,0,0,0,2,1,0,0,1,1,1,1,1,1
384,1,0,0,0,0,0,0,0,1,0,0,0,1,1,1,1,1,1
385,1,0,0,0,0,0,0,0,11,1,0,0,1,1,1,1,1,1
386,1,0,0,0,0,0,0,0,17,1,0,0,1,1,1,1,1,1
387,1,0,0,0,0,0,0,0,1,0,0,0,1,1,1,1,1,1
389,1,0,0,0,0,0,0,0,1,0,0,0,1,1,1,1,1,1
390,1,0,0,0,0,0,0,0,1,0,0,0,1,1,1,1,1,1
391,1,0,0,0,0,0,0,0,1,0,0,0,1,1,1,1,1,1
392,1,0,0,0,0,0,0,0,4,1,0,0,1,1,1,1,1,1
393,1,0,0,0,0,0,0,0,1,0,0,0,1,1,1,1,1,1
395,1,0,0,0,0,0,0,0,1,0,0,0,1,1,1,1,1,1
396,1,0,0,0,0,0,0,0,1,0,0,0,1,1,1,1,1,1
397,1,0,0,0,0,0,0,0,1,0,0,0,1,1,1,1,1,1
398,1,0,0,0,0,0,0,0,3,1,0,0,1,1,1,1,1,1
399,1,0,0,0,0,0,0,0,1,0,0,0,1,1,1,1,1,1
400,1,0,0,0,0,0,0,0,18,1,0,0,1,1,1,1,1,1
401,1,0,0,0,0,0,0,0,1,0,0,0,1,1,1,1,1,1
403,1,0,0,0,0,0,0,0,1,0,0,0,1,1,1,1,1,1
404,1,0,0,0,0,0,0,0,4,1,0,0,1,1,1,1,1,1
405,1,0,0,0,0,0,0,0,1,0,0,0,1,1,1,1,1,1
406,1,0,0,0,0,0,0,0,11,1,0,0,1,1,1,1,1,1
407,1,0,0,0,0,0,0,0,1,0,0,0,1,1,1,1,1,1
408,0,1,0,0,0,0,0,0,3,1,0,0,1,1,1,1,1,1
409,0,1,0,0,0,0,0,0,2,1,0,0,1,1,1,1,1,1
410,1,0,0,0,0,0,0,0,1,0,0,0,1,1,1,1,1,1
412,1,0,0,0,0,0,0,0,3,1,0,0,1,1,1,1,1,1
413,1,0,0,0,0,0,0,0,1,0,0,0,1,1,1,1,1,1
414,1,0,0,0,0,0,0,0,1,0,0,0,1,1,1,1,1,1
418,1,0,0,0,0,0,0,0,1,0,0,0,1,1,1,1,1,1
420,1,0,0,0,0,0,0,0,1,0,0,0,1,1,1,1,1,1
421,1,0,0,0,0,0,0,0,1,0,0,0,1,1,1,1,1,1
422,1,0,0,0,0,0,0,0,2,1,0,0,1,1,1,1,1,1
424,1,0,0,0,0,0,0,0,1,0,0,0,1,1,1,1,1,1
425,1,0,0,0,0,0,0,0,10,1,0,0,1,1,1,1,1,1
426,1,0,0,0,0,0,0,0,2,1,0,0,1,1,1,1,1,1
428,0,0,0,0,0,0,0,1,6,1,0,1,1,1,1,1,1,1
431,1,0,0,0,0,0,0,0,1,0,0,0,1,1,1,1,1,1
432,1,0,0,0,0,0,0,0,2,1,0,0,1,1,1,1,1,1
433,1,0,0,0,0,0,0,0,2,1,0,0,1,1,1,1,1,1
434,1,0,0,0,0,0,0,0,1,0,0,0,1,1,1,1,1,1
435,0,1,0,0,0,0,0,0,2,1,0,0,1,1,1,1,1,1
436,1,0,0,0,0,0,0,0,3,1,0,0,1,1,1,1,1,1
437,0,1,0,0,0,0,0,0,5,1,0,0,1,1,1,1,1,1
441,1,0,0,0,0,0,0,0,1,0,0,0,1,1,1,1,1,1
442,1,0,0,0,0,0,0,0,1,0,0,0,1,1,1,1,1,1
443,0,1,0,0,0,0,0,0,2,1,0,0,1,1,1,1,1,1
445,1,0,0,0,0,0,0,0,2,1,0,0,1,1,1,1,1,1
446,1,0,0,0,0,0,0,0,1,0,0,0,1,1,1,1,1,1
447,1,0,0,0,0,0,0,0,2,1,0,0,1,1,1,1,1,1
448,1,0,0,0,0,0,0,0,1,0,0,0,1,1,1,1,1,1
449,1,0,0,0,0,0,0,0,1,0,0,0,1,1,1,1,1,1
450,1,0,0,0,0,0,0,0,2,1,0,0,1,1,1,1,1,1
451,1,0,0,0,0,0,0,0,1,0,0,0,1,1,1,1,1,1
452,1,0,0,0,0,0,0,0,1,0,0,0,1,1,1,1,1,1
453,1,0,0,0,0,0,0,0,1,0,0,0,1,1,1,1,1,1
454,1,0,0,0,0,0,0,0,1,0,0,0,1,0,0,0,1,1
455,1,0,0,0,0,0,0,0,1,0,0,0,1,1,1,1,1,1
456,1,0,0,0,0,0,0,0,1,0,0,0,1,1,1,1,1,1
457,1,0,0,0,0,0,0,0,3,1,0,0,1,1,1,1,1,1
459,1,0,0,0,0,0,0,0,3,1,0,0,1,1,1,1,1,1
460,1,0,0,0,0,0,0,0,1,0,0,0,1,1,1,1,1,1
461,1,0,0,0,0,0,0,0,1,0,0,0,1,1,1,1,1,1
462,1,0,0,0,0,0,0,0,1,0,0,0,1,1,1,1,1,1
463,1,0,0,0,0,0,0,0,2,1,0,0,1,1,1,1,1,1
464,1,0,0,0,0,0,0,0,1,0,0,0,1,1,1,1,1,1
465,1,0,0,0,0,0,0,0,1,0,0,0,1,1,1,1,1,1
467,1,0,0,0,0,0,0,0,1,0,0,0,1,0,0,0,1,1
468,1,0,0,0,0,0,0,0,1,0,0,0,1,0,0,0,1,1
470,1,0,0,0,0,0,0,0,1,0,0,0,1,0,0,0,1,1
471,1,0,0,0,0,0,0,0,1,0,0,0,1,0,0,0,1,1
474,0,0,0,0,0,0,1,0,1,0,0,0,1,1,1,1,1,1
475,0,0,0,0,0,0,0,1,7,1,0,1,1,1,1,1,1,1
476,0,0,0,0,0,0,1,0,1,0,0,0,1,1,1,1,1,1
477,0,0,0,0,0,0,0,1,3,1,0,1,1,1,1,1,1,1
478,0,0,0,0,0,0,0,1,5,1,0,1,1,1,1,1,1,1
481,0,0,0,0,0,0,0,1,5,1,0,1,1,1,1,1,1,1
482,0,0,0,0,0,0,0,1,11,1,0,1,1,1,1,1,1,1
483,0,0,0,0,0,0,0,1,2,1,0,1,1,1,1,1,1,1
484,0,0,0,0,0,0,1,0,2,1,0,0,1,1,1,1,1,1
485,0,0,0,0,0,0,0,1,5,1,0,1,1,1,1,1,1,1
488,0,0,0,0,0,0,0,1,3,1,0,1,1,1,1,1,1,1
489,0,0,0,0,0,0,1,0,2,1,0,0,1,1,1,1,1,1
490,0,0,0,0,0,0,1,0,1,0,0,0,1,1,1,1,1,1
491,0,0,0,0,0,0,1,0,1,0,0,0,1,1,1,1,1,1
493,0,0,1,0,0,0,0,0,1,0,0,0,1,1,1,1,1,1
494,0,0,0,0,0,0,0,1,2,1,0,1,1,1,1,1,1,1
495,0,0,0,0,1,0,0,0,12,1,0,0,1,1,1,1,1,1
496,0,0,0,0,1,0,0,0,9,1,0,0,1,1,1,1,1,1
497,0,0,0,0,0,0,1,0,1,0,0,0,1,1,1,1,1,1
500,1,0,0,0,0,0,0,0,19,1,0,0,1,1,1,1,1,1
501,0,0,0,0,0,0,1,0,1,0,0,0,1,1,1,1,1,1
503,1,0,0,0,0,0,0,0,1,0,0,0,1,1,1,1,1,1
504,0,0,0,0,0,0,0,1,2,1,0,1,1,1,1,1,1,1
505,0,0,1,0,0,0,0,0,1,0,0,0,1,1,1,1,1,1
507,0,0,0,1,0,0,0,0,1,0,0,0,1,1,1,1,1,1
508,0,0,0,0,0,0,0,1,3,1,0,1,1,1,1,1,1,1
509,0,0,0,0,0,0,1,0,1,0,0,0,1,1,1,1,1,1
510,0,0,0,0,0,0,0,1,5,1,0,1,1,1,1,1,1,1
511,0,0,0,0,0,0,1,0,2,1,0,0,1,1,1,1,1,1
512,0,0,0,0,0,0,0,1,5,1,0,1,1,1,1,1,1,1
513,0,0,0,0,0,0,1,0,3,1,0,0,1,1,1,1,1,1
514,0,0,0,0,0,0,0,1,4,1,0,1,1,1,1,1,1,1
515,0,0,0,0,0,0,1,0,1,0,0,0,1,1,1,1,1,1
516,0,0,0,0,0,0,1,0,2,1,0,0,1,1,1,1,1,1
517,0,0,0,0,0,0,1,0,1,0,0,0,1,1,1,1,1,1
518,0,1,0,0,0,0,0,0,2,1,0,0,1,1,1,1,1,1
519,1,0,0,0,0,0,0,0,1,0,0,0,1,1,1,1,1,1
520,1,0,0,0,0,0,0,0,1,0,0,0,1,1,1,1,1,1
521,0,0,0,0,0,0,1,0,1,0,0,0,1,1,1,1,1,1
522,1,0,0,0,0,0,0,0,2,1,0,0,1,1,1,1,1,1
523,1,0,0,0,0,0,0,0,2,1,0,0,1,1,1,1,1,1
524,0,0,0,0,0,0,0,1,3,1,0,1,1,1,1,1,1,1
525,0,0,0,0,0,0,0,1,8,1,0,1,1,1,1,1,1,1
526,0,0,0,0,0,0,0,1,3,1,0,1,1,1,1,1,1,1
527,0,0,1,0,0,0,0,0,3,1,0,0,1,1,1,1,1,1
529,0,0,0,0,0,0,0,1,2,1,0,1,1,1,1,1,1,1
530,0,0,1,0,0,0,0,0,1,0,0,0,1,1,1,1,1,1
532,0,0,0,0,0,0,0,1,8,1,0,1,1,1,1,1,1,1
533,1,0,0,0,0,0,0,0,1,0,0,0,1,1,1,1,1,1
536,0,0,0,0,0,0,0,1,4,1,0,1,1,1,1,1,1,1
537,0,0,0,0,0,0,1,0,2,1,0,0,1,1,1,1,1,1
538,0,0,0,0,0,0,0,1,3,1,0,1,1,1,1,1,1,1
540,0,0,1,0,0,0,0,0,1,0,0,0,1,1,1,1,1,1
541,0,0,0,0,0,0,0,1,6,1,0,1,1,1,1,1,1,1
542,0,0,0,0,0,0,0,1,2,1,0,1,1,1,1,1,1,1
543,0,1,0,0,0,0,0,0,2,1,0,0,1,1,1,1,1,1
544,1,0,0,0,0,0,0,0,1,0,0,0,1,1,1,1,1,1
546,0,0,0,0,0,0,0,1,2,1,0,1,1,1,1,1,1,1
547,0,0,1,0,0,0,0,0,1,0,0,0,1,1,1,1,1,1
548,0,0,1,0,0,0,0,0,1,0,0,0,1,1,1,1,1,1
549,0,0,1,0,0,0,0,0,2,1,0,0,1,1,1,1,1,1
551,0,1,0,0,0,0,0,0,4,1,0,0,1,1,1,1,1,1
552,1,0,0,0,0,0,0,0,3,1,1,0,1,1,1,1,1,1
553,1,0,0,0,0,0,0,0,1,0,0,0,1,1,1,1,1,1
555,1,0,0,0,0,0,0,0,1,0,0,0,1,1,1,1,1,1
557,0,0,0,0,0,0,1,0,6,1,0,0,1,1,1,1,1,1
558,1,0,0,0,0,0,0,0,1,0,0,0,1,1,1,1,1,1
559,0,0,0,0,0,0,1,0,2,1,0,0,1,1,1,1,1,1
560,0,0,0,0,0,0,1,0,1,0,0,0,1,1,1,1,1,1
561,0,0,0,0,0,0,0,1,8,1,0,1,1,1,1,1,1,1
563,1,0,0,0,0,0,0,0,1,0,0,0,1,1,1,1,1,1
564,0,0,0,0,0,0,1,0,1,0,0,0,1,1,1,1,1,1
565,0,1,0,0,0,0,0,0,2,1,0,0,1,1,1,1,1,1
566,0,0,0,0,0,0,0,1,4,1,0,1,1,1,1,1,1,1
568,0,1,0,0,0,0,0,0,5,1,0,0,1,1,1,1,1,1
569,1,0,0,0,0,0,0,0,7,1,0,0,1,1,1,1,1,1
570,0,1,0,0,0,0,0,0,2,1,0,0,1,1,1,1,1,1
571,1,0,0,0,0,0,0,0,15,1,0,0,1,1,1,1,1,1
572,0,0,0,0,0,0,0,1,2,1,0,1,1,1,1,1,1,1
573,0,0,1,0,0,0,0,0,1,0,0,0,1,1,1,1,1,1
574,0,0,1,0,0,0,0,0,1,0,0,0,1,1,1,1,1,1
575,1,0,0,0,0,0,0,0,1,0,0,0,1,1,1,1,1,1
576,1,0,0,0,0,0,0,0,3,1,0,0,1,1,1,1,1,1
577,0,0,1,0,0,0,0,0,1,0,0,0,1,1,1,1,1,1
579,1,0,0,0,0,0,0,0,1,0,0,0,1,1,1,1,1,1
580,0,0,0,0,0,0,0,1,4,1,0,1,1,1,1,1,1,1
581,0,0,0,0,0,0,0,1,3,1,0,1,1,1,1,1,1,1
582,1,0,0,0,0,0,0,0,1,0,0,0,1,1,1,1,1,1
584,0,1,0,0,0,0,0,0,3,1,0,0,1,1,1,1,1,1
586,1,0,0,0,0,0,0,0,2,1,0,0,1,1,1,1,1,1
588,1,0,0,0,0,0,0,0,1,0,0,0,1,1,1,1,1,1
589,1,0,0,0,0,0,0,0,1,0,0,0,1,1,1,1,1,1
591,1,0,0,0,0,0,0,0,1,0,0,0,1,1,1,1,1,1
592,1,0,0,0,0,0,0,0,2,1,0,0,1,1,1,1,1,1
593,1,0,0,0,0,0,0,0,1,0,0,0,1,1,1,1,1,1
594,1,0,0,0,0,0,0,0,10,1,0,0,1,1,1,1,1,1
595,1,0,0,0,0,0,0,0,1,0,0,0,1,1,1,1,1,1
596,0,0,0,0,0,0,1,0,1,0,0,0,1,1,1,1,1,1
598,0,0,0,0,0,0,0,1,2,1,0,1,1,1,1,1,1,1
601,0,1,0,0,0,0,0,0,2,1,0,0,1,1,1,1,1,1
602,1,0,0,0,0,0,0,0,1,0,0,0,1,1,1,1,1,1
603,0,0,0,0,0,0,1,0,2,1,0,0,1,1,1,1,1,1
604,0,0,0,0,1,0,0,0,10,1,0,0,1,1,1,1,1,1
605,1,0,0,0,0,0,0,0,5,1,0,0,1,1,1,1,1,1
607,0,0,0,0,0,0,0,1,6,1,0,1,1,1,1,1,1,1
608,0,0,0,0,0,0,0,1,2,1,0,1,1,1,1,1,1,1
609,1,0,0,0,0,0,0,0,2,1,0,0,1,1,1,1,1,1
610,0,0,0,0,0,0,0,1,3,1,0,1,1,1,1,1,1,1
611,1,0,0,0,0,0,0,0,1,0,0,0,1,1,1,1,1,1
612,0,0,0,0,0,0,0,1,5,1,0,1,1,1,1,1,1,1
613,1,0,0,0,0,0,0,0,1,0,0,0,1,1,1,1,1,1
614,0,0,0,0,0,0,0,1,2,1,0,1,1,1,1,1,1,1
615,1,0,0,0,0,0,0,0,1,0,0,0,1,1,1,1,1,1
616,1,0,0,0,0,0,0,0,1,0,0,0,1,1,1,1,1,1
617,0,0,0,0,0,0,0,1,4,1,0,1,1,1,1,1,1,1
618,0,0,0,0,0,0,1,0,1,0,0,0,1,1,1,1,1,1
619,0,0,0,0,0,0,1,0,3,1,0,0,1,1,1,1,1,1
620,0,0,0,0,0,0,0,1,4,1,0,1,1,1,1,1,1,1
621,0,0,0,0,0,0,0,1,4,1,0,1,1,1,1,1,1,1
623,0,1,0,0,0,0,0,0,2,1,0,0,1,1,1,1,1,1
624,1,0,0,0,0,0,0,0,1,0,0,0,1,1,1,1,1,1
628,1,0,0,0,0,0,0,0,2,1,0,0,1,1,1,1,1,1
629,0,1,0,0,0,0,0,0,2,1,0,0,1,1,1,1,1,1
630,0,1,0,0,0,0,0,0,3,1,0,0,1,1,1,1,1,1
631,0,0,0,0,1,0,0,0,10,1,0,0,1,1,1,1,1,1
632,0,0,1,0,0,0,0,0,2,1,1,0,1,1,1,1,1,1
633,0,0,1,0,0,0,0,0,1,0,0,0,1,1,1,1,1,1
635,1,0,0,0,0,0,0,0,2,1,0,0,1,1,1,1,1,1
636,0,0,0,0,0,0,1,0,6,1,0,0,1,1,1,1,1,1
637,0,0,0,0,0,0,1,0,2,1,0,0,1,1,1,1,1,1
638,0,0,0,0,0,1,0,0,3,1,0,0,1,1,1,1,1,1
639,0,0,1,0,0,0,0,0,2,1,0,0,1,1,1,1,1,1
640,1,0,0,0,0,0,0,0,1,0,0,0,1,1,1,1,1,1
641,1,0,0,0,0,0,0,0,1,0,0,0,1,1,1,1,1,1
642,1,0,0,0,0,0,0,0,1,0,0,0,1,1,1,1,1,1
644,0,0,0,0,0,1,0,0,3,1,0,0,1,1,1,1,1,1
645,0,0,0,0,0,0,1,0,1,0,0,0,1,1,1,1,1,1
646,0,0,0,0,0,0,1,0,4,1,0,0,1,1,1,1,1,1
647,1,0,0,0,0,0,0,0,2,1,0,0,1,1,1,1,1,1
648,0,0,0,0,0,0,1,0,1,0,0,0,1,1,1,1,1,1
649,1,0,0,0,0,0,0,0,1,0,0,0,1,1,1,1,1,1
650,0,0,0,0,0,0,0,1,4,1,0,1,1,1,1,1,1,1
651,0,0,0,0,0,0,1,0,4,1,0,0,1,1,1,1,1,1
652,0,0,0,0,0,0,0,1,6,1,0,1,1,1,1,1,1,1
657,1,0,0,0,0,0,0,0,2,1,0,0,1,1,1,1,1,1
659,0,0,0,0,0,0,0,1,3,1,0,1,1,1,1,1,1,1
660,1,0,0,0,0,0,0,0,1,0,0,0,1,1,1,1,1,1
661,1,0,0,0,0,0,0,0,1,0,0,0,1,1,1,1,1,1
662,0,0,0,0,0,0,0,1,4,1,0,1,1,1,1,1,1,1
663,0,0,0,0,0,0,1,0,3,1,0,0,1,1,1,1,1,1
664,1,0,0,0,0,0,0,0,1,0,0,0,1,1,1,1,1,1
665,0,0,0,0,0,1,0,0,1,0,0,0,1,1,1,1,1,1
666,1,0,0,0,0,0,0,0,2,1,0,0,1,1,1,1,1,1
667,0,0,0,0,0,0,1,0,3,1,0,0,1,1,1,1,1,1
668,0,1,0,0,0,0,0,0,5,1,0,0,1,1,1,1,1,1
669,0,0,0,0,0,0,1,0,1,0,0,0,1,1,1,1,1,1
670,1,0,0,0,0,0,0,0,1,0,0,0,1,1,1,1,1,1
672,0,0,1,0,0,0,0,0,1,0,0,0,1,1,1,1,1,1
673,0,0,0,0,0,0,0,1,5,1,0,1,1,1,1,1,1,1
674,1,0,0,0,0,0,0,0,1,0,0,0,1,1,1,1,1,1
675,1,0,0,0,0,0,0,0,1,0,0,0,1,1,1,1,1,1
676,1,0,0,0,0,0,0,0,1,0,0,0,1,1,1,1,1,1
679,1,0,0,0,0,0,0,0,1,0,0,0,1,1,1,1,1,1
680,0,0,0,0,1,0,0,0,4,1,0,0,1,1,1,1,1,1
681,1,0,0,0,0,0,0,0,1,0,0,0,1,1,1,1,1,1
683,0,0,0,0,0,0,1,0,2,1,0,0,1,1,1,1,1,1
685,0,1,0,0,0,0,0,0,4,1,0,0,1,1,1,1,1,1
686,0,0,0,0,0,0,1,0,1,0,0,0,1,1,1,1,1,1
687,0,0,0,0,0,0,0,1,2,1,0,1,1,1,1,1,1,1
688,0,0,1,0,0,0,0,0,1,0,0,0,1,1,1,1,1,1
689,0,0,0,0,0,0,1,0,1,0,0,0,1,1,1,1,1,1
690,1,0,0,0,0,0,0,0,1,0,0,0,1,1,1,1,1,1
691,0,0,0,0,0,0,1,0,3,1,0,0,1,1,1,1,1,1
693,0,0,1,0,0,0,0,0,1,0,0,0,1,1,1,1,1,1
695,0,0,0,0,0,0,1,0,1,0,0,0,1,1,1,1,1,1
696,0,0,0,0,0,0,0,1,4,1,0,1,1,1,1,1,1,1
698,1,0,0,0,0,0,0,0,1,0,0,0,1,1,1,1,1,1
699,1,0,0,0,0,0,0,0,2,1,0,0,1,1,1,1,1,1
700,0,1,0,0,0,0,0,0,2,1,0,0,1,1,1,1,1,1
701,0,0,1,0,0,0,0,0,3,1,1,0,1,1,1,1,1,1
702,1,0,0,0,0,0,0,0,2,1,0,0,1,1,1,1,1,1
703,0,1,0,0,0,0,0,0,2,1,0,0,1,1,1,1,1,1
704,1,0,0,0,0,0,0,0,3,1,0,0,1,1,1,1,1,1
705,1,0,0,0,0,0,0,0,1,0,0,0,1,1,1,1,1,1
707,1,0,0,0,0,0,0,0,1,0,0,0,1,1,1,1,1,1
708,0,0,0,0,0,0,0,1,4,1,0,1,1,1,1,1,1,1
709,1,0,0,0,0,0,0,0,1,0,0,0,1,1,1,1,1,1
710,0,0,0,0,0,0,1,0,3,1,0,0,1,1,1,1,1,1
711,1,0,0,0,0,0,0,0,1,0,0,0,1,1,1,1,1,1
714,1,0,0,0,0,0,0,0,1,0,0,0,1,1,1,1,1,1
715,1,0,0,0,0,0,0,0,3,1,0,0,1,1,1,1,1,1
716,0,0,1,0,0,0,0,0,1,0,0,0,1,1,1,1,1,1
717,0,0,1,0,0,0,0,0,2,1,0,0,1,1,1,1,1,1
718,0,0,1,0,0,0,0,0,1,0,0,0,1,1,1,1,1,1
720,1,0,0,0,0,0,0,0,1,0,0,0,1,1,1,1,1,1
721,0,0,0,0,0,0,0,1,7,1,0,1,1,1,1,1,1,1
723,0,0,0,0,0,0,1,0,3,1,0,0,1,1,1,1,1,1
724,0,0,0,0,0,0,1,0,1,0,0,0,1,1,1,1,1,1
726,1,0,0,0,0,0,0,0,2,1,0,0,1,1,1,1,1,1
727,1,0,0,0,0,0,0,0,1,0,0,0,1,1,1,1,1,1
728,1,0,0,0,0,0,0,0,1,0,0,0,1,1,1,1,1,1
729,1,0,0,0,0,0,0,0,1,0,0,0,1,1,1,1,1,1
730,1,0,0,0,0,0,0,0,2,1,0,0,1,1,1,1,1,1
731,1,0,0,0,0,0,0,0,1,0,0,0,1,1,1,1,1,1
733,0,0,0,0,0,0,0,1,4,1,0,1,1,1,1,1,1,1
736,0,0,0,0,0,1,0,0,2,1,0,0,1,1,1,1,1,1
737,1,0,0,0,0,0,0,0,3,1,0,0,1,1,1,1,1,1
738,1,0,0,0,0,0,0,0,2,1,0,0,1,1,1,1,1,1
739,1,0,0,0,0,0,0,0,2,1,0,0,1,1,1,1,1,1
740,1,0,0,0,0,0,0,0,2,1,0,0,1,1,1,1,1,1
741,1,0,0,0,0,0,0,0,2,1,0,0,1,1,1,1,1,1
742,1,0,0,0,0,0,0,0,1,0,0,0,1,1,1,1,1,1
744,1,0,0,0,0,0,0,0,1,0,0,0,1,1,1,1,1,1
745,0,1,0,0,0,0,0,0,6,1,0,0,1,1,1,1,1,1
750,0,0,0,0,0,0,1,0,2,1,0,0,1,1,1,1,1,1
751,0,0,0,0,0,0,1,0,1,0,0,0,1,1,1,1,1,1
753,0,0,0,0,0,0,1,0,1,0,0,0,1,1,1,1,1,1
754,1,0,0,0,0,0,0,0,1,0,0,0,1,1,1,1,1,1
755,1,0,0,0,0,0,0,0,1,0,0,0,1,1,0,0,1,1
756,1,0,0,0,0,0,0,0,1,0,0,0,1,1,0,0,1,1
757,1,0,0,0,0,0,0,0,1,0,0,0,1,1,0,0,1,1
759,0,0,0,0,1,0,0,0,6,1,0,0,1,1,1,1,1,1
760,0,0,0,0,0,0,0,1,3,1,0,1,1,1,1,1,1,1
761,0,0,1,0,0,0,0,0,1,0,0,0,1,1,1,1,1,1
762,1,0,0,0,0,0,0,0,1,0,0,0,1,1,1,1,1,1
763,1,0,0,0,0,0,0,0,1,0,0,0,1,1,1,1,1,1
767,0,0,0,0,0,0,0,1,5,1,0,1,1,1,1,1,1,1
768,0,0,1,0,0,0,0,0,1,0,0,0,1,1,1,1,1,1
769,1,0,0,0,0,0,0,0,1,0,0,0,1,1,1,1,1,1
770,1,0,0,0,0,0,0,0,1,0,0,0,1,1,1,1,1,1
771,1,0,0,0,0,0,0,0,1,0,0,0,1,1,1,1,1,1
772,1,0,0,0,0,0,0,0,1,0,0,0,1,1,1,1,1,1
773,1,0,0,0,0,0,0,0,1,0,0,0,1,1,1,1,1,1
774,1,0,0,0,0,0,0,0,2,1,0,0,1,1,1,1,1,1
775,0,1,0,0,0,0,0,0,3,1,0,0,1,1,1,1,1,1
776,1,0,0,0,0,0,0,0,1,0,0,0,1,1,1,1,1,1
778,0,1,0,0,0,0,0,0,2,1,0,0,1,1,1,1,1,1
779,1,0,0,0,0,0,0,0,1,0,0,0,1,1,1,1,1,1
780,1,0,0,0,0,0,0,0,2,1,0,0,1,1,1,1,1,1
781,1,0,0,0,0,0,0,0,1,0,0,0,1,1,1,1,1,1
782,1,0,0,0,0,0,0,0,1,0,0,0,1,1,1,1,1,1
783,1,0,0,0,0,0,0,0,3,1,0,0,1,1,1,1,1,1
784,1,0,0,0,0,0,0,0,1,0,0,0,1,1,1,1,1,1
785,1,0,0,0,0,0,0,0,1,0,0,0,1,1,1,1,1,1
786,1,0,0,0,0,0,0,0,1,0,0,0,1,1,1,1,1,1
787,0,0,0,0,0,0,1,0,1,0,0,0,1,1,1,1,1,1
789,0,1,0,0,0,0,0,0,5,1,0,0,1,1,1,1,1,1
790,0,0,0,0,0,0,0,1,7,1,0,1,1,1,1,1,1,1
791,0,0,0,0,0,0,0,1,3,1,0,1,1,1,1,1,1,1
792,0,0,0,0,0,1,0,0,6,1,1,0,1,1,1,1,1,1
793,0,0,0,0,0,0,0,1,3,1,0,1,1,1,1,1,1,1
794,1,0,0,0,0,0,0,0,1,0,0,0,1,1,1,1,1,1
796,0,0,0,0,0,0,0,1,5,1,0,1,1,1,1,1,1,1
797,1,0,0,0,0,0,0,0,1,0,0,0,1,1,1,1,1,1
798,0,0,0,0,0,0,1,0,1,0,0,0,1,1,1,1,1,1
800,0,0,0,0,1,0,0,0,3,1,0,0,1,1,1,1,1,1
802,0,0,0,1,0,0,0,0,3,1,0,0,1,1,1,1,1,1
803,0,0,0,0,1,0,0,0,2,1,0,0,1,1,1,1,1,1
805,0,0,0,0,1,0,0,0,1,0,0,0,1,1,1,1,1,1
807,0,0,0,0,0,0,1,0,2,1,0,0,1,1,1,1,1,1
809,0,0,0,1,0,0,0,0,9,1,0,0,1,1,1,1,1,1
810,0,0,0,0,0,0,0,1,4,1,0,1,1,1,1,1,1,1
814,0,0,0,0,1,0,0,0,2,1,0,0,1,1,1,1,1,1
815,0,0,0,0,1,0,0,0,8,1,0,0,1,1,1,1,1,1
816,0,0,0,0,0,0,1,0,2,1,0,0,1,1,1,1,1,1
817,0,0,0,0,0,0,1,0,1,0,0,0,1,1,1,1,1,1
818,0,0,0,0,1,0,0,0,2,1,0,0,1,1,1,1,1,1
819,0,0,0,0,0,0,0,1,2,1,0,1,1,1,1,1,1,1
820,0,0,0,0,0,0,0,1,1,0,0,1,1,1,1,1,1,1
821,0,0,0,0,1,0,0,0,2,1,0,0,1,1,1,1,1,1
822,0,0,0,0,0,0,1,0,1,0,0,0,1,1,1,1,1,1
823,0,0,0,0,0,0,1,0,1,0,0,0,1,1,1,1,1,1
824,0,0,0,0,0,0,0,1,3,1,0,1,1,1,1,1,1,1
825,0,0,0,0,0,0,0,1,2,1,0,1,1,1,1,1,1,1
826,0,0,0,0,0,0,1,0,1,0,0,0,1,1,1,1,1,1
827,0,0,0,0,0,0,0,1,3,1,0,1,1,1,1,1,1,1
828,0,0,0,0,0,1,0,0,1,0,0,0,1,1,1,1,1,1
831,0,0,0,0,0,1,0,0,1,0,0,0,1,1,1,1,1,1
833,0,0,0,1,0,0,0,0,3,1,0,0,1,1,1,1,1,1
835,0,0,0,0,0,0,0,1,5,1,0,1,1,1,1,1,1,1
836,0,0,0,0,0,0,1,0,3,1,0,0,1,1,1,1,1,1
837,0,0,0,0,0,0,0,1,2,1,0,1,1,1,1,1,1,1
838,0,0,0,0,0,0,0,1,2,1,0,1,1,1,1,1,1,1
840,0,1,0,0,0,0,0,0,3,1,0,0,1,1,1,1,1,1
841,0,0,0,0,0,0,1,0,2,1,0,0,1,1,1,1,1,1
842,0,0,0,0,0,0,0,1,3,1,0,1,1,1,1,1,1,1
844,1,0,0,0,0,0,0,0,1,0,0,0,1,1,1,1,1,1
845,0,1,0,0,0,0,0,0,2,1,0,0,1,1,1,1,1,1
846,0,1,0,0,0,0,0,0,2,1,0,0,1,1,1,1,1,1
847,1,0,0,0,0,0,0,0,1,0,0,0,1,1,1,1,1,1
848,0,1,0,0,0,0,0,0,3,1,0,0,1,1,1,1,1,1
850,0,1,0,0,0,0,0,0,2,1,0,0,1,1,1,1,1,1
851,0,0,1,0,0,0,0,0,1,0,0,0,1,1,1,1,1,1
852,0,0,0,0,0,0,1,0,3,1,1,0,1,1,1,1,1,1
853,0,0,1,0,0,0,0,0,1,0,0,0,1,1,1,1,1,1
854,1,0,0,0,0,0,0,0,3,1,0,0,1,1,1,1,1,1
855,1,0,0,0,0,0,0,0,1,0,0,0,1,1,1,1,1,1
856,0,0,1,0,0,0,0,0,1,0,0,0,1,1,1,1,1,1
858,0,0,1,0,0,0,0,0,5,1,1,0,1,1,1,1,1,1
859,0,0,0,0,0,0,1,0,2,1,0,0,1,1,1,1,1,1
860,1,0,0,0,0,0,0,0,1,0,0,0,1,1,1,1,1,1
861,0,0,1,0,0,0,0,0,1,0,0,0,1,1,1,1,1,1
862,1,0,0,0,0,0,0,0,1,0,0,0,1,1,1,1,1,1
863,1,0,0,0,0,0,0,0,1,0,0,0,1,1,1,1,1,1
864,0,0,1,0,0,0,0,0,1,0,0,0,1,1,1,1,1,1
865,1,0,0,0,0,0,0,0,2,1,0,0,1,1,1,1,1,1
867,0,0,0,0,0,0,1,0,1,0,0,0,1,1,1,1,1,1
868,0,0,0,0,0,1,0,0,2,1,0,0,1,1,1,1,1,1
869,0,0,0,0,0,1,0,0,2,1,0,0,1,1,1,1,1,1
870,0,0,0,0,0,0,0,1,2,1,0,1,1,1,1,1,1,1
871,0,0,0,0,0,0,0,1,4,1,0,1,1,1,1,1,1,1
872,0,0,1,0,0,0,0,0,1,0,0,0,1,1,1,1,1,1
873,0,0,0,0,0,1,0,0,2,1,0,0,1,1,1,1,1,1
874,0,0,0,0,0,0,0,1,3,1,0,1,1,1,1,1,1,1
875,0,0,0,0,0,1,0,0,4,1,0,0,1,1,1,1,1,1
876,0,0,0,0,0,0,1,0,2,1,0,0,1,1,1,1,1,1
877,0,0,0,0,0,1,0,0,1,0,0,0,1,1,1,1,1,1
879,0,0,0,0,1,0,0,0,4,1,0,0,1,1,1,1,1,1
881,1,0,0,0,0,0,0,0,2,1,0,0,1,1,1,1,1,1
883,0,0,0,0,0,1,0,0,1,0,0,0,1,1,1,1,1,1
884,0,0,0,0,0,1,0,0,2,1,0,0,1,1,1,1,1,1
885,0,0,0,0,0,1,0,0,2,1,0,0,1,1,1,1,1,1
886,0,0,0,0,0,0,0,1,8,1,0,1,1,1,1,1,1,1
887,0,0,0,0,1,0,0,0,4,1,0,0,1,1,1,1,1,1
888,0,0,0,0,0,0,0,1,3,1,0,1,1,1,1,1,1,1
889,0,0,0,0,0,1,0,0,3,1,0,0,1,1,1,1,1,1
891,0,0,0,0,0,0,1,0,3,1,0,0,1,1,1,1,1,1
892,0,0,0,0,1,0,0,0,2,1,0,0,1,1,1,1,1,1
893,0,0,0,0,0,1,0,0,1,0,0,0,1,1,1,1,1,1
895,0,0,0,0,0,1,0,0,1,0,0,0,1,1,1,1,1,1
896,0,0,0,0,1,0,0,0,5,1,0,0,1,1,1,1,1,1
898,0,0,0,0,0,1,0,0,1,0,0,0,1,1,1,1,1,1
900,0,1,0,0,0,0,0,0,3,1,0,0,1,1,1,1,1,1
901,0,0,0,0,0,1,0,0,2,1,0,0,1,1,1,1,1,1
902,0,0,0,0,0,1,0,0,2,1,0,0,1,1,1,1,1,1
903,0,0,0,0,0,1,0,0,2,1,0,0,1,1,1,1,1,1
904,0,0,0,0,0,1,0,0,4,1,0,0,1,1,1,1,1,1
905,0,0,0,0,0,1,0,0,1,0,0,0,1,1,1,1,1,1
906,0,0,0,0,0,0,1,0,1,0,0,0,1,1,1,1,1,1
907,0,0,0,0,0,1,0,0,4,1,0,0,1,1,1,1,1,1
909,0,0,0,0,0,1,0,0,4,1,0,0,1,1,1,1,1,1
910,0,0,0,0,0,0,1,0,1,0,0,0,1,1,1,1,1,1
911,0,0,0,0,0,0,0,1,3,1,0,1,1,1,1,1,1,1
913,0,0,0,0,0,1,0,0,2,1,0,0,1,1,1,1,1,1
914,0,0,0,0,0,1,0,0,4,1,0,0,1,1,1,1,1,1
915,0,0,0,0,0,1,0,0,1,0,0,0,1,1,1,1,1,1
917,0,0,0,0,0,1,0,0,3,1,0,0,1,1,1,1,1,1
918,0,0,0,1,0,0,0,0,3,1,0,0,1,1,1,1,1,1
919,0,0,0,0,0,0,0,1,4,1,0,1,1,1,1,1,1,1
920,0,0,0,0,0,0,1,0,3,1,1,0,1,1,1,1,1,1
921,1,0,0,0,0,0,0,0,2,1,0,0,1,1,1,1,1,1
922,0,0,0,0,0,0,1,0,1,0,0,0,1,1,1,1,1,1
923,0,0,0,0,0,1,0,0,2,1,0,0,1,1,1,1,1,1
924,0,0,0,1,0,0,0,0,3,1,0,0,1,1,1,1,1,1
925,0,0,0,0,0,1,0,0,3,1,0,0,1,1,1,1,1,1
928,0,0,0,0,0,0,1,0,4,1,0,0,1,1,1,1,1,1
929,0,0,0,0,0,1,0,0,1,0,0,0,1,1,1,1,1,1
930,0,0,0,0,0,1,0,0,3,1,0,0,1,1,1,1,1,1
931,0,0,0,0,0,1,0,0,3,1,0,0,1,1,1,1,1,1
934,0,0,0,0,0,1,0,0,3,1,0,0,1,1,1,1,1,1
935,0,0,0,0,0,1,0,0,3,1,0,0,1,1,1,1,1,1
936,0,0,0,0,0,1,0,0,2,1,0,0,1,1,1,1,1,1
937,0,1,0,0,0,0,0,0,2,1,0,0,1,1,1,1,1,1
938,0,0,0,0,0,1,0,0,3,1,0,0,1,1,1,1,1,1
939,0,0,0,1,0,0,0,0,3,1,0,0,1,1,1,1,1,1
940,1,0,0,0,0,0,0,0,1,0,0,0,1,1,1,1,1,1
941,1,0,0,0,0,0,0,0,1,0,0,0,1,1,1,1,1,1
942,1,0,0,0,0,0,0,0,1,0,0,0,1,1,1,1,1,1
943,0,0,0,0,0,0,0,1,4,1,0,1,1,1,1,1,1,1
944,0,0,0,0,0,1,0,0,1,0,0,0,1,1,1,1,1,1
946,0,0,0,0,0,0,1,0,1,0,0,0,1,1,1,1,1,1
947,1,0,0,0,0,0,0,0,1,0,0,0,1,1,1,1,1,1
948,0,0,1,0,0,0,0,0,2,1,0,0,1,1,1,1,1,1
949,0,0,0,0,0,1,0,0,1,0,0,0,1,1,1,0,1,1
950,1,0,0,0,0,0,0,0,1,0,0,0,1,1,1,1,1,1
951,1,0,0,0,0,0,0,0,1,0,0,0,1,1,1,1,1,1
952,0,0,0,0,0,0,0,1,3,1,0,1,1,1,1,1,1,1
954,0,0,1,0,0,0,0,0,1,0,0,0,1,1,1,1,1,1
955,1,0,0,0,0,0,0,0,1,0,0,0,1,1,1,1,1,1
956,0,0,0,0,0,1,0,0,4,1,0,0,1,1,1,1,1,1
957,0,0,0,0,0,1,0,0,1,0,0,0,1,1,1,1,1,1
959,0,0,0,0,0,0,1,0,2,1,0,0,1,1,1,1,1,1
960,1,0,0,0,0,0,0,0,1,0,0,0,1,1,1,1,1,1
961,0,0,0,0,1,0,0,0,4,1,0,0,1,1,1,1,1,1
962,1,0,0,0,0,0,0,0,1,0,0,0,1,1,1,1,1,1
963,0,1,0,0,0,0,0,0,3,1,0,0,1,1,1,1,1,1
964,0,0,0,0,0,0,1,0,1,0,0,0,1,1,1,1,1,1
966,0,0,0,0,0,0,1,0,3,1,0,0,1,1,1,1,1,1
967,1,0,0,0,0,0,0,0,1,0,0,0,1,1,1,1,1,1
968,0,0,0,0,0,0,0,1,4,1,0,1,1,1,1,1,1,1
969,0,1,0,0,0,0,0,0,2,1,0,0,1,1,1,1,1,1
971,0,0,1,0,0,0,0,0,1,0,0,0,1,1,1,1,1,1
972,0,0,1,0,0,0,0,0,1,0,0,0,1,1,1,1,1,1
973,1,0,0,0,0,0,0,0,2,1,0,0,1,1,1,1,1,1
974,0,0,1,0,0,0,0,0,1,0,0,0,1,1,1,1,1,1
975,1,0,0,0,0,0,0,0,1,0,0,0,1,1,1,1,1,1
976,0,0,1,0,0,0,0,0,2,1,0,0,1,1,1,1,1,1
977,0,0,1,0,0,0,0,0,1,0,0,0,1,1,1,1,1,1
979,0,0,1,0,0,0,0,0,2,1,0,0,1,1,1,1,1,1
980,0,0,0,0,0,1,0,0,1,0,0,0,1,1,1,1,1,1
981,0,0,0,0,0,0,0,1,2,1,0,1,1,1,1,1,1,1
982,1,0,0,0,0,0,0,0,1,0,0,0,1,1,1,1,1,1
983,0,0,1,0,0,0,0,0,1,0,0,0,1,1,1,1,1,1
984,0,0,1,0,0,0,0,0,2,1,0,0,1,1,1,1,1,1
985,0,1,0,0,0,0,0,0,2,1,0,0,1,1,1,1,1,1
986,0,0,1,0,0,0,0,0,1,0,0,0,1,1,1,1,1,1
987,0,0,1,0,0,0,0,0,1,0,0,0,1,1,1,1,1,1
988,0,0,0,0,0,0,0,1,2,1,0,1,1,1,1,1,1,1
989,0,0,1,0,0,0,0,0,1,0,0,0,1,1,1,1,1,1
990,1,0,0,0,0,0,0,0,2,1,0,0,1,1,1,1,1,1
991,1,0,0,0,0,0,0,0,1,0,0,0,1,1,1,1,1,1
992,0,0,1,0,0,0,0,0,1,0,0,0,1,1,1,1,1,1
993,0,0,1,0,0,0,0,0,1,0,0,0,1,1,1,1,1,1
994,0,1,0,0,0,0,0,0,2,1,0,0,1,1,1,1,1,1
996,1,0,0,0,0,0,0,0,1,0,0,0,1,1,1,1,1,1
998,0,0,1,0,0,0,0,0,1,0,0,0,1,1,1,1,1,1
999,0,0,1,0,0,0,0,0,3,1,0,0,1,1,1,1,1,1
1000,0,0,1,0,0,0,0,0,1,0,0,0,1,1,1,1,1,1
1001,0,0,1,0,0,0,0,0,1,0,0,0,1,1,1,1,1,1
1004,1,0,0,0,0,0,0,0,1,0,0,0,1,1,1,1,1,1
1005,1,0,0,0,0,0,0,0,1,0,0,0,1,1,1,1,1,1
1006,1,0,0,0,0,0,0,0,1,0,0,0,1,1,1,1,1,1
1007,1,0,0,0,0,0,0,0,1,0,0,0,1,1,1,1,1,1
1008,1,0,0,0,0,0,0,0,1,0,0,0,1,1,1,1,1,1
1009,0,0,1,0,0,0,0,0,1,0,0,0,1,1,1,1,1,1
1010,0,1,0,0,0,0,0,0,3,1,0,0,1,1,1,1,1,1
1012,1,0,0,0,0,0,0,0,2,1,0,0,1,1,1,1,1,1
1013,1,0,0,0,0,0,0,0,1,0,0,0,1,1,1,1,1,1
1014,0,0,0,0,0,0,0,1,4,1,0,1,1,1,1,1,1,1
1015,0,0,0,0,0,0,0,1,3,1,0,1,1,1,1,1,1,1
1016,0,0,0,0,0,0,1,0,1,0,0,0,1,1,1,1,1,1
1017,0,0,0,0,0,0,0,1,2,1,0,1,1,1,1,1,1,1
1018,0,0,0,0,0,0,0,1,4,1,0,1,1,1,1,1,1,1
1019,0,0,0,0,0,0,0,1,2,1,0,1,1,1,1,1,1,1
1020,0,1,0,0,0,0,0,0,2,1,0,0,1,1,1,1,1,1
1022,1,0,0,0,0,0,0,0,1,0,0,0,1,1,1,1,1,1
1024,0,0,1,0,0,0,0,0,1,0,0,0,1,1,1,1,1,1
1025,0,0,1,0,0,0,0,0,1,0,0,0,1,1,1,1,1,1
1027,0,1,0,0,0,0,0,0,4,1,0,0,1,1,1,1,1,1
1028,0,1,0,0,0,0,0,0,2,1,0,0,1,1,1,1,1,1
1029,0,1,0,0,0,0,0,0,2,1,0,0,1,1,1,1,1,1
1031,0,0,0,0,0,0,0,1,3,1,0,1,1,1,1,1,1,1
1032,0,0,1,0,0,0,0,0,1,0,0,0,1,1,1,1,1,1
1034,0,0,0,0,0,0,0,1,3,1,0,1,1,1,1,1,1,1
1036,0,0,0,0,0,0,0,1,2,1,0,1,1,1,1,1,1,1
1037,0,0,1,0,0,0,0,0,1,0,0,0,1,1,1,1,1,1
1038,1,0,0,0,0,0,0,0,1,0,0,0,1,1,1,1,1,1
1041,0,0,1,0,0,0,0,0,1,0,0,0,1,1,1,1,1,1
1043,0,0,0,0,0,0,0,1,2,1,0,1,1,1,1,1,1,1
1044,0,0,1,0,0,0,0,0,1,0,0,0,1,1,1,1,1,1
1046,0,0,1,0,0,0,0,0,1,0,0,0,1,1,1,1,1,1
1047,0,1,0,0,0,0,0,0,2,1,0,0,1,1,1,1,1,1
1049,0,0,0,0,0,0,0,1,4,1,0,1,1,1,1,1,1,1
1051,0,0,0,0,0,0,1,0,1,0,0,0,1,1,1,1,1,1
1052,1,0,0,0,0,0,0,0,1,0,0,0,1,1,1,1,1,1
1053,0,1,0,0,0,0,0,0,2,1,0,0,1,1,1,1,1,1
1054,0,0,0,0,0,0,0,1,2,1,0,1,1,1,1,1,1,1
1055,0,0,0,0,0,0,1,0,1,0,0,0,1,1,1,1,1,1
1057,0,0,1,0,0,0,0,0,1,0,0,0,1,1,1,1,1,1
1059,1,0,0,0,0,0,0,0,1,0,0,0,1,1,1,1,1,1
1060,0,0,0,0,0,0,0,1,3,1,0,1,1,1,1,1,1,1
1061,1,0,0,0,0,0,0,0,1,0,0,0,1,1,1,1,1,1
1062,1,0,0,0,0,0,0,0,2,1,0,0,1,1,1,1,1,1
1063,0,0,0,0,0,0,0,1,3,1,0,1,1,1,1,1,1,1
1064,0,0,1,0,0,0,0,0,1,0,0,0,1,1,1,1,1,1
1065,1,0,0,0,0,0,0,0,1,0,0,0,1,1,1,1,1,1
1066,0,0,0,0,0,0,0,1,2,1,0,1,1,1,1,1,1,1
1067,0,0,1,0,0,0,0,0,1,0,0,0,1,1,1,1,1,1
1068,1,0,0,0,0,0,0,0,1,0,0,0,1,1,1,1,1,1
1069,0,0,0,0,0,1,0,0,7,1,0,0,1,1,1,1,1,1
1070,0,0,1,0,0,0,0,0,1,0,0,0,1,1,1,1,1,1
1071,1,0,0,0,0,0,0,0,1,0,0,0,1,1,1,1,1,1
1073,0,0,1,0,0,0,0,0,1,0,0,0,1,1,1,1,1,1
1077,0,0,1,0,0,0,0,0,2,1,0,0,1,1,1,1,1,1
1078,0,0,1,0,0,0,0,0,1,0,0,0,1,1,1,1,1,1
1079,0,0,0,0,0,0,1,0,1,0,0,0,1,1,1,1,1,1
1080,0,0,0,0,0,0,0,1,2,1,0,1,1,1,1,1,1,1
1081,0,0,0,0,0,0,1,0,2,1,0,0,1,1,1,1,1,1
1082,0,0,0,0,0,0,0,1,11,1,0,1,1,1,1,1,1,1
1083,1,0,0,0,0,0,0,0,1,0,0,0,1,1,1,1,1,1
1084,0,0,0,0,0,0,1,0,1,0,0,0,1,1,1,1,1,1
1086,0,0,0,0,0,0,0,1,3,1,0,1,1,1,1,1,1,1
1088,0,0,0,0,0,0,1,0,1,0,0,0,1,1,1,1,1,1
1089,0,0,0,0,0,0,0,1,2,1,0,1,1,1,1,1,1,1
1090,0,0,0,0,0,0,0,1,2,1,0,1,1,1,1,1,1,1
1092,1,0,0,0,0,0,0,0,1,0,0,0,1,1,1,1,1,1
1093,0,0,0,0,0,0,1,0,5,1,0,0,1,1,1,1,1,1
1094,0,0,0,0,0,0,0,1,3,1,0,1,1,1,1,1,1,1
1097,0,0,0,0,0,0,0,1,3,1,0,1,1,1,1,1,1,1
1098,0,0,0,0,0,0,0,1,4,1,0,1,1,1,1,1,1,1
1099,0,0,1,0,0,0,0,0,1,0,0,0,1,1,1,1,1,1
1100,0,0,1,0,0,0,0,0,1,0,0,0,1,1,1,1,1,1
1101,0,0,1,0,0,0,0,0,2,1,0,0,1,1,1,1,1,1
1103,0,0,0,0,0,0,0,1,2,1,0,1,1,1,1,1,1,1
1105,0,0,0,0,0,0,0,1,5,1,0,1,1,1,1,1,1,1
1106,0,0,1,0,0,0,0,0,1,0,0,0,1,1,1,1,1,1
1107,0,0,0,0,0,0,0,1,2,1,0,1,1,1,1,1,1,1
1108,0,0,0,0,0,0,1,0,2,1,0,0,1,1,1,1,1,1
1109,0,0,1,0,0,0,0,0,1,0,0,0,1,1,1,1,1,1
1110,0,0,0,0,0,0,1,0,2,1,0,0,1,1,1,1,1,1
1111,1,0,0,0,0,0,0,0,1,0,0,0,1,1,1,1,1,1
1112,1,0,0,0,0,0,0,0,1,0,0,0,1,1,1,1,1,1
1113,0,0,0,0,0,0,1,0,2,1,0,0,1,1,1,1,1,1
1114,1,0,0,0,0,0,0,0,2,1,0,0,1,1,1,1,1,1
1115,0,1,0,0,0,0,0,0,3,1,0,0,1,1,1,1,1,1
1117,0,0,0,0,0,0,0,1,2,1,0,1,1,1,1,1,1,1
1119,1,0,0,0,0,0,0,0,2,1,0,0,1,1,1,1,1,1
1120,0,0,0,0,0,0,0,1,3,1,0,1,1,1,1,1,1,1
1121,0,0,0,0,0,0,1,0,1,0,0,0,1,1,1,1,1,1
1123,0,0,0,0,0,0,1,0,4,1,0,0,1,1,1,1,1,1
1124,1,0,0,0,0,0,0,0,2,1,0,0,1,1,1,1,1,1
1125,0,1,0,0,0,0,0,0,3,1,0,0,1,1,1,1,1,1
1126,1,0,0,0,0,0,0,0,1,0,0,0,1,1,1,0,1,1
1128,0,0,0,0,0,0,1,0,1,0,0,0,1,1,1,1,1,1
1131,1,0,0,0,0,0,0,0,1,0,0,0,1,1,1,1,1,1
1132,0,0,1,0,0,0,0,0,1,0,0,0,1,1,1,1,1,1
1133,1,0,0,0,0,0,0,0,1,0,0,0,1,1,1,1,1,1
1134,0,1,0,0,0,0,0,0,2,1,0,0,1,1,1,1,1,1
1135,0,0,0,0,0,0,1,0,1,0,0,0,1,1,1,1,1,1
1136,1,0,0,0,0,0,0,0,1,0,0,0,1,1,1,1,1,1
1137,1,0,0,0,0,0,0,0,1,0,0,0,1,1,1,1,1,1
1138,0,0,0,0,0,1,0,0,3,1,0,0,1,1,1,1,1,1
1139,1,0,0,0,0,0,0,0,1,0,0,0,1,1,1,1,1,1
1140,0,0,0,0,0,1,0,0,1,0,0,0,1,1,1,1,1,1
1141,0,0,0,0,0,0,1,0,1,0,0,0,1,1,1,1,1,1
1142,0,0,0,0,0,1,0,0,3,1,0,0,1,1,1,1,1,1
1143,1,0,0,0,0,0,0,0,1,0,0,0,1,1,1,1,1,1
1144,0,0,0,0,0,1,0,0,1,0,0,0,1,1,1,1,1,1
1146,1,0,0,0,0,0,0,0,2,1,0,0,1,1,1,1,1,1
1147,0,0,0,0,1,0,0,0,2,1,0,0,1,1,1,1,1,1
1148,0,0,0,0,0,1,0,0,2,1,0,0,1,1,1,1,1,1
1149,0,0,0,0,0,0,0,1,5,1,0,1,1,1,1,1,1,1
1150,0,0,1,0,0,0,0,0,1,0,0,0,1,1,1,1,1,1
1151,0,0,0,0,0,0,1,0,1,0,0,0,1,1,1,1,1,1
1152,0,1,0,0,0,0,0,0,2,1,0,0,1,1,1,1,1,1
1153,0,0,0,0,0,0,1,0,1,0,0,0,1,1,1,1,1,1
1154,0,0,0,0,0,0,1,0,2,1,0,0,1,1,1,1,1,1
1155,1,0,0,0,0,0,0,0,1,0,0,0,1,1,1,1,1,1
1156,1,0,0,0,0,0,0,0,1,0,0,0,1,1,1,1,1,1
1157,0,0,0,0,0,0,1,0,1,0,0,0,1,1,1,1,1,1
1158,0,1,0,0,0,0,0,0,2,1,0,0,1,1,1,1,1,1
1160,0,0,0,0,0,0,0,1,6,1,0,1,1,1,1,1,1,1
1161,1,0,0,0,0,0,0,0,1,0,0,0,1,1,1,1,1,1
1162,1,0,0,0,0,0,0,0,1,0,0,0,1,1,1,1,1,1
1163,0,0,0,0,0,1,0,0,1,0,0,0,1,1,1,1,1,1
1165,1,0,0,0,0,0,0,0,3,1,0,0,1,1,1,1,1,1
1166,1,0,0,0,0,0,0,0,2,1,0,0,1,1,1,1,1,1
1167,0,0,1,0,0,0,0,0,1,0,0,0,1,1,1,1,1,1
1168,0,1,0,0,0,0,0,0,2,1,0,0,1,1,1,1,1,1
1170,0,0,0,0,0,1,0,0,1,0,0,0,1,1,1,1,1,1
1171,1,0,0,0,0,0,0,0,1,0,0,0,1,1,1,1,1,1
1172,0,0,0,1,0,0,0,0,4,1,0,0,1,1,1,1,1,1
1173,0,0,1,0,0,0,0,0,2,1,0,0,1,1,1,1,1,1
1175,0,0,0,0,0,0,0,1,2,1,0,1,1,1,1,1,1,1
1178,0,0,1,0,0,0,0,0,1,0,0,0,1,1,1,1,1,1
1179,0,0,0,0,0,0,1,0,1,0,0,0,1,1,1,1,1,1
1180,0,0,1,0,0,0,0,0,1,0,0,0,1,1,1,1,1,1
1181,0,0,0,0,0,0,1,0,2,1,0,0,1,1,1,1,1,1
1183,0,0,0,0,0,0,1,0,2,1,0,0,1,1,1,1,1,1
1185,0,0,1,0,0,0,0,0,1,0,0,0,1,1,1,0,1,1
1186,0,0,1,0,0,0,0,0,1,0,0,0,1,1,1,1,1,1
1187,0,0,1,0,0,0,0,0,1,0,0,0,1,1,1,1,1,1
1188,0,1,0,0,0,0,0,0,3,1,0,0,1,1,1,1,1,1
1190,0,0,0,0,0,0,1,0,1,0,0,0,1,1,1,1,1,1
1191,0,1,0,0,0,0,0,0,2,1,0,0,1,1,1,1,1,1
1192,1,0,0,0,0,0,0,0,7,1,0,0,1,1,1,1,1,1
1193,0,0,0,0,0,0,0,1,3,1,0,1,1,1,1,1,1,1
1194,0,0,0,0,0,1,0,0,1,0,0,0,1,1,1,1,1,1
1196,0,0,0,0,0,0,0,1,3,1,0,1,1,1,1,1,1,1
1197,0,0,0,0,1,0,0,0,4,1,0,0,1,1,1,1,1,1
1199,0,0,0,1,0,0,0,0,4,1,0,0,1,1,1,1,1,1
1200,1,0,0,0,0,0,0,0,1,0,0,0,1,1,1,1,1,1
1202,0,0,0,0,0,0,0,1,5,1,0,1,1,1,1,1,1,1
1203,0,0,0,0,0,0,0,1,2,1,0,1,1,1,1,1,1,1
1204,0,0,0,0,0,0,1,0,3,1,0,0,1,1,1,1,1,1
1205,0,0,0,0,0,0,0,1,7,1,0,1,1,1,1,1,1,1
1206,0,0,0,0,0,0,0,1,2,1,0,1,1,1,1,1,1,1
1207,0,0,0,0,0,0,0,1,6,1,0,1,1,1,1,1,1,1
1208,0,0,0,0,0,0,0,1,4,1,0,1,1,1,1,1,1,1
1209,0,0,0,0,0,0,0,1,3,1,0,1,1,1,1,1,1,1
1210,0,0,0,0,0,0,1,0,2,1,0,0,1,1,1,1,1,1
1212,1,0,0,0,0,0,0,0,2,1,0,0,1,1,1,1,1,1
1214,1,0,0,0,0,0,0,0,1,0,0,0,1,1,1,1,1,1
1215,0,0,0,0,0,1,0,0,2,1,0,0,1,1,1,1,1,1
1216,0,0,0,0,1,0,0,0,3,1,0,0,1,1,1,1,1,1
1217,0,0,0,0,0,1,0,0,1,0,0,0,1,1,1,1,1,1
1218,0,0,0,0,0,1,0,0,1,0,0,0,1,1,1,1,1,1
1219,0,0,0,0,0,1,0,0,1,0,0,0,1,1,1,1,1,1
1220,0,0,0,0,0,1,0,0,3,1,0,0,1,1,1,1,1,1
1222,0,0,0,0,0,1,0,0,1,0,0,0,1,1,1,1,1,1
1223,0,0,0,0,0,1,0,0,1,0,0,0,1,1,1,1,1,1
1226,0,0,0,0,0,1,0,0,2,1,0,0,1,1,1,1,1,1
1227,0,0,0,0,0,1,0,0,3,1,0,0,1,1,1,1,1,1
1228,0,0,0,0,0,1,0,0,2,1,0,0,1,1,1,1,1,1
1229,0,0,0,0,0,1,0,0,4,1,0,0,1,1,1,1,1,1
1230,0,0,0,0,0,0,0,1,5,1,0,1,1,1,1,1,1,1
1231,0,0,0,0,0,1,0,0,3,1,0,0,1,1,1,1,1,1
1233,0,0,0,0,0,1,0,0,1,0,0,0,1,1,1,1,1,1
1234,0,0,0,0,0,1,0,0,2,1,0,0,1,1,1,1,1,1
1235,0,0,0,0,0,1,0,0,3,1,0,0,1,1,1,1,1,1
1237,0,0,0,0,0,0,0,1,3,1,0,1,1,1,1,1,1,1
1238,0,0,0,0,0,1,0,0,2,1,0,0,1,1,1,1,1,1
1239,0,0,0,0,1,0,0,0,5,1,0,0,1,1,1,1,1,1
1240,0,0,0,0,0,1,0,0,2,1,0,0,1,1,1,1,1,1
1241,0,0,0,0,0,1,0,0,2,1,0,0,1,1,1,1,1,1
1242,0,0,0,0,0,1,0,0,2,1,0,0,1,1,1,1,1,1
1244,0,0,0,0,0,1,0,0,1,0,0,0,1,1,1,1,1,1
1246,0,0,0,0,0,1,0,0,2,1,0,0,1,1,1,1,1,1
1247,0,0,0,0,0,1,0,0,2,1,0,0,1,1,1,1,1,1
1248,0,0,0,0,0,1,0,0,2,1,0,0,1,1,1,1,1,1
1249,0,0,0,0,0,1,0,0,1,0,0,0,1,1,1,1,1,1
1250,0,0,0,0,0,1,0,0,1,0,0,0,1,1,1,1,1,1
1251,0,0,0,0,0,0,0,1,3,1,0,1,1,1,1,1,1,1
1252,1,0,0,0,0,0,0,0,1,0,0,0,1,1,1,1,1,1
1253,0,0,0,0,0,0,0,1,4,1,0,1,1,1,1,1,1,1
1255,1,0,0,0,0,0,0,0,1,0,0,0,1,1,1,1,1,1
1257,0,0,0,0,0,0,1,0,2,1,0,0,1,1,1,1,1,1
1258,0,0,0,0,0,0,1,0,2,1,0,0,1,1,1,1,1,1
1259,1,0,0,0,0,0,0,0,1,0,0,0,1,1,1,1,1,1
1260,1,0,0,0,0,0,0,0,2,1,0,0,1,1,1,1,1,1
1263,0,1,0,0,0,0,0,0,2,1,0,0,1,1,1,1,1,1
1264,1,0,0,0,0,0,0,0,1,0,0,0,1,1,1,1,1,1
1265,0,0,0,0,0,0,0,1,2,1,0,1,1,1,1,1,1,1
1266,0,0,0,0,0,0,0,1,4,1,0,1,1,1,1,1,1,1
1267,0,0,0,0,0,0,1,0,1,0,0,0,1,1,1,1,1,1
1268,0,0,1,0,0,0,0,0,1,0,0,0,1,1,1,1,1,1
1270,0,0,0,0,0,1,0,0,2,1,0,0,1,1,1,1,1,1
1271,1,0,0,0,0,0,0,0,1,0,0,0,1,1,1,1,1,1
1272,0,0,0,0,0,1,0,0,1,0,0,0,1,1,1,1,1,1
1274,0,0,0,0,0,1,0,0,1,0,0,0,1,1,1,1,1,1
1275,1,0,0,0,0,0,0,0,1,0,0,0,1,1,1,1,1,1
1276,0,0,0,0,0,0,0,1,2,1,0,1,1,1,1,1,1,1
1277,0,0,1,0,0,0,0,0,1,0,0,0,1,1,1,1,1,1
1278,1,0,0,0,0,0,0,0,3,1,0,0,1,1,1,1,1,1
1279,1,0,0,0,0,0,0,0,1,0,0,0,1,1,1,1,1,1
1280,0,0,0,0,0,0,1,0,1,0,0,0,1,1,1,1,1,1
1281,1,0,0,0,0,0,0,0,1,0,0,0,1,1,1,1,1,1
1283,1,0,0,0,0,0,0,0,1,0,0,0,1,1,1,1,1,1
1284,0,1,0,0,0,0,0,0,2,1,0,0,1,1,1,1,1,1
1285,0,0,1,0,0,0,0,0,1,0,0,0,1,1,1,1,1,1
1286,0,0,0,0,0,0,1,0,2,1,0,0,1,1,1,1,1,1
1287,0,0,0,0,0,0,0,1,2,1,0,1,1,1,1,1,1,1
1288,0,0,0,0,0,0,0,1,4,1,0,1,1,1,1,1,1,1
1289,0,0,0,0,0,0,1,0,1,0,0,0,1,1,1,1,1,1
1290,1,0,0,0,0,0,0,0,1,0,0,0,1,1,1,1,1,1
1291,0,0,1,0,0,0,0,0,1,0,0,0,1,1,1,1,1,1
1292,1,0,0,0,0,0,0,0,1,0,0,0,1,1,1,1,1,1
1294,1,0,0,0,0,0,0,0,2,1,0,0,1,1,1,1,1,1
1295,0,0,0,0,0,1,0,0,2,1,0,0,1,1,1,1,1,1
1297,0,0,1,0,0,0,0,0,1,0,0,0,1,1,1,1,1,1
1298,0,0,0,0,0,1,0,0,1,0,0,0,1,1,1,1,1,1
1299,0,0,0,0,0,1,0,0,1,0,0,0,1,1,1,1,1,1
1300,0,0,0,0,0,0,1,0,3,1,0,0,1,1,1,1,1,1
1301,1,0,0,0,0,0,0,0,1,0,0,0,1,1,1,1,1,1
1302,1,0,0,0,0,0,0,0,1,0,0,0,1,1,1,1,1,1
1304,1,0,0,0,0,0,0,0,1,0,0,0,1,1,1,1,1,1
1305,0,0,0,0,0,0,1,0,1,0,0,0,1,1,1,1,1,1
1307,1,0,0,0,0,0,0,0,1,0,0,0,1,1,1,1,1,1
1308,0,0,0,0,0,0,1,0,1,0,0,0,1,1,1,1,1,1
1309,1,0,0,0,0,0,0,0,1,0,0,0,1,1,1,1,1,1
1310,1,0,0,0,0,0,0,0,1,0,0,0,1,1,1,1,1,1
1311,0,0,0,0,0,0,0,1,2,1,0,1,1,1,1,1,1,1
1312,0,0,0,0,0,0,1,0,1,0,0,0,1,1,1,1,1,1
1313,0,0,0,0,0,1,0,0,1,0,0,0,1,1,1,1,1,1
1314,0,0,0,0,0,1,0,0,1,0,0,0,1,1,1,1,1,1
1315,0,0,0,0,0,1,0,0,5,1,0,0,1,1,1,1,1,1
1316,0,0,1,0,0,0,0,0,1,0,0,0,1,1,1,1,1,1
1317,1,0,0,0,0,0,0,0,1,0,0,0,1,1,1,1,1,1
1318,0,0,1,0,0,0,0,0,1,0,0,0,1,1,1,1,1,1
1319,0,0,0,0,0,0,0,1,3,1,0,1,1,1,1,1,1,1
1321,0,0,1,0,0,0,0,0,1,0,0,0,1,1,1,1,1,1
1324,0,0,0,0,0,1,0,0,3,1,0,0,1,1,1,1,1,1
1325,1,0,0,0,0,0,0,0,2,1,0,0,1,1,1,1,1,1
1326,0,0,0,0,0,0,1,0,3,1,0,0,1,1,1,1,1,1
1327,0,0,0,0,0,0,1,0,2,1,0,0,1,1,1,1,1,1
1328,0,0,0,0,0,0,1,0,1,0,0,0,1,1,1,1,1,1
1329,0,1,0,0,0,0,0,0,5,1,0,0,1,1,1,1,1,1
1330,0,0,0,0,0,1,0,0,1,0,0,0,1,1,1,1,1,1
1332,0,0,0,0,0,0,1,0,1,0,0,0,1,1,1,1,1,1
1333,1,0,0,0,0,0,0,0,2,1,0,0,1,1,1,1,1,1
1334,0,0,0,0,0,0,1,0,1,0,0,0,1,1,1,1,1,1
1337,1,0,0,0,0,0,0,0,1,0,0,0,1,1,1,1,1,1
1338,1,0,0,0,0,0,0,0,1,0,0,0,1,1,1,1,1,1
1340,1,0,0,0,0,0,0,0,1,0,0,0,1,1,1,1,1,1
1341,1,0,0,0,0,0,0,0,3,1,0,0,1,1,1,1,1,1
1342,0,0,0,0,0,0,1,0,1,0,0,0,1,1,1,1,1,1
1343,1,0,0,0,0,0,0,0,1,0,0,0,1,1,1,1,1,1
1344,1,0,0,0,0,0,0,0,1,0,0,0,1,1,1,1,1,1
1345,1,0,0,0,0,0,0,0,1,0,0,0,1,1,1,1,1,1
1347,1,0,0,0,0,0,0,0,1,0,0,0,1,1,1,1,1,1
1348,1,0,0,0,0,0,0,0,1,0,0,0,1,1,1,1,1,1
1349,0,0,0,0,0,1,0,0,1,0,0,0,1,1,1,1,1,1
1350,1,0,0,0,0,0,0,0,1,0,0,0,1,1,1,1,1,1
1351,0,0,0,0,0,0,0,1,2,1,0,1,1,1,1,1,1,1
1353,1,0,0,0,0,0,0,0,1,0,0,0,1,1,1,1,1,1
1354,0,1,0,0,0,0,0,0,2,1,0,0,1,1,1,1,1,1
1355,1,0,0,0,0,0,0,0,1,0,0,0,1,1,1,1,1,1
1356,1,0,0,0,0,0,0,0,1,0,0,0,1,1,1,1,1,1
1357,0,0,0,0,0,0,0,1,3,1,0,1,1,1,1,1,1,1
1358,1,0,0,0,0,0,0,0,1,0,0,0,1,1,1,0,1,1
1359,0,0,1,0,0,0,0,0,1,0,0,0,1,1,1,1,1,1
1360,1,0,0,0,0,0,0,0,1,0,0,0,1,1,1,1,1,1
1362,0,0,0,0,0,0,0,1,2,1,0,1,1,1,1,1,1,1
1363,1,0,0,0,0,0,0,0,2,1,0,0,1,1,1,1,1,1
1364,0,0,0,0,0,0,1,0,1,0,0,0,1,1,1,1,1,1
1365,0,0,0,0,0,0,0,1,4,1,0,1,1,1,1,1,1,1
1366,0,0,0,0,0,0,1,0,1,0,0,0,1,1,1,1,1,1
1367,0,0,0,0,0,0,1,0,1,0,0,0,1,1,1,1,1,1
1368,0,0,0,0,0,1,0,0,1,0,0,0,1,1,1,1,1,1
1369,1,0,0,0,0,0,0,0,1,0,0,0,1,1,1,1,1,1
1370,1,0,0,0,0,0,0,0,1,0,0,0,1,1,1,1,1,1
1372,0,0,0,0,0,0,0,1,2,1,0,1,1,1,1,1,1,1
1373,1,0,0,0,0,0,0,0,2,1,0,0,1,1,1,1,1,1
1374,0,0,0,0,0,0,0,1,3,1,0,1,1,1,1,1,1,1
1376,0,0,0,0,0,0,1,0,2,1,0,0,1,1,1,1,1,1
1377,0,0,0,0,0,0,0,1,3,1,0,1,1,1,1,1,1,1
1378,0,0,0,0,0,0,1,0,4,1,0,0,1,1,1,1,1,1
1379,1,0,0,0,0,0,0,0,1,0,0,0,1,1,1,1,1,1
1381,0,0,0,0,0,0,0,1,2,1,0,1,1,1,1,1,1,1
1382,0,0,0,0,0,0,1,0,3,1,0,0,1,1,1,1,1,1
1383,0,1,0,0,0,0,0,0,2,1,0,0,1,1,1,1,1,1
1384,0,0,0,0,0,0,1,0,1,0,0,0,1,1,1,1,1,1
1385,0,0,0,0,0,0,1,0,4,1,0,0,1,1,1,1,1,1
1386,1,0,0,0,0,0,0,0,1,0,0,0,1,1,1,1,1,1
1387,0,0,0,0,0,0,1,0,1,0,0,0,1,1,1,1,1,1
1388,0,0,0,0,0,0,1,0,1,0,0,0,1,1,1,1,1,1
1389,1,0,0,0,0,0,0,0,1,0,0,0,1,1,1,1,1,1
1390,0,0,0,0,0,0,1,0,3,1,0,0,1,1,1,1,1,1
1391,0,0,0,0,0,0,0,1,3,1,0,1,1,1,1,1,1,1
1392,0,0,0,0,0,0,1,0,1,0,0,0,1,1,1,1,1,1
1394,1,0,0,0,0,0,0,0,1,0,0,0,1,1,1,1,1,1
1395,0,0,1,0,0,0,0,0,1,0,0,0,1,1,1,1,1,1
1396,0,0,0,0,0,0,1,0,1,0,0,0,1,1,1,1,1,1
1397,0,1,0,0,0,0,0,0,2,1,0,0,1,1,1,1,1,1
1399,0,0,0,0,0,0,0,1,2,1,0,1,1,1,1,1,1,1
1400,0,0,0,0,0,0,1,0,1,0,0,0,1,1,1,1,1,1
1402,0,0,1,0,0,0,0,0,1,0,0,0,1,1,1,1,1,1
1403,0,0,0,0,0,0,1,0,3,1,0,0,1,1,1,1,1,1
1404,1,0,0,0,0,0,0,0,1,0,0,0,1,1,1,1,1,1
1405,1,0,0,0,0,0,0,0,1,0,0,0,1,1,1,0,1,1
1407,0,0,1,0,0,0,0,0,2,1,0,0,1,1,1,1,1,1
1408,0,0,0,0,0,1,0,0,2,1,0,0,1,1,1,1,1,1
1409,0,0,0,0,0,0,0,1,5,1,0,1,1,1,1,1,1,1
1410,1,0,0,0,0,0,0,0,1,0,0,0,1,1,1,1,1,1
1411,1,0,0,0,0,0,0,0,2,1,0,0,1,1,1,1,1,1
1414,0,0,0,0,0,0,0,1,3,1,0,1,1,1,1,1,1,1
1415,0,0,0,0,0,1,0,0,3,1,0,0,1,1,1,1,1,1
1416,0,0,0,0,0,1,0,0,1,0,0,0,1,1,1,1,1,1
1417,0,0,0,0,0,0,1,0,1,0,0,0,1,1,1,1,1,1
1418,0,0,0,0,0,0,0,1,2,1,0,1,1,1,1,1,1,1
1419,0,1,0,0,0,0,0,0,2,1,0,0,1,1,1,1,1,1
1423,0,1,0,0,0,0,0,0,3,1,0,0,1,1,1,1,1,1
1424,0,0,0,0,0,1,0,0,2,1,0,0,1,1,1,1,1,1
1425,0,0,0,0,0,0,1,0,3,1,0,0,1,1,1,1,1,1
1427,0,0,0,0,0,0,1,0,1,0,0,0,1,1,1,1,1,1
1428,0,0,0,0,0,0,1,0,3,1,0,0,1,1,1,1,1,1
1429,1,0,0,0,0,0,0,0,1,0,0,0,1,1,1,1,1,1
1430,1,0,0,0,0,0,0,0,1,0,0,0,1,1,1,1,1,1
1431,0,0,1,0,0,0,0,0,1,0,0,0,1,1,1,1,1,1
1432,1,0,0,0,0,0,0,0,1,0,0,0,1,1,1,1,1,1
1436,0,0,0,0,0,0,1,0,1,0,0,0,1,1,1,1,1,1
1440,0,0,0,0,0,0,1,0,5,1,0,0,1,1,1,1,1,1
1441,0,0,0,0,0,0,0,1,3,1,0,1,1,1,1,1,1,1
1442,0,0,1,0,0,0,0,0,1,0,0,0,1,1,1,1,1,1
1443,0,0,0,0,0,0,0,1,2,1,0,1,1,1,1,1,1,1
1444,0,0,0,0,0,0,0,1,6,1,0,1,1,1,1,1,1,1
1445,0,0,0,0,0,1,0,0,2,1,0,0,1,1,1,1,1,1
1446,1,0,0,0,0,0,0,0,1,0,0,0,1,1,0,0,1,1
1447,0,0,0,0,0,0,0,1,3,1,0,1,1,1,1,1,1,1
1448,0,0,0,0,0,1,0,0,1,0,0,0,1,1,1,1,1,1
1449,0,0,0,0,0,0,1,0,3,1,0,0,1,1,1,1,1,1
1450,0,0,0,0,0,0,0,1,4,1,0,1,1,1,1,1,1,1
1451,0,0,0,0,0,0,1,0,1,0,0,0,1,1,1,1,1,1
1452,0,0,1,0,0,0,0,0,1,0,0,0,1,1,1,1,1,1
1453,0,0,0,0,0,0,1,0,6,1,0,0,1,1,1,1,1,1
1454,0,0,0,0,0,0,1,0,1,0,0,0,1,1,1,1,1,1
1456,0,0,0,0,0,1,0,0,2,1,0,0,1,1,1,1,1,1
1458,1,0,0,0,0,0,0,0,1,0,0,0,1,1,1,1,1,1
1459,0,0,1,0,0,0,0,0,1,0,0,0,1,1,1,1,1,1
1460,0,0,1,0,0,0,0,0,1,0,0,0,1,1,1,1,1,1
1461,0,0,1,0,0,0,0,0,1,0,0,0,1,1,1,1,1,1
1462,0,0,0,0,0,0,1,0,1,0,0,0,1,1,1,1,1,1
1463,0,1,0,0,0,0,0,0,2,1,0,0,1,1,1,1,1,1
1464,0,0,0,0,0,0,1,0,2,1,0,0,1,1,1,1,1,1
1465,0,0,1,0,0,0,0,0,1,0,0,0,1,1,1,1,1,1
1466,1,0,0,0,0,0,0,0,1,0,0,0,1,1,1,1,1,1
1467,1,0,0,0,0,0,0,0,1,0,0,0,1,1,1,1,1,1
1468,0,0,0,0,0,0,0,1,2,1,0,1,1,1,1,1,1,1
1470,0,0,0,0,0,0,1,0,2,1,0,0,1,1,1,1,1,1
1471,1,0,0,0,0,0,0,0,1,0,0,0,1,1,1,1,1,1
1472,1,0,0,0,0,0,0,0,1,0,0,0,1,1,1,1,1,1
1473,0,0,0,0,0,0,0,1,2,1,0,1,1,1,1,1,1,1
1474,0,0,0,0,0,0,1,0,2,1,0,0,1,1,1,1,1,1
1475,1,0,0,0,0,0,0,0,1,0,0,0,1,1,1,1,1,1
1476,0,0,1,0,0,0,0,0,2,1,0,0,1,1,1,1,1,1
1479,0,0,1,0,0,0,0,0,1,0,0,0,1,1,1,1,1,1
1480,0,0,0,0,0,0,1,0,2,1,0,0,1,1,1,1,1,1
1482,1,0,0,0,0,0,0,0,1,0,0,0,1,1,1,1,1,1
1483,0,0,0,0,0,0,0,1,3,1,0,1,1,1,1,1,1,1
1485,1,0,0,0,0,0,0,0,1,0,0,0,1,1,1,1,1,1
1487,0,0,0,0,0,0,1,0,1,0,0,0,1,1,1,1,1,1
1489,0,0,0,0,0,0,1,0,4,1,0,0,1,1,1,1,1,1
1490,1,0,0,0,0,0,0,0,1,0,0,0,1,1,1,1,1,1
1491,0,0,1,0,0,0,0,0,1,0,0,0,1,1,1,1,1,1
1493,1,0,0,0,0,0,0,0,1,0,0,0,1,1,1,1,1,1
1494,0,0,0,0,0,0,1,0,1,0,0,0,1,1,1,1,1,1
1495,1,0,0,0,0,0,0,0,2,1,0,0,1,1,1,1,1,1
1496,0,0,0,0,0,0,1,0,1,0,0,0,1,1,1,1,1,1
1497,1,0,0,0,0,0,0,0,1,0,0,0,1,1,1,1,1,1
1498,0,0,0,0,0,0,1,0,4,1,0,0,1,1,1,1,1,1
1501,0,0,0,0,0,0,1,0,2,1,0,0,1,1,1,1,1,1
1503,1,0,0,0,0,0,0,0,1,0,0,0,1,1,1,1,1,1
1505,1,0,0,0,0,0,0,0,1,0,0,0,1,1,1,1,1,1
1507,1,0,0,0,0,0,0,0,2,1,0,0,1,1,1,1,1,1
1508,1,0,0,0,0,0,0,0,1,0,0,0,1,1,1,1,1,1
1509,0,0,0,0,0,0,1,0,1,0,0,0,1,1,1,1,1,1
1511,0,0,0,0,0,0,1,0,3,1,0,0,1,1,1,1,1,1
1512,0,0,0,0,0,0,1,0,2,1,0,0,1,1,1,1,1,1
1514,0,0,0,0,0,0,1,0,2,1,0,0,1,1,1,1,1,1
1516,1,0,0,0,0,0,0,0,1,0,0,0,1,1,1,1,1,1
1517,1,0,0,0,0,0,0,0,2,1,0,0,1,1,1,1,1,1
1518,0,0,0,0,0,0,0,1,2,1,0,1,1,1,1,1,1,1
1519,0,0,0,0,0,0,1,0,1,0,0,0,1,1,1,1,1,1
1520,1,0,0,0,0,0,0,0,1,0,0,0,1,1,1,1,1,1
1521,0,0,0,0,0,0,1,0,1,0,0,0,1,1,1,1,1,1
1522,0,0,1,0,0,0,0,0,1,0,0,0,1,1,1,1,1,1
1523,0,0,0,0,0,0,1,0,1,0,0,0,1,1,1,1,1,1
1524,0,0,0,0,0,0,0,1,3,1,0,1,1,1,1,1,1,1
1525,0,0,0,0,0,0,1,0,1,0,0,0,1,1,1,1,1,1
1526,0,0,0,0,0,0,1,0,1,0,0,0,1,1,1,1,1,1
1527,1,0,0,0,0,0,0,0,1,0,0,0,1,1,1,1,1,1
1528,0,0,0,0,0,0,1,0,2,1,0,0,1,1,1,1,1,1
1529,0,0,0,0,0,0,1,0,1,0,0,0,1,1,1,1,1,1
1530,1,0,0,0,0,0,0,0,1,0,0,0,1,1,1,1,1,1
1531,0,0,1,0,0,0,0,0,1,0,0,0,1,1,1,1,1,1
1532,0,0,0,0,0,0,0,1,2,1,0,1,1,1,1,1,1,1
1534,0,0,0,0,0,1,0,0,1,0,0,0,1,1,1,1,1,1
1536,0,1,0,0,0,0,0,0,3,1,0,0,1,1,1,1,1,1
1538,1,0,0,0,0,0,0,0,1,0,0,0,1,1,1,1,1,1
1539,1,0,0,0,0,0,0,0,1,0,0,0,1,1,1,1,1,1
1541,0,0,0,0,0,0,0,1,3,1,0,1,1,1,1,1,1,1
1542,0,0,0,0,0,0,0,1,5,1,0,1,1,1,1,1,1,1
1543,0,0,0,0,0,1,0,0,2,1,0,0,1,1,1,1,1,1
1544,0,0,0,1,0,0,0,0,1,0,0,0,1,1,1,1,1,1
1547,0,0,0,1,0,0,0,0,1,0,0,0,1,1,1,1,1,1
1548,0,0,0,1,0,0,0,0,1,0,0,0,1,1,1,1,1,1
1549,0,0,0,1,0,0,0,0,1,0,0,0,1,1,1,1,1,1
1550,0,0,0,0,0,1,0,0,2,1,0,0,1,1,1,1,1,1
1552,0,0,0,1,0,0,0,0,1,0,0,0,1,1,1,1,1,1
1553,0,0,0,1,0,0,0,0,2,1,0,0,1,1,1,1,1,1
1556,0,0,0,1,0,0,0,0,1,0,0,0,1,1,1,1,1,1
1557,0,0,0,1,0,0,0,0,1,0,0,0,1,1,1,1,1,1
1559,0,0,0,1,0,0,0,0,2,1,0,0,1,1,1,1,1,1
1560,0,0,0,1,0,0,0,0,3,1,0,0,1,1,1,1,1,1
1561,0,0,0,0,0,1,0,0,1,0,0,0,1,1,1,1,1,1
1562,0,0,0,1,0,0,0,0,1,0,0,0,1,1,1,1,1,1
1563,0,0,0,1,0,0,0,0,1,0,0,0,1,1,1,1,1,1
1564,0,0,0,1,0,0,0,0,2,1,0,0,1,1,1,1,1,1
1566,0,0,0,1,0,0,0,0,1,0,0,0,1,1,1,1,1,1
1568,0,0,0,1,0,0,0,0,1,0,0,0,1,1,1,1,1,1
1569,0,0,0,0,0,1,0,0,2,1,0,0,1,1,1,1,1,1
1571,0,0,0,1,0,0,0,0,3,1,0,0,1,1,1,1,1,1
1572,0,0,0,1,0,0,0,0,1,0,0,0,1,1,1,1,1,1
1573,0,0,0,1,0,0,0,0,3,1,0,0,1,1,1,1,1,1
1574,0,0,0,0,0,1,0,0,1,0,0,0,1,1,1,1,1,1
1575,0,0,0,1,0,0,0,0,1,0,0,0,1,1,1,1,1,1
1576,0,0,0,0,0,1,0,0,2,1,0,0,1,1,1,1,1,1
1577,0,0,0,1,0,0,0,0,1,0,0,0,1,1,1,1,1,1
1578,0,0,0,1,0,0,0,0,2,1,0,0,1,1,1,1,1,1
1579,0,0,0,1,0,0,0,0,1,0,0,0,1,1,1,1,1,1
1580,0,0,0,1,0,0,0,0,3,1,0,0,1,1,1,1,1,1
1582,0,0,0,1,0,0,0,0,2,1,0,0,1,1,1,1,1,1
1583,0,0,0,1,0,0,0,0,1,0,0,0,1,1,1,1,1,1
1584,0,0,0,1,0,0,0,0,2,1,0,0,1,1,1,1,1,1
1585,0,0,0,1,0,0,0,0,1,0,0,0,1,1,1,1,1,1
1586,0,0,0,1,0,0,0,0,1,0,0,0,1,1,1,1,1,1
1588,0,0,0,1,0,0,0,0,1,0,0,0,1,1,1,1,1,1
1589,0,0,0,1,0,0,0,0,3,1,0,0,1,1,1,1,1,1
1590,0,0,0,0,0,1,0,0,1,0,0,0,1,1,1,1,1,1
1591,0,0,0,1,0,0,0,0,1,0,0,0,1,1,1,1,1,1
1592,0,0,0,1,0,0,0,0,1,0,0,0,1,1,1,1,1,1
1593,0,0,0,0,0,1,0,0,1,0,0,0,1,1,1,1,1,1
1594,0,0,0,1,0,0,0,0,1,0,0,0,1,1,1,1,1,1
1595,0,0,0,1,0,0,0,0,1,0,0,0,1,1,1,1,1,1
1597,0,0,0,1,0,0,0,0,1,0,0,0,1,1,1,1,1,1
1598,0,0,0,0,0,1,0,0,1,0,0,0,1,1,1,1,1,1
1599,0,0,0,1,0,0,0,0,3,1,0,0,1,1,1,1,1,1
1601,0,0,0,1,0,0,0,0,2,1,0,0,1,1,1,1,1,1
1602,0,0,0,1,0,0,0,0,3,1,0,0,1,1,1,1,1,1
1603,0,0,0,0,0,1,0,0,1,0,0,0,1,1,1,1,1,1
1604,0,0,0,1,0,0,0,0,1,0,0,0,1,1,1,1,1,1
1605,0,0,0,1,0,0,0,0,2,1,0,0,1,1,1,1,1,1
1606,0,0,0,1,0,0,0,0,1,0,0,0,1,1,1,1,1,1
1607,0,0,0,1,0,0,0,0,2,1,0,0,1,1,1,1,1,1
1608,0,0,0,1,0,0,0,0,3,1,0,0,1,1,1,1,1,1
1609,0,0,0,1,0,0,0,0,2,1,0,0,1,1,1,1,1,1
1610,0,0,1,0,0,0,0,0,1,0,0,0,1,1,1,1,1,1
1611,1,0,0,0,0,0,0,0,1,0,0,0,1,1,1,0,1,1
1614,0,0,0,0,0,1,0,0,1,0,0,0,1,1,1,1,1,1
1615,0,0,0,0,1,0,0,0,2,1,0,0,1,1,1,1,1,1
1616,0,0,0,0,0,1,0,0,2,1,0,0,1,1,1,1,1,1
1617,0,0,0,0,0,1,0,0,2,1,0,0,1,1,1,1,1,1
1620,0,0,0,0,0,1,0,0,1,0,0,0,1,1,1,1,1,1
1621,0,0,0,0,0,1,0,0,1,0,0,0,1,1,1,1,1,1
1622,0,0,0,0,0,1,0,0,3,1,0,0,1,1,1,1,1,1
1623,0,0,0,0,0,1,0,0,1,0,0,0,1,1,1,1,1,1
1625,0,0,0,0,0,1,0,0,3,1,0,0,1,1,1,1,1,1
1626,0,0,0,0,0,1,0,0,1,0,0,0,1,1,1,1,1,1
1628,0,0,0,0,0,1,0,0,4,1,0,0,1,1,1,1,1,1
1629,0,0,0,0,0,1,0,0,2,1,0,0,1,1,1,1,1,1
1630,0,0,0,0,1,0,0,0,4,1,0,0,1,1,1,1,1,1
1632,0,0,0,0,0,1,0,0,1,0,0,0,1,1,1,1,1,1
1634,0,0,0,0,1,0,0,0,3,1,0,0,1,1,1,1,1,1
1636,0,0,0,0,0,1,0,0,3,1,0,0,1,1,1,1,1,1
1637,0,0,0,0,0,1,0,0,1,0,0,0,1,1,1,1,1,1
1638,0,0,0,0,0,1,0,0,1,0,0,0,1,1,1,1,1,1
1639,0,0,0,0,0,1,0,0,1,0,0,0,1,1,1,1,1,1
1640,0,0,0,0,0,1,0,0,1,0,0,0,1,1,1,1,1,1
1641,0,0,0,0,0,1,0,0,1,0,0,0,1,1,1,1,1,1
1642,0,0,0,0,0,1,0,0,1,0,0,0,1,1,1,1,1,1
1643,0,0,0,0,0,1,0,0,1,0,0,0,1,1,1,1,1,1
1645,0,0,0,0,0,1,0,0,1,0,0,0,1,1,1,1,1,1
1646,0,0,0,0,0,1,0,0,2,1,0,0,1,1,1,1,1,1
1647,0,0,0,0,0,1,0,0,1,0,0,0,1,1,1,1,1,1
1649,0,0,0,0,0,1,0,0,1,0,0,0,1,1,1,1,1,1
1650,0,0,0,0,0,1,0,0,1,0,0,0,1,1,1,1,1,1
1651,0,0,0,0,0,1,0,0,1,0,0,0,1,1,1,1,1,1
1652,0,0,0,0,0,1,0,0,1,0,0,0,1,1,1,1,1,1
1653,0,0,0,0,0,1,0,0,1,0,0,0,1,1,1,1,1,1
1654,0,0,0,0,0,1,0,0,1,0,0,0,1,1,1,1,1,1
1655,0,0,0,0,0,1,0,0,1,0,0,0,1,1,1,1,1,1
1656,0,1,0,0,0,0,0,0,2,1,0,0,1,1,1,1,1,1
1657,1,0,0,0,0,0,0,0,1,0,0,0,1,1,1,1,1,1
1660,1,0,0,0,0,0,0,0,2,1,0,0,1,1,1,1,1,1
1661,1,0,0,0,0,0,0,0,2,1,0,0,1,1,1,1,1,1
1662,0,0,0,0,0,0,0,1,2,1,0,1,1,1,1,1,1,1
1663,0,0,1,0,0,0,0,0,1,0,0,0,1,1,1,1,1,1
1664,0,1,0,0,0,0,0,0,2,1,0,0,1,1,1,1,1,1
1665,0,0,0,0,0,1,0,0,1,0,0,0,1,1,1,1,1,1
1668,0,1,0,0,0,0,0,0,4,1,0,0,1,1,1,1,1,1
1669,1,0,0,0,0,0,0,0,1,0,0,0,1,1,1,1,1,1
1671,0,1,0,0,0,0,0,0,2,1,0,0,1,1,1,1,1,1
1672,1,0,0,0,0,0,0,0,1,0,0,0,1,1,1,1,1,1
1673,0,0,0,0,0,0,1,0,1,0,0,0,1,1,1,1,1,1
1674,1,0,0,0,0,0,0,0,1,0,0,0,1,1,1,1,1,1
1675,1,0,0,0,0,0,0,0,2,1,0,0,1,1,1,1,1,1
1676,0,0,0,0,0,0,1,0,2,1,0,0,1,1,1,1,1,1
1677,0,0,0,0,0,0,1,0,1,0,0,0,1,1,1,1,1,1
1678,0,0,1,0,0,0,0,0,1,0,0,0,1,1,1,1,1,1
1679,1,0,0,0,0,0,0,0,1,0,0,0,1,1,1,1,1,1
1680,0,0,1,0,0,0,0,0,2,1,0,0,1,1,1,1,1,1
1681,0,0,1,0,0,0,0,0,1,0,0,0,1,1,1,1,1,1
1682,1,0,0,0,0,0,0,0,2,1,0,0,1,1,1,1,1,1
1683,0,0,1,0,0,0,0,0,1,0,0,0,1,1,1,1,1,1
1684,0,1,0,0,0,0,0,0,2,1,0,0,1,1,1,1,1,1
1686,1,0,0,0,0,0,0,0,1,0,0,0,1,1,1,1,1,1
1687,0,0,1,0,0,0,0,0,1,0,0,0,1,1,1,1,1,1
1688,0,0,0,0,0,0,1,0,1,0,0,0,1,1,1,1,1,1
1689,0,0,1,0,0,0,0,0,1,0,0,0,1,1,1,1,1,1
1690,1,0,0,0,0,0,0,0,1,0,0,0,1,1,1,1,1,1
1691,1,0,0,0,0,0,0,0,1,0,0,0,1,1,1,1,1,1
1692,1,0,0,0,0,0,0,0,2,1,0,0,1,1,1,1,1,1
1693,0,0,0,0,0,0,0,1,2,1,0,1,1,1,1,1,1,1
1694,0,0,0,0,0,0,1,0,1,0,0,0,1,1,1,1,1,1
1696,1,0,0,0,0,0,0,0,1,0,0,0,1,1,1,1,1,1
1697,0,0,0,0,0,0,1,0,1,0,0,0,1,1,1,1,1,1
1698,0,0,1,0,0,0,0,0,2,1,0,0,1,1,1,1,1,1
1699,0,0,0,0,0,1,0,0,3,1,0,0,1,1,1,1,1,1
1700,0,0,0,0,0,1,0,0,1,0,0,0,1,1,1,1,1,1
1701,0,0,0,0,0,0,1,0,2,1,0,0,1,1,1,1,1,1
1702,0,0,0,0,0,0,0,1,2,1,0,1,1,1,1,1,1,1
1704,0,0,0,0,0,0,1,0,2,1,0,0,1,1,1,1,1,1
1705,0,0,1,0,0,0,0,0,2,1,0,0,1,1,1,1,1,1
1706,0,0,0,0,0,0,1,0,1,0,0,0,1,1,1,1,1,1
1707,0,0,0,0,0,0,0,1,2,1,0,1,1,1,1,1,1,1
1708,0,0,0,0,0,0,1,0,3,1,0,0,1,1,1,1,1,1
1709,0,0,0,0,0,0,1,0,1,0,0,0,1,1,1,1,1,1
1710,0,0,0,0,0,0,0,1,6,1,0,1,1,1,1,1,1,1
1711,0,0,1,0,0,0,0,0,1,0,0,0,1,1,1,1,1,1
1712,0,1,0,0,0,0,0,0,2,1,0,0,1,1,1,1,1,1
1713,0,0,1,0,0,0,0,0,1,0,0,0,1,1,1,1,1,1
1714,0,0,0,0,0,0,0,1,2,1,0,1,1,1,1,1,1,1
1715,0,0,0,0,0,0,1,0,1,0,0,0,1,1,1,1,1,1
1716,1,0,0,0,0,0,0,0,1,0,0,0,1,1,1,1,1,1
1717,1,0,0,0,0,0,0,0,1,0,0,0,1,1,1,1,1,1
1718,1,0,0,0,0,0,0,0,1,0,0,0,1,1,1,1,1,1
1720,1,0,0,0,0,0,0,0,1,0,0,0,1,1,1,1,1,1
1722,0,0,0,0,0,0,0,1,4,1,0,1,1,1,1,1,1,1
1723,0,0,1,0,0,0,0,0,1,0,0,0,1,1,1,1,1,1
1724,1,0,0,0,0,0,0,0,2,1,0,0,1,1,1,1,1,1
1725,1,0,0,0,0,0,0,0,1,0,0,0,1,1,1,1,1,1
1726,1,0,0,0,0,0,0,0,1,0,0,0,1,1,1,1,1,1
1728,0,0,1,0,0,0,0,0,1,0,0,0,1,1,1,1,1,1
1730,0,0,1,0,0,0,0,0,1,0,0,0,1,1,1,1,1,1
1732,0,0,0,0,0,0,0,1,2,1,0,1,1,1,1,1,1,1
1733,1,0,0,0,0,0,0,0,1,0,0,0,1,1,0,0,1,1
1734,0,0,0,0,0,0,1,0,1,0,0,0,1,1,0,0,1,1
1735,1,0,0,0,0,0,0,0,1,0,0,0,1,1,0,0,1,1
1736,1,0,0,0,0,0,0,0,1,0,0,0,1,1,0,0,1,1
1737,1,0,0,0,0,0,0,0,1,0,0,0,1,1,0,0,1,1
1738,1,0,0,0,0,0,0,0,1,0,0,0,1,1,0,0,1,1
1740,1,0,0,0,0,0,0,0,1,0,0,0,1,1,0,0,1,1
1741,1,0,0,0,0,0,0,0,1,0,0,0,1,1,0,0,1,1
1743,1,0,0,0,0,0,0,0,1,0,0,0,1,1,0,0,1,1
1744,1,0,0,0,0,0,0,0,1,0,0,0,1,1,0,0,1,1
1747,1,0,0,0,0,0,0,0,1,0,0,0,1,1,0,0,1,1
1748,1,0,0,0,0,0,0,0,1,0,0,0,1,1,0,0,1,1
1749,0,0,0,0,0,0,0,1,2,1,0,1,1,1,1,1,1,1
1750,0,0,0,0,0,1,0,0,1,0,0,0,1,1,1,1,1,1
1751,0,0,0,0,0,0,0,1,2,1,0,1,1,1,1,1,1,1
1752,0,0,0,0,0,0,0,1,3,1,0,1,1,1,1,1,1,1
1753,0,0,0,0,0,1,0,0,1,0,0,0,1,1,1,1,1,1
1754,0,0,0,0,0,0,1,0,1,0,0,0,1,1,1,1,1,1
1755,1,0,0,0,0,0,0,0,2,1,0,0,1,1,1,1,1,1
1758,0,0,0,0,0,0,1,0,3,1,0,0,1,1,1,1,1,1
1759,0,0,1,0,0,0,0,0,1,0,0,0,1,1,1,1,1,1
1760,0,0,0,0,0,0,0,1,3,1,0,1,1,1,1,1,1,1
1762,1,0,0,0,0,0,0,0,1,0,0,0,1,1,1,1,1,1
1763,1,0,0,0,0,0,0,0,1,0,0,0,1,1,1,1,1,1
1764,1,0,0,0,0,0,0,0,2,1,0,0,1,1,1,1,1,1
1765,1,0,0,0,0,0,0,0,1,0,0,0,1,1,1,1,1,1
1767,0,0,1,0,0,0,0,0,1,0,0,0,1,1,1,1,1,1
1768,0,0,1,0,0,0,0,0,1,0,0,0,1,1,1,1,1,1
1769,1,0,0,0,0,0,0,0,1,0,0,0,1,1,1,1,1,1
1770,1,0,0,0,0,0,0,0,1,0,0,0,1,1,1,1,1,1
1771,0,0,0,0,0,0,1,0,1,0,0,0,1,1,1,1,1,1
1772,0,0,0,0,0,0,1,0,1,0,0,0,1,1,1,1,1,1
1773,0,0,0,0,0,0,1,0,1,0,0,0,1,1,1,1,1,1
1775,1,0,0,0,0,0,0,0,1,0,0,0,1,1,1,1,1,1
1776,1,0,0,0,0,0,0,0,1,0,0,0,1,1,1,1,1,1
1777,1,0,0,0,0,0,0,0,1,0,0,0,1,1,1,1,1,1
1778,0,0,0,0,0,0,1,0,1,0,0,0,1,1,1,1,1,1
1779,0,0,1,0,0,0,0,0,1,0,0,0,1,1,1,1,1,1
1780,0,0,0,0,0,0,1,0,1,0,0,0,1,1,1,1,1,1
1782,0,0,0,0,0,0,0,1,3,1,0,1,1,1,1,1,1,1
1784,0,0,0,0,0,0,1,0,1,0,0,0,1,1,1,1,1,1
1785,0,0,0,0,0,0,1,0,1,0,0,0,1,1,1,1,1,1
1786,0,1,0,0,0,0,0,0,3,1,0,0,1,1,1,1,1,1
1788,1,0,0,0,0,0,0,0,2,1,0,0,1,1,1,1,1,1
1791,0,0,1,0,0,0,0,0,1,0,0,0,1,1,1,1,1,1
1792,0,1,0,0,0,0,0,0,2,1,0,0,1,1,1,1,1,1
1793,1,0,0,0,0,0,0,0,1,0,0,0,1,1,1,1,1,1
1794,1,0,0,0,0,0,0,0,2,1,0,0,1,1,1,1,1,1
1795,0,0,0,0,0,0,1,0,1,0,0,0,1,1,1,1,1,1
1796,0,0,0,0,0,1,0,0,1,0,0,0,1,1,1,1,1,1
1797,1,0,0,0,0,0,0,0,1,0,0,0,1,1,1,1,1,1
1798,0,0,0,0,0,0,1,0,1,0,0,0,1,1,1,1,1,1
1799,1,0,0,0,0,0,0,0,1,0,0,0,1,1,1,1,1,1
1800,1,0,0,0,0,0,0,0,2,1,0,0,1,1,1,1,1,1
1801,0,0,0,0,0,0,1,0,2,1,0,0,1,1,1,1,1,1
1802,0,0,0,0,0,0,1,0,2,1,0,0,1,1,1,1,1,1
1803,1,0,0,0,0,0,0,0,1,0,0,0,1,1,1,1,1,1
1804,1,0,0,0,0,0,0,0,2,1,0,0,1,1,1,1,1,1
1805,0,0,0,0,0,0,0,1,2,1,0,1,1,1,1,1,1,1
1806,1,0,0,0,0,0,0,0,1,0,0,0,1,1,1,1,1,1
1807,0,1,0,0,0,0,0,0,3,1,0,0,1,1,1,1,1,1
1808,0,1,0,0,0,0,0,0,3,1,0,0,1,1,1,1,1,1
1809,0,0,0,0,0,0,1,0,3,1,0,0,1,1,1,1,1,1
1810,1,0,0,0,0,0,0,0,1,0,0,0,1,1,1,1,1,1
1811,1,0,0,0,0,0,0,0,1,0,0,0,1,1,1,1,1,1
1812,0,0,0,0,0,0,0,1,2,1,0,1,1,1,1,1,1,1
1813,0,0,0,0,0,0,1,0,1,0,0,0,1,1,1,1,1,1
1815,1,0,0,0,0,0,0,0,1,0,0,0,1,1,1,1,1,1
1817,1,0,0,0,0,0,0,0,1,0,0,0,1,1,1,1,1,1
1820,0,0,0,0,0,0,1,0,1,0,0,0,1,1,1,1,1,1
1822,1,0,0,0,0,0,0,0,1,0,0,0,1,1,1,1,1,1
1824,1,0,0,0,0,0,0,0,1,0,0,0,1,1,1,1,1,1
1825,1,0,0,0,0,0,0,0,1,0,0,0,1,1,1,1,1,1
1826,1,0,0,0,0,0,0,0,1,0,0,0,1,1,1,1,1,1
1827,0,0,0,0,0,0,0,1,2,1,0,1,1,1,1,1,1,1
1828,0,0,0,0,0,0,1,0,1,0,0,0,1,1,1,1,1,1
1829,0,0,0,0,0,0,1,0,1,0,0,0,1,1,1,1,1,1
1830,0,0,0,0,0,0,1,0,3,1,0,0,1,1,1,1,1,1
1831,1,0,0,0,0,0,0,0,1,0,0,0,1,1,1,1,1,1
1833,1,0,0,0,0,0,0,0,1,0,0,0,1,1,1,1,1,1
1834,0,0,1,0,0,0,0,0,1,0,0,0,1,1,1,1,1,1
1835,0,0,1,0,0,0,0,0,1,0,0,0,1,1,1,1,1,1
1836,1,0,0,0,0,0,0,0,1,0,0,0,1,1,1,1,1,1
1837,0,0,0,0,0,0,1,0,1,0,0,0,1,1,1,1,1,1
1838,1,0,0,0,0,0,0,0,1,0,0,0,1,1,1,1,1,1
1839,0,0,0,0,0,1,0,0,2,1,0,0,1,1,1,1,1,1
1842,0,0,0,0,0,0,1,0,1,0,0,0,1,1,1,1,1,1
1843,1,0,0,0,0,0,0,0,1,0,0,0,1,1,1,1,1,1
1844,0,0,1,0,0,0,0,0,1,0,0,0,1,1,1,1,1,1
1845,1,0,0,0,0,0,0,0,1,0,0,0,1,1,1,1,1,1
1846,1,0,0,0,0,0,0,0,1,0,0,0,1,1,1,1,1,1
1847,0,0,0,0,0,0,1,0,2,1,0,0,1,1,1,1,1,1
1848,0,0,1,0,0,0,0,0,1,0,0,0,1,1,1,1,1,1
1849,0,0,0,0,0,0,1,0,1,0,0,0,1,1,1,1,1,1
1851,1,0,0,0,0,0,0,0,2,1,0,0,1,1,1,1,1,1
1852,1,0,0,0,0,0,0,0,1,0,0,0,1,1,1,1,1,1
1853,0,1,0,0,0,0,0,0,2,1,0,0,1,1,1,1,1,1
1854,0,0,0,0,0,0,0,1,2,1,0,1,1,1,1,1,1,1
1855,0,0,0,0,0,0,1,0,1,0,0,0,1,1,1,1,1,1
1856,0,0,0,0,0,0,1,0,1,0,0,0,1,1,1,1,1,1
1857,0,0,1,0,0,0,0,0,2,1,0,0,1,1,1,1,1,1
1858,1,0,0,0,0,0,0,0,1,0,0,0,1,1,1,1,1,1
1859,0,0,1,0,0,0,0,0,1,0,0,0,1,1,1,1,1,1
1860,1,0,0,0,0,0,0,0,1,0,0,0,1,1,1,1,1,1
1861,0,0,0,0,0,0,1,0,1,0,0,0,1,1,1,1,1,1
1862,0,0,0,0,0,1,0,0,1,0,0,0,1,1,1,1,1,1
1863,1,0,0,0,0,0,0,0,1,0,0,0,1,1,1,1,1,1
1864,0,0,0,0,0,0,1,0,3,1,0,0,1,1,1,1,1,1
1866,1,0,0,0,0,0,0,0,1,0,0,0,1,1,1,1,1,1
1867,0,1,0,0,0,0,0,0,4,1,0,0,1,1,1,1,1,1
1869,1,0,0,0,0,0,0,0,1,0,0,0,1,1,1,1,1,1
1871,0,0,1,0,0,0,0,0,1,0,0,0,1,1,1,1,1,1
1872,1,0,0,0,0,0,0,0,1,0,0,0,1,1,1,1,1,1
1874,0,0,1,0,0,0,0,0,1,0,0,0,1,1,1,1,1,1
1876,1,0,0,0,0,0,0,0,1,0,0,0,1,1,1,1,1,1
1877,1,0,0,0,0,0,0,0,1,0,0,0,1,1,1,1,1,1
1878,1,0,0,0,0,0,0,0,1,0,0,0,1,1,1,1,1,1
1881,1,0,0,0,0,0,0,0,1,0,0,0,1,1,1,1,1,1
1882,0,0,0,0,0,0,1,0,2,1,0,0,1,1,1,1,1,1
1883,0,0,0,0,0,0,1,0,4,1,0,0,1,1,1,1,1,1
1884,0,0,0,0,0,0,0,1,2,1,0,1,1,1,1,1,1,1
1885,0,0,1,0,0,0,0,0,1,0,0,0,1,1,1,1,1,1
1886,1,0,0,0,0,0,0,0,1,0,0,0,1,1,1,1,1,1
1888,0,0,0,0,0,0,0,1,2,1,0,1,1,1,1,1,1,1
1889,1,0,0,0,0,0,0,0,2,1,0,0,1,1,1,1,1,1
1890,1,0,0,0,0,0,0,0,2,1,0,0,1,1,1,1,1,1
1893,1,0,0,0,0,0,0,0,1,0,0,0,1,1,1,1,1,1
1895,0,0,0,0,0,0,1,0,1,0,0,0,1,1,1,1,1,1
1896,1,0,0,0,0,0,0,0,1,0,0,0,1,1,1,1,1,1
1897,0,0,1,0,0,0,0,0,1,0,0,0,1,1,1,1,1,1
1899,1,0,0,0,0,0,0,0,1,0,0,0,1,1,1,1,1,1
1900,0,0,0,0,0,0,0,1,4,1,0,1,1,1,1,1,1,1
1901,1,0,0,0,0,0,0,0,1,0,0,0,1,1,1,1,1,1
1902,1,0,0,0,0,0,0,0,1,0,0,0,1,1,1,1,1,1
1903,1,0,0,0,0,0,0,0,1,0,0,0,1,1,1,1,1,1
1904,0,0,0,0,0,0,1,0,1,0,0,0,1,1,1,1,1,1
1905,1,0,0,0,0,0,0,0,1,0,0,0,1,1,1,1,1,1
1906,1,0,0,0,0,0,0,0,1,0,0,0,1,1,1,1,1,1
1907,1,0,0,0,0,0,0,0,1,0,0,0,1,1,1,1,1,1
1909,1,0,0,0,0,0,0,0,1,0,0,0,1,1,1,1,1,1
1910,1,0,0,0,0,0,0,0,1,0,0,0,1,1,1,1,1,1
1911,1,0,0,0,0,0,0,0,1,0,0,0,1,1,0,0,1,1
1912,0,0,1,0,0,0,0,0,1,0,0,0,1,1,1,1,1,1
1913,0,0,0,0,0,0,0,1,2,1,0,1,1,1,1,1,1,1
1914,0,0,0,0,0,0,1,0,1,0,0,0,1,1,1,1,1,1
1915,0,0,0,0,0,0,1,0,1,0,0,0,1,1,1,1,1,1
1916,0,0,0,0,0,0,1,0,1,0,0,0,1,1,1,1,1,1
1917,0,0,0,0,0,0,1,0,1,0,0,0,1,1,1,1,1,1
1918,0,0,0,0,0,0,1,0,1,0,0,0,1,1,1,1,1,1
1919,0,0,0,0,0,0,1,0,1,0,0,0,1,1,1,1,1,1
1920,0,0,0,0,0,0,1,0,1,0,0,0,1,1,1,1,1,1
1921,0,0,0,0,0,0,1,0,1,0,0,0,1,1,1,1,1,1
1922,0,0,0,0,0,0,1,0,1,0,0,0,1,1,1,1,1,1
1923,0,0,0,0,0,0,1,0,1,0,0,0,1,1,1,1,1,1
1924,0,0,0,0,0,0,0,1,2,1,0,1,1,1,1,1,1,1
1925,0,0,0,0,0,0,0,1,2,1,0,1,1,1,1,1,1,1
1926,0,0,0,0,0,0,1,0,1,0,0,0,1,1,1,1,1,1
1928,0,0,0,0,0,0,1,0,1,0,0,0,1,1,1,1,1,1
1929,0,0,0,0,0,0,1,0,1,0,0,0,1,1,1,1,1,1
1930,0,0,0,0,0,0,1,0,1,0,0,0,1,1,1,1,1,1
1931,0,0,0,0,0,0,1,0,1,0,0,0,1,1,1,1,1,1
1932,0,0,0,0,0,0,1,0,5,1,0,0,1,1,1,1,1,1
1933,0,0,0,0,0,0,1,0,2,1,0,0,1,1,1,1,1,1
1934,0,0,0,0,0,0,0,1,2,1,0,1,1,1,1,1,1,1
1936,0,0,0,0,0,0,0,1,2,1,0,1,1,1,1,1,1,1
1937,0,0,0,0,0,0,0,1,2,1,0,1,1,1,1,1,1,1
1939,0,1,0,0,0,0,0,0,5,1,0,0,1,1,1,1,1,1
1940,0,0,0,0,0,1,0,0,3,1,0,0,1,1,1,1,1,1
1941,0,0,0,0,0,0,1,0,2,1,0,0,1,1,1,1,1,1
1944,1,0,0,0,0,0,0,0,1,0,0,0,1,1,1,1,1,1
1945,0,1,0,0,0,0,0,0,3,1,0,0,1,1,1,1,1,1
1947,1,0,0,0,0,0,0,0,1,0,0,0,1,1,1,1,1,1
1948,1,0,0,0,0,0,0,0,1,0,0,0,1,1,1,1,1,1
1949,1,0,0,0,0,0,0,0,1,0,0,0,1,1,1,1,1,1
1950,0,0,0,0,0,0,1,0,2,1,0,0,1,1,1,1,1,1
1951,1,0,0,0,0,0,0,0,2,1,0,0,1,1,1,1,1,1
1952,0,0,0,0,0,0,0,1,2,1,0,1,1,1,1,1,1,1
1953,1,0,0,0,0,0,0,0,2,1,0,0,1,1,1,1,1,1
1954,0,0,0,0,0,0,0,1,2,1,0,1,1,1,1,1,1,1
1955,1,0,0,0,0,0,0,0,1,0,0,0,1,1,1,1,1,1
1956,0,0,1,0,0,0,0,0,1,0,0,0,1,1,1,1,1,1
1957,0,0,1,0,0,0,0,0,1,0,0,0,1,1,1,1,1,1
1959,0,0,0,0,0,1,0,0,1,0,0,0,1,1,1,1,1,1
1960,0,0,1,0,0,0,0,0,1,0,0,0,1,1,1,1,1,1
1961,0,1,0,0,0,0,0,0,2,1,0,0,1,1,1,1,1,1
1962,0,0,0,0,0,0,1,0,1,0,0,0,1,1,1,1,1,1
1963,1,0,0,0,0,0,0,0,2,1,0,0,1,1,1,1,1,1
1964,0,0,0,0,0,0,0,1,2,1,0,1,1,1,1,1,1,1
1966,0,0,1,0,0,0,0,0,1,0,0,0,1,1,1,1,1,1
1968,1,0,0,0,0,0,0,0,1,0,0,0,1,1,1,1,1,1
1969,0,0,0,0,0,0,1,0,2,1,0,0,1,1,1,1,1,1
1970,1,0,0,0,0,0,0,0,1,0,0,0,1,1,1,1,1,1
1971,1,0,0,0,0,0,0,0,1,0,0,0,1,1,1,1,1,1
1973,0,0,0,0,0,1,0,0,2,1,0,0,1,1,1,1,1,1
1974,0,0,0,0,0,0,1,0,1,0,0,0,1,1,1,1,1,1
1975,0,0,0,0,0,0,1,0,1,0,0,0,1,1,1,1,1,1
1976,1,0,0,0,0,0,0,0,1,0,0,0,1,1,1,1,1,1
1977,1,0,0,0,0,0,0,0,1,0,0,0,1,1,1,1,1,1
1978,0,0,0,0,0,0,1,0,1,0,0,0,1,1,1,1,1,1
1980,0,0,0,0,0,0,1,0,1,0,0,0,1,1,1,1,1,1
1981,0,0,1,0,0,0,0,0,1,0,0,0,1,1,1,1,1,1
1982,1,0,0,0,0,0,0,0,1,0,0,0,1,1,1,1,1,1
1983,0,0,1,0,0,0,0,0,1,0,0,0,1,1,1,1,1,1
1984,1,0,0,0,0,0,0,0,1,0,0,0,1,1,1,1,1,1
1985,0,0,0,0,0,0,1,0,1,0,0,0,1,1,1,1,1,1
1986,1,0,0,0,0,0,0,0,1,0,0,0,1,1,1,1,1,1
1987,0,0,0,0,0,0,1,0,1,0,0,0,1,1,1,1,1,1
1988,1,0,0,0,0,0,0,0,2,1,0,0,1,1,1,1,1,1
1990,0,0,0,0,0,0,1,0,2,1,0,0,1,1,1,1,1,1
1991,1,0,0,0,0,0,0,0,1,0,0,0,1,1,1,1,1,1
1992,0,0,0,0,0,0,1,0,1,0,0,0,1,1,1,1,1,1
1993,0,0,1,0,0,0,0,0,1,0,0,0,1,1,1,1,1,1
1994,1,0,0,0,0,0,0,0,1,0,0,0,1,1,1,1,1,1
1995,0,0,1,0,0,0,0,0,1,0,0,0,1,1,1,1,1,1
1996,0,0,0,0,0,0,1,0,3,1,0,0,1,1,1,1,1,1
1997,0,0,0,0,0,0,1,0,2,1,0,0,1,1,1,1,1,1
1998,0,0,0,0,0,0,1,0,2,1,0,0,1,1,1,1,1,1
1999,1,0,0,0,0,0,0,0,1,0,0,0,1,1,1,1,1,1
2000,1,0,0,0,0,0,0,0,1,0,0,0,1,1,1,1,1,1
2001,0,0,1,0,0,0,0,0,1,0,0,0,1,1,1,1,1,1
2002,0,0,0,0,0,0,1,0,1,0,0,0,1,1,1,1,1,1
2003,0,0,0,0,0,0,1,0,1,0,0,0,1,1,1,1,1,1
2004,0,0,0,0,0,0,0,1,2,1,0,1,1,1,1,1,1,1
2007,0,0,0,0,0,0,1,0,1,0,0,0,1,1,1,1,1,1
2008,0,0,1,0,0,0,0,0,1,0,0,0,1,1,1,1,1,1
2009,0,0,0,0,0,0,1,0,1,0,0,0,1,1,1,1,1,1
2010,0,1,0,0,0,0,0,0,3,1,0,0,1,1,1,1,1,1
2011,0,0,0,0,0,0,0,1,2,1,0,1,1,1,1,1,1,1
2012,1,0,0,0,0,0,0,0,1,0,0,0,1,1,1,1,1,1
2013,0,0,1,0,0,0,0,0,1,0,0,0,1,1,1,1,1,1
2014,0,0,0,0,0,0,1,0,1,0,0,0,1,1,1,1,1,1
2015,1,0,0,0,0,0,0,0,1,0,0,0,1,1,1,1,1,1
2016,0,0,0,0,0,0,1,0,2,1,0,0,1,1,1,1,1,1
2017,0,0,0,0,0,0,1,0,1,0,0,0,1,1,1,1,1,1
2018,1,0,0,0,0,0,0,0,1,0,0,0,1,1,1,1,1,1
2020,0,0,0,0,0,0,1,0,1,0,0,0,1,1,1,1,1,1
2021,1,0,0,0,0,0,0,0,1,0,0,0,1,1,1,1,1,1
2022,0,0,0,0,0,0,1,0,1,0,0,0,1,1,1,1,1,1
2023,0,1,0,0,0,0,0,0,2,1,0,0,1,1,1,1,1,1
2024,0,0,1,0,0,0,0,0,1,0,0,0,1,1,1,1,1,1
2027,0,0,1,0,0,0,0,0,1,0,0,0,1,1,1,1,1,1
2028,0,0,0,0,0,0,1,0,1,0,0,0,1,1,1,1,1,1
2029,1,0,0,0,0,0,0,0,1,0,0,0,1,1,1,1,1,1
2030,0,0,0,0,0,0,1,0,1,0,0,0,1,1,1,1,1,1
2031,0,0,0,0,0,0,1,0,1,0,0,0,1,1,1,1,1,1
2033,1,0,0,0,0,0,0,0,2,1,0,0,1,1,1,1,1,1
2034,0,0,0,0,0,0,1,0,1,0,0,0,1,1,1,1,1,1
2035,0,0,0,0,0,0,0,1,4,1,0,1,1,1,1,1,1,1
2036,0,0,0,0,0,0,1,0,1,0,0,0,1,1,1,1,1,1
2037,0,0,0,0,0,0,0,1,2,1,0,1,1,1,1,1,1,1
2038,0,0,0,0,0,0,1,0,1,0,0,0,1,1,1,1,1,1
2039,1,0,0,0,0,0,0,0,2,1,0,0,1,1,1,1,1,1
2040,0,0,0,0,0,1,0,0,1,0,0,0,1,1,1,1,1,1
2041,0,0,1,0,0,0,0,0,2,1,0,0,1,1,1,1,1,1
2042,1,0,0,0,0,0,0,0,1,0,0,0,1,1,1,1,1,1
2043,0,0,0,0,0,0,1,0,1,0,0,0,1,1,1,1,1,1
2044,0,0,0,0,0,0,0,1,2,1,0,1,1,1,1,1,1,1
2045,0,0,0,0,0,0,1,0,1,0,0,0,1,1,1,1,1,1
2046,0,1,0,0,0,0,0,0,2,1,0,0,1,1,1,1,1,1
2047,0,0,0,0,0,0,0,1,4,1,0,1,1,1,1,1,1,1
2048,1,0,0,0,0,0,0,0,1,0,0,0,1,1,1,1,1,1
2049,0,0,0,0,0,0,1,0,1,0,0,0,1,1,1,1,1,1
2050,1,0,0,0,0,0,0,0,1,0,0,0,1,1,1,1,1,1
2051,1,0,0,0,0,0,0,0,2,1,0,0,1,1,1,1,1,1
2052,0,1,0,0,0,0,0,0,2,1,0,0,1,1,1,1,1,1
2055,0,0,0,0,0,0,1,0,2,1,0,0,1,1,1,1,1,1
2056,0,0,0,0,0,0,1,0,2,1,0,0,1,1,1,1,1,1
2057,0,0,0,0,0,0,1,0,3,1,0,0,1,1,1,1,1,1
2058,0,1,0,0,0,0,0,0,6,1,0,0,1,1,1,1,1,1
2059,1,0,0,0,0,0,0,0,1,0,0,0,1,1,1,1,1,1
2060,0,0,0,0,0,1,0,0,1,0,0,0,1,1,1,1,1,1
2061,0,0,0,0,0,0,1,0,2,1,0,0,1,1,1,1,1,1
2062,0,0,0,0,0,0,1,0,1,0,0,0,1,1,1,1,1,1
2063,1,0,0,0,0,0,0,0,3,1,0,0,1,1,1,1,1,1
2065,0,0,0,0,0,0,1,0,1,0,0,0,1,1,1,1,1,1
2066,1,0,0,0,0,0,0,0,1,0,0,0,1,1,1,1,1,1
2067,1,0,0,0,0,0,0,0,1,0,0,0,1,1,1,1,1,1
2069,0,0,0,0,0,0,1,0,2,1,0,0,1,1,1,1,1,1
2070,0,0,0,0,0,0,1,0,1,0,0,0,1,1,1,1,1,1
2071,0,0,0,0,0,0,1,0,4,1,0,0,1,1,1,1,1,1
2072,1,0,0,0,0,0,0,0,1,0,0,0,1,1,1,1,1,1
2074,1,0,0,0,0,0,0,0,1,0,0,0,1,1,1,1,1,1
2075,1,0,0,0,0,0,0,0,1,0,0,0,1,1,1,1,1,1
2076,1,0,0,0,0,0,0,0,1,0,0,0,1,1,1,1,1,1
2077,1,0,0,0,0,0,0,0,2,1,0,0,1,1,1,1,1,1
2078,0,0,0,0,0,0,1,0,2,1,0,0,1,1,1,1,1,1
2080,0,0,0,0,0,1,0,0,1,0,0,0,1,1,1,1,1,1
2081,1,0,0,0,0,0,0,0,4,1,0,0,1,1,1,1,1,1
2082,1,0,0,0,0,0,0,0,1,0,0,0,1,1,1,1,1,1
2083,1,0,0,0,0,0,0,0,1,0,0,0,1,1,1,1,1,1
2084,1,0,0,0,0,0,0,0,1,0,0,0,1,1,1,1,1,1
2085,1,0,0,0,0,0,0,0,3,1,0,0,1,1,1,1,1,1
2086,0,0,0,0,0,1,0,0,2,1,0,0,1,1,1,1,1,1
2087,1,0,0,0,0,0,0,0,1,0,0,0,1,1,1,1,1,1
2088,0,0,0,0,0,0,1,0,1,0,0,0,1,1,1,1,1,1
2089,0,0,0,0,0,0,1,0,1,0,0,0,1,1,1,1,1,1
2090,0,0,1,0,0,0,0,0,1,0,0,0,1,1,1,1,1,1
2091,1,0,0,0,0,0,0,0,1,0,0,0,1,1,1,1,1,1
2094,0,1,0,0,0,0,0,0,3,1,0,0,1,1,1,1,1,1
2096,0,1,0,0,0,0,0,0,3,1,0,0,1,1,1,1,1,1
2097,0,1,0,0,0,0,0,0,2,1,0,0,1,1,1,1,1,1
2098,0,0,1,0,0,0,0,0,1,0,0,0,1,1,1,1,1,1
2099,0,0,1,0,0,0,0,0,1,0,0,0,1,1,1,1,1,1
2100,0,0,0,0,0,0,1,0,1,0,0,0,1,1,1,1,1,1
2101,0,0,0,0,0,0,1,0,1,0,0,0,1,1,1,1,1,1
2103,0,0,0,0,0,0,0,1,3,1,0,1,1,1,1,1,1,1
2105,0,0,0,0,0,0,1,0,1,0,0,0,1,1,1,1,1,1
2106,0,0,1,0,0,0,0,0,1,0,0,0,1,1,1,1,1,1
2107,0,0,1,0,0,0,0,0,2,1,0,0,1,1,1,1,1,1
2108,0,0,1,0,0,0,0,0,1,0,0,0,1,1,1,1,1,1
2109,0,0,0,0,0,0,1,0,1,0,0,0,1,1,1,1,1,1
2110,1,0,0,0,0,0,0,0,1,0,0,0,1,1,1,1,1,1
2111,0,0,0,0,0,0,1,0,1,0,0,0,1,1,1,1,1,1
2112,0,0,1,0,0,0,0,0,2,1,0,0,1,1,1,1,1,1
2113,0,0,0,0,0,0,1,0,1,0,0,0,1,1,1,1,1,1
2114,0,0,0,0,0,0,1,0,1,0,0,0,1,1,1,1,1,1
2117,0,0,1,0,0,0,0,0,1,0,0,0,1,1,1,1,1,1
2118,0,0,0,0,0,0,1,0,2,1,0,0,1,1,1,1,1,1
2121,0,0,0,0,0,0,0,1,3,1,0,1,1,1,1,1,1,1
2123,0,0,0,0,0,0,1,0,1,0,0,0,1,1,1,1,1,1
2124,0,1,0,0,0,0,0,0,3,1,0,0,1,1,1,1,1,1
2126,0,0,0,0,0,0,1,0,1,0,0,0,1,1,1,1,1,1
2127,0,0,0,0,0,0,1,0,2,1,0,0,1,1,1,1,1,1
2128,0,0,0,0,0,0,1,0,1,0,0,0,1,1,1,1,1,1
2129,0,0,1,0,0,0,0,0,1,0,0,0,1,1,1,1,1,1
2130,0,0,0,0,0,0,1,0,2,1,0,0,1,1,1,1,1,1
2131,0,0,0,0,0,0,1,0,1,0,0,0,1,1,1,1,1,1
2132,0,0,0,0,0,0,0,1,2,1,0,1,1,1,1,1,1,1
2133,0,0,0,0,0,0,1,0,2,1,0,0,1,1,1,1,1,1
2135,0,0,0,0,0,0,0,1,2,1,0,1,1,1,1,1,1,1
2137,0,0,0,0,0,0,1,0,1,0,0,0,1,1,1,1,1,1
2138,0,0,0,0,0,0,1,0,1,0,0,0,1,1,1,1,1,1
2140,0,0,1,0,0,0,0,0,1,0,0,0,1,1,1,1,1,1
2141,0,0,0,0,0,0,1,0,1,0,0,0,1,1,1,1,1,1
2142,0,0,1,0,0,0,0,0,3,1,1,0,1,1,1,1,1,1
2143,0,0,0,0,0,0,1,0,1,0,0,0,1,1,1,1,1,1
2144,0,0,0,0,0,0,1,0,2,1,0,0,1,1,1,1,1,1
2145,0,0,0,0,0,0,0,1,2,1,0,1,1,1,1,1,1,1
2148,0,0,0,0,0,0,1,0,2,1,0,0,1,1,1,1,1,1
2149,1,0,0,0,0,0,0,0,2,1,0,0,1,1,1,1,1,1
2150,0,0,0,0,0,1,0,0,1,0,0,0,1,1,1,1,1,1
2151,0,0,0,0,0,0,1,0,1,0,0,0,1,1,1,1,1,1
2152,0,0,1,0,0,0,0,0,2,1,0,0,1,1,1,1,1,1
2153,0,0,0,0,0,0,1,0,1,0,0,0,1,1,1,1,1,1
2154,0,0,0,0,0,0,0,1,3,1,0,1,1,1,1,1,1,1
2156,1,0,0,0,0,0,0,0,1,0,0,0,1,1,1,1,1,1
2157,0,0,0,0,0,0,1,0,1,0,0,0,1,1,1,1,1,1
2159,0,0,0,0,0,0,1,0,2,1,0,0,1,1,1,1,1,1
2160,0,0,0,0,0,0,0,1,2,1,0,1,1,1,1,1,1,1
2161,0,1,0,0,0,0,0,0,2,1,0,0,1,1,1,1,1,1
2162,0,0,1,0,0,0,0,0,1,0,0,0,1,1,1,1,1,1
2163,0,0,0,0,0,0,0,1,2,1,0,1,1,1,1,1,1,1
2164,0,0,0,0,0,0,1,0,2,1,0,0,1,1,1,1,1,1
2166,0,0,0,0,0,0,1,0,1,0,0,0,1,1,1,1,1,1
2167,0,0,0,0,0,0,1,0,1,0,0,0,1,1,1,1,1,1
2169,0,1,0,0,0,0,0,0,2,1,0,0,1,1,1,1,1,1
2170,0,0,0,0,0,0,0,1,2,1,0,1,1,1,1,1,1,1
2171,0,0,0,0,0,0,1,0,1,0,0,0,1,1,1,1,1,1
2172,0,0,0,0,0,0,1,0,1,0,0,0,1,1,1,1,1,1
2173,0,0,0,0,0,0,1,0,1,0,0,0,1,1,1,1,1,1
2174,0,0,0,0,0,0,1,0,1,0,0,0,1,1,1,1,1,1
2175,0,0,0,0,0,0,1,0,2,1,0,0,1,1,1,1,1,1
2176,0,0,0,0,0,0,1,0,1,0,0,0,1,1,1,1,1,1
2177,0,0,0,0,0,0,1,0,2,1,0,0,1,1,1,1,1,1
2179,0,0,0,0,0,0,1,0,3,1,0,0,1,1,1,1,1,1
2180,0,0,0,0,0,0,1,0,1,0,0,0,1,1,1,1,1,1
2181,0,0,0,0,0,1,0,0,1,0,0,0,1,1,1,1,1,1
2184,0,0,0,0,0,0,1,0,2,1,0,0,1,1,1,1,1,1
2185,0,0,0,0,0,0,1,0,1,0,0,0,1,1,1,1,1,1
2186,0,0,0,0,0,0,1,0,1,0,0,0,1,1,1,1,1,1
2187,0,0,0,0,0,0,0,1,3,1,0,1,1,1,1,1,1,1
2189,1,0,0,0,0,0,0,0,1,0,0,0,1,1,1,1,1,1
2190,0,0,0,0,0,0,1,0,1,0,0,0,1,1,1,1,1,1
2191,0,0,0,0,0,0,1,0,1,0,0,0,1,1,1,1,1,1
2193,0,0,0,0,0,0,0,1,2,1,0,1,1,1,1,1,1,1
2194,1,0,0,0,0,0,0,0,2,1,0,0,1,1,1,1,1,1
2196,0,0,0,0,0,0,1,0,5,1,0,0,1,1,1,1,1,1
2197,0,1,0,0,0,0,0,0,3,1,0,0,1,1,1,1,1,1
2198,1,0,0,0,0,0,0,0,1,0,0,0,1,1,1,1,1,1
2199,0,0,0,0,0,0,1,0,1,0,0,0,1,1,1,1,1,1
2200,0,0,1,0,0,0,0,0,1,0,0,0,1,1,1,1,1,1
2201,0,0,0,0,0,0,1,0,1,0,0,0,1,1,1,1,1,1
2202,0,0,0,0,0,0,1,0,1,0,0,0,1,1,1,1,1,1
2203,0,0,0,0,0,0,1,0,1,0,0,0,1,1,1,1,1,1
2204,0,0,0,0,0,0,1,0,2,1,0,0,1,1,1,1,1,1
2205,0,0,0,0,0,0,1,0,2,1,0,0,1,1,1,1,1,1
2206,0,0,0,0,0,0,0,1,3,1,0,1,1,1,1,1,1,1
2207,0,0,0,0,0,0,1,0,2,1,0,0,1,1,1,1,1,1
2208,0,0,0,0,0,0,1,0,4,1,0,0,1,1,1,1,1,1
2209,0,0,0,0,0,0,1,0,2,1,0,0,1,1,1,1,1,1
2210,0,0,0,0,0,0,1,0,1,0,0,0,1,1,1,1,1,1
2211,0,0,0,0,0,0,1,0,1,0,0,0,1,1,1,1,1,1
2212,0,0,0,0,0,1,0,0,1,0,0,0,1,1,1,1,1,1
2213,0,0,0,0,0,0,1,0,2,1,0,0,1,1,1,1,1,1
2214,0,0,0,0,0,0,1,0,1,0,0,0,1,1,1,1,1,1
2215,0,0,0,0,0,0,1,0,1,0,0,0,1,1,1,1,1,1
2216,0,0,0,0,0,0,1,0,1,0,0,0,1,1,1,1,1,1
2217,0,0,0,0,0,0,1,0,2,1,0,0,1,1,1,1,1,1
2218,0,0,0,0,0,0,1,0,5,1,0,0,1,1,1,1,1,1
2219,0,0,0,0,0,0,1,0,1,0,0,0,1,1,1,1,1,1
2220,0,0,0,0,0,0,1,0,1,0,0,0,1,1,1,1,1,1
2221,0,0,0,0,0,0,1,0,2,1,0,0,1,1,1,1,1,1
2222,0,1,0,0,0,0,0,0,3,1,0,0,1,1,1,1,1,1
2223,0,0,0,0,0,0,0,1,3,1,0,1,1,1,1,1,1,1
2224,0,0,0,0,0,0,1,0,5,1,0,0,1,1,1,1,1,1
2225,0,0,0,0,0,0,1,0,2,1,0,0,1,1,1,1,1,1
2231,0,0,0,0,0,0,1,0,1,0,0,0,1,1,1,1,1,1
2232,0,0,0,0,0,0,1,0,2,1,0,0,1,1,1,1,1,1
2235,0,0,0,0,0,0,1,0,1,0,0,0,1,1,1,1,1,1
2236,0,0,0,0,0,0,1,0,1,0,0,0,1,1,1,1,1,1
2237,0,0,0,0,0,0,1,0,2,1,0,0,1,1,1,1,1,1
2238,0,0,0,0,0,0,1,0,1,0,0,0,1,1,1,1,1,1
2239,0,0,0,0,0,0,0,1,3,1,0,1,1,1,1,1,1,1
2240,0,0,0,0,0,1,0,0,1,0,0,0,1,1,1,1,1,1
2242,0,0,0,0,0,0,1,0,1,0,0,0,1,1,1,1,1,1
2244,0,0,0,0,0,1,0,0,1,0,0,0,1,1,1,1,1,1
2245,0,0,0,0,0,0,1,0,2,1,0,0,1,1,1,1,1,1
2246,1,0,0,0,0,0,0,0,1,0,0,0,1,1,1,1,1,1
2247,0,1,0,0,0,0,0,0,2,1,0,0,1,1,1,1,1,1
2248,1,0,0,0,0,0,0,0,1,0,0,0,1,1,1,1,1,1
2249,0,0,0,0,0,0,1,0,1,0,0,0,1,1,1,1,1,1
2250,1,0,0,0,0,0,0,0,1,0,0,0,1,1,1,1,1,1
2251,0,0,0,0,0,0,1,0,1,0,0,0,1,1,1,1,1,1
2253,0,0,0,0,0,0,1,0,2,1,0,0,1,1,1,1,1,1
2254,0,0,0,0,0,0,1,0,2,1,0,0,1,1,1,1,1,1
2255,1,0,0,0,0,0,0,0,2,1,0,0,1,1,1,1,1,1
2256,0,0,1,0,0,0,0,0,2,1,0,0,1,1,1,1,1,1
2257,0,1,0,0,0,0,0,0,2,1,0,0,1,1,1,1,1,1
2258,0,0,1,0,0,0,0,0,1,0,0,0,1,1,1,1,1,1
2259,0,0,0,0,0,0,1,0,1,0,0,0,1,1,1,1,1,1
2260,1,0,0,0,0,0,0,0,2,1,0,0,1,1,1,1,1,1
2261,0,0,0,0,0,0,0,1,3,1,0,1,1,1,1,1,1,1
2262,0,1,0,0,0,0,0,0,2,1,0,0,1,1,1,1,1,1
2263,0,0,1,0,0,0,0,0,1,0,0,0,1,1,1,1,1,1
2265,0,1,0,0,0,0,0,0,2,1,0,0,1,1,1,1,1,1
2266,0,0,1,0,0,0,0,0,1,0,0,0,1,1,1,1,1,1
2267,1,0,0,0,0,0,0,0,1,0,0,0,1,1,1,1,1,1
2268,0,0,1,0,0,0,0,0,1,0,0,0,1,1,1,1,1,1
2270,0,0,1,0,0,0,0,0,1,0,0,0,1,1,1,1,1,1
2271,1,0,0,0,0,0,0,0,1,0,0,0,1,1,1,1,1,1
2272,1,0,0,0,0,0,0,0,1,0,0,0,1,1,1,1,1,1
2273,0,0,1,0,0,0,0,0,1,0,0,0,1,1,1,1,1,1
2274,0,0,1,0,0,0,0,0,1,0,0,0,1,1,1,1,1,1
2275,0,0,1,0,0,0,0,0,1,0,0,0,1,1,1,1,1,1
2277,0,0,1,0,0,0,0,0,1,0,0,0,1,1,1,1,1,1
2278,0,0,1,0,0,0,0,0,1,0,0,0,1,1,1,1,1,1
2279,0,0,1,0,0,0,0,0,1,0,0,0,1,1,1,1,1,1
2280,0,0,1,0,0,0,0,0,1,0,0,0,1,1,1,1,1,1
2282,0,0,1,0,0,0,0,0,1,0,0,0,1,1,1,1,1,1
2283,1,0,0,0,0,0,0,0,1,0,0,0,1,1,1,1,1,1
2284,1,0,0,0,0,0,0,0,1,0,0,0,1,0,0,0,1,1
2286,1,0,0,0,0,0,0,0,1,0,0,0,1,1,1,1,1,1
2287,1,0,0,0,0,0,0,0,1,0,0,0,1,1,1,1,1,1
2288,1,0,0,0,0,0,0,0,1,0,0,0,1,1,1,1,1,1
2289,1,0,0,0,0,0,0,0,1,0,0,0,1,1,1,1,1,1
2290,1,0,0,0,0,0,0,0,1,0,0,0,1,1,1,1,1,1
2291,0,1,0,0,0,0,0,0,3,1,0,0,1,1,1,1,1,1
2294,1,0,0,0,0,0,0,0,1,0,0,0,1,1,1,1,1,1
2295,1,0,0,0,0,0,0,0,1,0,0,0,1,1,1,1,1,1
2296,1,0,0,0,0,0,0,0,1,0,0,0,1,1,1,1,1,1
2297,1,0,0,0,0,0,0,0,1,0,0,0,1,1,1,1,1,1
2298,1,0,0,0,0,0,0,0,1,0,0,0,1,1,1,1,1,1
2300,1,0,0,0,0,0,0,0,1,0,0,0,1,1,1,1,1,1
2301,1,0,0,0,0,0,0,0,1,0,0,0,1,1,1,1,1,1
2302,1,0,0,0,0,0,0,0,1,0,0,0,1,1,1,1,1,1
2304,1,0,0,0,0,0,0,0,1,0,0,0,1,1,1,1,1,1
2305,1,0,0,0,0,0,0,0,1,0,0,0,1,1,1,1,1,1
2308,1,0,0,0,0,0,0,0,1,0,0,0,1,1,1,1,1,1
2309,1,0,0,0,0,0,0,0,1,0,0,0,1,1,1,1,1,1
2311,1,0,0,0,0,0,0,0,2,1,0,0,1,1,1,1,1,1
2312,1,0,0,0,0,0,0,0,1,0,0,0,1,1,1,1,1,1
2313,1,0,0,0,0,0,0,0,1,0,0,0,1,1,1,1,1,1
2314,1,0,0,0,0,0,0,0,1,0,0,0,1,1,1,1,1,1
2316,1,0,0,0,0,0,0,0,1,0,0,0,1,1,1,1,1,1
2317,1,0,0,0,0,0,0,0,1,0,0,0,1,1,1,1,1,1
2319,1,0,0,0,0,0,0,0,1,0,0,0,1,1,1,1,1,1
2320,1,0,0,0,0,0,0,0,3,1,0,0,1,1,1,1,1,1
2321,1,0,0,0,0,0,0,0,1,0,0,0,1,1,1,1,1,1
2322,0,1,0,0,0,0,0,0,2,1,0,0,1,1,1,1,1,1
2323,1,0,0,0,0,0,0,0,1,0,0,0,1,1,1,1,1,1
2325,1,0,0,0,0,0,0,0,1,0,0,0,1,1,1,1,1,1
2326,1,0,0,0,0,0,0,0,1,0,0,0,1,1,1,1,1,1
2327,1,0,0,0,0,0,0,0,1,0,0,0,1,1,1,1,1,1
2328,1,0,0,0,0,0,0,0,1,0,0,0,1,1,1,1,1,1
2329,1,0,0,0,0,0,0,0,1,0,0,0,1,1,1,1,1,1
2332,1,0,0,0,0,0,0,0,1,0,0,0,1,1,1,1,1,1
2333,1,0,0,0,0,0,0,0,1,0,0,0,1,1,1,1,1,1
2335,1,0,0,0,0,0,0,0,2,1,0,0,1,1,1,1,1,1
2336,1,0,0,0,0,0,0,0,1,0,0,0,1,1,1,1,1,1
2337,1,0,0,0,0,0,0,0,1,0,0,0,1,1,1,1,1,1
2339,0,0,0,0,0,1,0,0,1,0,0,0,1,1,1,1,1,1
2341,0,0,0,0,0,1,0,0,1,0,0,0,1,1,1,1,1,1
2344,0,0,0,0,0,1,0,0,1,0,0,0,1,1,1,1,1,1
2346,0,0,0,0,0,1,0,0,1,0,0,0,1,1,1,1,1,1
2347,0,0,0,0,0,1,0,0,1,0,0,0,1,1,1,1,1,1
2349,0,0,0,0,0,1,0,0,1,0,0,0,1,1,1,1,1,1
2350,0,0,0,0,0,1,0,0,2,1,0,0,1,1,1,1,1,1
2351,0,0,0,0,0,0,0,1,3,1,0,1,1,1,1,1,1,1
2352,0,0,0,0,0,1,0,0,2,1,0,0,1,1,1,1,1,1
2353,0,0,0,0,0,1,0,0,1,0,0,0,1,1,1,1,1,1
2354,0,0,0,0,0,1,0,0,2,1,0,0,1,1,1,1,1,1
2355,0,0,0,0,0,1,0,0,1,0,0,0,1,1,1,1,1,1
2356,0,0,0,0,0,1,0,0,1,0,0,0,1,1,1,1,1,1
2357,0,0,0,0,0,1,0,0,1,0,0,0,1,1,1,1,1,1
2359,0,0,0,0,0,1,0,0,2,1,0,0,1,1,1,1,1,1
2360,0,0,0,0,0,0,0,1,2,1,0,1,1,1,1,1,1,1
2361,0,0,0,0,0,0,0,1,2,1,0,1,1,1,1,1,1,1
2362,0,1,0,0,0,0,0,0,2,1,0,0,1,1,1,1,1,1
2363,0,0,0,0,0,0,1,0,3,1,0,0,1,1,1,1,1,1
2364,1,0,0,0,0,0,0,0,1,0,0,0,1,1,1,1,1,1
2366,0,0,0,0,0,1,0,0,1,0,0,0,1,1,1,1,1,1
2367,0,0,0,0,0,1,0,0,1,0,0,0,1,1,1,1,1,1
2368,0,0,0,0,0,1,0,0,1,0,0,0,1,1,1,1,1,1
2369,0,0,0,0,0,1,0,0,1,0,0,0,1,1,1,1,1,1
2370,0,0,0,0,0,1,0,0,1,0,0,0,1,1,1,1,1,1
2372,0,0,0,0,0,1,0,0,1,0,0,0,1,1,1,1,1,1
2375,0,0,0,0,0,1,0,0,1,0,0,0,1,1,1,1,1,1
2376,0,0,0,0,0,1,0,0,2,1,0,0,1,1,1,1,1,1
2377,0,0,0,0,0,1,0,0,1,0,0,0,1,1,1,1,1,1
2378,0,0,0,0,0,1,0,0,1,0,0,0,1,1,1,1,1,1
2380,0,0,0,0,0,1,0,0,1,0,0,0,1,1,1,1,1,1
2381,0,0,0,0,0,1,0,0,1,0,0,0,1,1,1,1,1,1
2382,0,0,0,0,0,1,0,0,1,0,0,0,1,1,1,1,1,1
2383,0,0,0,0,0,1,0,0,1,0,0,0,1,1,1,1,1,1
2384,0,0,0,0,0,1,0,0,1,0,0,0,1,1,0,0,1,1
2385,0,0,0,0,0,0,0,1,2,1,0,1,1,1,1,1,1,1
2386,0,0,0,0,0,1,0,0,2,1,0,0,1,1,1,1,1,1
2387,0,0,0,0,0,1,0,0,3,1,0,0,1,1,1,1,1,1
2389,0,0,0,0,0,1,0,0,1,0,0,0,1,1,1,1,1,1
2390,0,0,0,0,0,1,0,0,1,0,0,0,1,1,1,1,1,1
2391,0,0,0,0,0,1,0,0,1,0,0,0,1,1,1,1,1,1
2392,0,0,0,0,0,1,0,0,1,0,0,0,1,1,1,1,1,1
2393,0,0,0,0,0,1,0,0,2,1,0,0,1,1,1,1,1,1
2394,0,0,0,0,0,1,0,0,2,1,0,0,1,1,1,1,1,1
2397,0,0,0,0,0,1,0,0,3,1,0,0,1,1,1,1,1,1
2398,0,0,0,0,0,1,0,0,2,1,0,0,1,1,1,1,1,1
2399,0,0,0,0,0,1,0,0,1,0,0,0,1,1,1,1,1,1
2400,0,0,0,0,0,1,0,0,1,0,0,0,1,1,1,1,1,1
2401,0,0,0,0,0,1,0,0,1,0,0,0,1,1,1,1,1,1
2402,0,0,0,0,0,1,0,0,1,0,0,0,1,1,1,1,1,1
2403,0,0,0,0,0,1,0,0,1,0,0,0,1,1,1,1,1,1
2404,0,0,0,0,0,1,0,0,1,0,0,0,1,1,1,1,1,1
2405,0,0,0,0,0,1,0,0,1,0,0,0,1,1,1,1,1,1
2406,0,0,0,0,0,1,0,0,1,0,0,0,1,1,1,1,1,1
2407,0,0,0,0,0,1,0,0,1,0,0,0,1,1,1,1,1,1
2408,0,0,0,0,0,1,0,0,1,0,0,0,1,1,1,1,1,1
2409,0,0,0,0,0,1,0,0,2,1,0,0,1,1,1,1,1,1
2411,0,0,0,0,0,1,0,0,1,0,0,0,1,1,1,1,1,1
2412,0,0,0,0,0,0,0,1,2,1,0,1,1,1,1,1,1,1
2413,0,0,0,0,0,1,0,0,1,0,0,0,1,1,1,1,1,1
2414,0,0,0,0,0,1,0,0,1,0,0,0,1,1,1,1,1,1
2416,0,0,0,0,0,1,0,0,1,0,0,0,1,1,1,1,1,1
2417,0,0,0,0,0,1,0,0,1,0,0,0,1,1,1,1,1,1
2419,0,0,0,0,0,0,0,1,2,1,0,1,1,1,1,1,1,1
2420,0,0,0,0,0,1,0,0,1,0,0,0,1,1,1,1,1,1
2421,0,0,0,0,0,1,0,0,2,1,0,0,1,1,1,1,1,1
2422,0,0,0,0,0,1,0,0,1,0,0,0,1,1,1,1,1,1
2423,0,0,0,0,0,1,0,0,1,0,0,0,1,1,1,1,1,1
2424,0,0,0,0,0,1,0,0,1,0,0,0,1,1,1,1,1,1
2425,0,0,0,0,0,1,0,0,1,0,0,0,1,1,1,1,1,1
2426,0,0,0,0,0,1,0,0,1,0,0,0,1,1,1,1,1,1
2427,0,0,0,0,0,1,0,0,1,0,0,0,1,1,1,1,1,1
2428,0,0,0,0,0,1,0,0,1,0,0,0,1,1,1,1,1,1
2429,0,0,0,0,0,0,1,0,2,1,0,0,1,1,1,1,1,1
2430,1,0,0,0,0,0,0,0,1,0,0,0,1,1,1,1,1,1
2431,1,0,0,0,0,0,0,0,1,0,0,0,1,1,1,1,1,1
2432,1,0,0,0,0,0,0,0,2,1,0,0,1,1,1,1,1,1
2433,1,0,0,0,0,0,0,0,1,0,0,0,1,1,1,1,1,1
2434,0,0,0,0,0,0,1,0,2,1,0,0,1,1,1,1,1,1
2435,0,0,0,1,0,0,0,0,1,0,0,0,1,1,1,1,1,1
2436,0,0,0,0,1,0,0,0,2,1,0,0,1,1,1,1,1,1
2437,0,0,0,0,0,0,0,1,2,1,0,1,1,1,1,1,1,1
2439,0,0,0,0,0,0,0,1,3,1,0,1,1,1,1,1,1,1
2440,0,0,1,0,0,0,0,0,1,0,0,0,1,1,1,1,1,1
2442,0,0,0,0,0,0,1,0,2,1,0,0,1,1,1,1,1,1
2443,0,0,0,0,0,0,1,0,1,0,0,0,1,1,1,1,1,1
2444,0,0,0,0,0,0,1,0,1,0,0,0,1,1,1,1,1,1
2445,0,0,0,1,0,0,0,0,5,1,0,0,1,1,1,1,1,1
2446,0,0,0,0,0,1,0,0,4,1,0,0,1,1,1,1,1,1
2447,0,0,0,0,0,1,0,0,2,1,0,0,1,1,1,1,1,1
2448,0,1,0,0,0,0,0,0,4,1,0,0,1,1,1,1,1,1
2449,0,0,0,0,0,0,1,0,1,0,0,0,1,1,1,1,1,1
2450,1,0,0,0,0,0,0,0,1,0,0,0,1,1,1,1,1,1
2451,0,0,1,0,0,0,0,0,1,0,0,0,1,1,1,1,1,1
2452,1,0,0,0,0,0,0,0,1,0,0,0,1,1,1,1,1,1
2453,1,0,0,0,0,0,0,0,1,0,0,0,1,1,1,1,1,1
2454,1,0,0,0,0,0,0,0,3,1,0,0,1,1,1,1,1,1
2455,0,0,1,0,0,0,0,0,1,0,0,0,1,1,1,1,1,1
2456,1,0,0,0,0,0,0,0,1,0,0,0,1,1,1,1,1,1
2457,1,0,0,0,0,0,0,0,4,1,0,0,1,1,1,1,1,1
2458,0,0,0,0,0,0,0,0,1,0,0,0,1,1,1,1,1,1
2461,0,0,0,0,0,1,0,0,1,0,0,0,1,1,1,1,1,1
2462,1,0,0,0,0,0,0,0,1,0,0,0,1,1,1,1,1,1
2463,0,0,1,0,0,0,0,0,1,0,0,0,1,1,1,1,1,1
2467,0,0,1,0,0,0,0,0,1,0,0,0,1,1,1,1,1,1
2468,0,0,0,0,0,1,0,0,1,0,0,0,1,1,1,1,1,1
2469,0,0,1,0,0,0,0,0,1,0,0,0,1,1,1,1,1,1
2470,0,0,0,0,0,0,0,1,4,1,0,1,1,1,1,1,1,1
2471,0,0,0,0,0,0,1,0,3,1,0,0,1,1,1,1,1,1
2473,0,0,0,0,0,0,0,1,3,1,0,1,1,1,1,1,1,1
2475,0,0,0,0,0,1,0,0,1,0,0,0,1,1,1,1,1,1
2476,0,0,0,0,0,0,1,0,1,0,0,0,1,1,1,1,1,1
2477,0,0,0,0,0,1,0,0,1,0,0,0,1,1,1,1,1,1
2478,0,0,0,0,0,1,0,0,1,0,0,0,1,1,1,1,1,1
2479,0,0,1,0,0,0,0,0,1,0,0,0,1,1,1,1,1,1
2480,0,0,0,0,0,1,0,0,2,1,0,0,1,1,1,1,1,1
2481,0,0,0,0,0,0,1,0,1,0,0,0,1,1,1,1,1,1
2482,0,0,0,0,0,1,0,0,2,1,0,0,1,1,1,1,1,1
2483,0,0,1,0,0,0,0,0,1,0,0,0,1,1,1,1,1,1
2484,0,0,0,0,0,1,0,0,2,1,0,0,1,1,1,1,1,1
2485,0,0,0,0,0,0,1,0,1,0,0,0,1,1,1,1,1,1
2486,0,0,0,0,0,0,1,0,1,0,0,0,1,1,1,1,1,1
2489,0,0,0,0,0,0,1,0,2,1,0,0,1,1,1,1,1,1
2490,0,0,0,0,0,1,0,0,2,1,0,0,1,1,1,1,1,1
2491,0,0,0,0,0,1,0,0,1,0,0,0,1,1,1,1,1,1
2492,0,0,0,0,0,0,1,0,2,1,0,0,1,1,1,1,1,1
2493,0,0,1,0,0,0,0,0,1,0,0,0,1,1,1,1,1,1
2494,0,0,0,0,0,1,0,0,1,0,0,0,1,1,1,1,1,1
2495,0,0,0,0,0,1,0,0,1,0,0,0,1,1,1,1,1,1
2497,0,0,1,0,0,0,0,0,1,0,0,0,1,1,1,1,1,1
2501,0,0,0,0,0,1,0,0,1,0,0,0,1,1,1,1,1,1
2502,0,0,0,0,0,0,1,0,1,0,0,0,1,1,1,1,1,1
2503,1,0,0,0,0,0,0,0,1,0,0,0,1,1,1,1,1,1
2504,0,0,0,0,0,0,1,0,2,1,0,0,1,1,1,1,1,1
2505,0,0,0,0,0,1,0,0,1,0,0,0,1,1,1,1,1,1
2507,0,0,0,0,0,0,0,1,6,1,0,1,1,1,1,1,1,1
2508,0,0,0,0,0,1,0,0,1,0,0,0,1,1,1,1,1,1
2509,0,0,0,0,1,0,0,0,3,1,0,0,1,1,1,1,1,1
2510,0,0,0,0,0,1,0,0,1,0,0,0,1,1,1,1,1,1
2511,0,0,0,0,0,0,1,0,1,0,0,0,1,1,1,1,1,1
2512,0,0,0,0,0,0,0,1,3,1,0,1,1,1,1,1,1,1
2513,0,0,0,0,0,0,1,0,1,0,0,0,1,1,1,1,1,1
2514,0,0,0,0,0,1,0,0,1,0,0,0,1,1,1,1,1,1
2515,0,0,0,0,0,1,0,0,3,1,0,0,1,1,1,1,1,1
2516,0,0,0,0,0,1,0,0,3,1,0,0,1,1,1,1,1,1
2518,0,0,0,0,0,1,0,0,1,0,0,0,1,1,1,1,1,1
2519,0,0,0,1,0,0,0,0,1,0,0,0,1,1,1,1,1,1
2521,0,0,0,1,0,0,0,0,1,0,0,0,1,1,1,1,1,1
2522,0,0,0,0,1,0,0,0,2,1,0,0,1,1,1,1,1,1
2523,0,0,0,1,0,0,0,0,1,0,0,0,1,1,1,1,1,1
2524,0,0,0,1,0,0,0,0,1,0,0,0,1,1,1,1,1,1
2525,0,0,0,1,0,0,0,0,1,0,0,0,1,1,1,1,1,1
2526,0,0,0,1,0,0,0,0,1,0,0,0,1,1,1,1,1,1
2529,0,0,0,1,0,0,0,0,1,0,0,0,1,1,1,1,1,1
2530,0,0,0,1,0,0,0,0,1,0,0,0,1,1,1,1,1,1
2531,0,0,0,1,0,0,0,0,1,0,0,0,1,1,1,1,1,1
2532,0,0,0,0,0,0,1,0,1,0,0,0,1,1,1,1,1,1
2533,0,0,0,0,0,0,1,0,1,0,0,0,1,1,1,1,1,1
2534,1,0,0,0,0,0,0,0,1,0,0,0,1,1,1,1,1,1
2535,0,0,0,0,0,0,1,0,2,1,0,0,1,1,1,1,1,1
2536,0,0,0,1,0,0,0,0,1,0,0,0,1,1,1,1,1,1
2537,0,0,0,1,0,0,0,0,1,0,0,0,1,1,1,1,1,1
2538,0,0,0,1,0,0,0,0,1,0,0,0,1,1,1,1,1,1
2539,0,0,0,1,0,0,0,0,2,1,0,0,1,1,1,1,1,1
2540,0,0,0,1,0,0,0,0,2,1,0,0,1,1,1,1,1,1
2541,0,0,0,1,0,0,0,0,1,0,0,0,1,1,1,1,1,1
2542,0,0,0,1,0,0,0,0,1,0,0,0,1,1,1,1,1,1
2543,0,0,0,1,0,0,0,0,1,0,0,0,1,1,1,1,1,1
2544,0,0,0,1,0,0,0,0,2,1,0,0,1,1,1,1,1,1
2545,1,0,0,0,0,0,0,0,1,0,0,0,1,1,1,1,1,1
2546,0,0,0,0,0,0,1,0,1,0,0,0,1,1,1,1,1,1
2547,0,0,1,0,0,0,0,0,1,0,0,0,1,0,0,0,1,1
2548,0,0,1,0,0,0,0,0,1,0,0,0,1,1,1,1,1,1
2549,0,0,0,0,1,0,0,0,3,1,0,0,1,1,1,1,1,1
2550,0,0,0,1,0,0,0,0,1,0,0,0,1,1,1,1,1,1
2551,0,0,0,1,0,0,0,0,3,1,0,0,1,1,1,1,1,1
2552,0,0,0,0,0,1,0,0,1,0,0,0,1,1,1,1,1,1
2553,0,0,0,1,0,0,0,0,1,0,0,0,1,1,1,1,1,1
2554,0,0,0,1,0,0,0,0,2,1,0,0,1,1,1,1,1,1
2557,0,0,0,0,0,0,1,0,1,0,0,0,1,1,1,1,1,1
2558,0,0,0,0,0,0,1,0,1,0,0,0,1,1,1,1,1,1
2559,0,0,1,0,0,0,0,0,2,1,0,0,1,1,1,1,1,1
2560,1,0,0,0,0,0,0,0,1,0,0,0,1,1,1,1,1,1
2561,1,0,0,0,0,0,0,0,1,0,0,0,1,1,1,1,1,1
2563,1,0,0,0,0,0,0,0,1,0,0,0,1,1,1,1,1,1
2564,1,0,0,0,0,0,0,0,1,0,0,0,1,1,1,1,1,1
2565,1,0,0,0,0,0,0,0,2,1,0,0,1,1,1,1,1,1
2566,1,0,0,0,0,0,0,0,1,0,0,0,1,1,1,1,1,1
2567,0,1,0,0,0,0,0,0,2,1,0,0,1,1,1,1,1,1
2568,0,0,1,0,0,0,0,0,1,0,0,0,1,1,1,1,1,1
2569,0,0,0,0,0,1,0,0,1,0,0,0,1,1,1,1,1,1
2570,0,0,0,1,0,0,0,0,2,1,0,0,1,1,1,1,1,1
2571,0,0,0,0,0,1,0,0,3,1,0,0,1,1,1,1,1,1
2572,0,0,0,0,0,0,0,1,2,1,0,1,1,1,1,1,1,1
2574,0,0,0,0,0,0,1,0,1,0,0,0,1,1,1,1,1,1
2575,0,0,0,0,0,0,1,0,1,0,0,0,1,1,1,1,1,1
2577,0,0,0,0,0,0,1,0,1,0,0,0,1,1,1,1,1,1
2579,0,0,0,0,0,0,1,0,1,0,0,0,1,1,1,1,1,1
2580,0,0,0,0,0,0,1,0,1,0,0,0,1,1,1,1,1,1
2581,0,0,0,0,0,0,1,0,2,1,0,0,1,1,1,1,1,1
2582,0,0,0,0,0,0,1,0,1,0,0,0,1,1,1,1,1,1
2583,0,0,0,0,0,0,0,1,2,1,0,1,1,1,1,1,1,1
2584,0,0,0,0,0,0,1,0,2,1,0,0,1,1,1,1,1,1
2585,0,0,0,0,0,0,1,0,2,1,0,0,1,1,1,1,1,1
2586,0,0,0,0,0,0,1,0,1,0,0,0,1,1,1,1,1,1
2587,0,0,0,0,0,0,1,0,1,0,0,0,1,1,1,1,1,1
2588,0,0,0,0,0,0,1,0,2,1,0,0,1,1,1,1,1,1
2589,0,0,0,0,0,0,1,0,1,0,0,0,1,1,1,1,1,1
2591,0,0,0,0,0,0,1,0,1,0,0,0,1,1,1,1,1,1
2592,0,0,1,0,0,0,0,0,1,0,0,0,1,1,1,1,1,1
2593,0,0,0,0,0,0,1,0,2,1,0,0,1,1,1,1,1,1
2594,0,0,0,0,0,0,1,0,1,0,0,0,1,1,1,1,1,1
2596,0,0,0,0,0,0,1,0,1,0,0,0,1,1,1,1,1,1
2597,0,0,0,0,0,0,1,0,1,0,0,0,1,1,1,1,1,1
2598,0,0,0,0,0,0,1,0,2,1,0,0,1,1,1,1,1,1
2599,0,0,0,0,0,0,1,0,1,0,0,0,1,1,1,1,1,1
2600,0,0,0,0,0,0,1,0,2,1,0,0,1,1,1,1,1,1
2602,0,0,0,0,0,0,1,0,1,0,0,0,1,1,1,1,1,1
2603,0,0,0,0,0,0,1,0,2,1,0,0,1,1,1,1,1,1
2604,0,0,0,0,0,0,1,0,2,1,0,0,1,1,1,1,1,1
2605,0,0,1,0,0,0,0,0,1,0,0,0,1,1,1,1,1,1
2606,0,0,0,0,0,0,1,0,1,0,0,0,1,1,1,1,1,1
2607,0,0,0,0,0,0,1,0,1,0,0,0,1,1,1,1,1,1
2609,0,0,0,0,0,0,1,0,1,0,0,0,1,1,1,1,1,1
2610,0,0,0,0,0,0,1,0,1,0,0,0,1,1,1,1,1,1
2611,0,0,0,0,0,0,1,0,1,0,0,0,1,1,1,1,1,1
2613,0,0,0,0,0,0,1,0,1,0,0,0,1,1,1,1,1,1
2614,0,0,0,0,0,0,1,0,2,1,0,0,1,1,1,1,1,1
2616,0,0,0,0,0,0,1,0,2,1,0,0,1,1,1,1,1,1
2617,0,0,0,0,0,0,1,0,1,0,0,0,1,1,1,1,1,1
2618,0,0,0,0,0,0,1,0,2,1,0,0,1,1,1,1,1,1
2619,0,0,0,0,0,0,1,0,2,1,0,0,1,1,1,1,1,1
2620,0,0,0,0,0,0,1,0,2,1,0,0,1,1,1,1,1,1
2621,0,0,0,0,0,0,1,0,2,1,0,0,1,1,1,1,1,1
2622,0,0,0,0,0,0,1,0,1,0,0,0,1,1,1,1,1,1
2624,0,0,0,0,0,0,1,0,3,1,0,0,1,1,1,1,1,1
2625,0,0,0,0,0,1,0,0,2,1,0,0,1,1,1,1,1,1
2626,0,0,0,0,0,0,0,1,3,1,0,1,1,1,1,1,1,1
2627,0,0,1,0,0,0,0,0,1,0,0,0,1,1,1,1,1,1
2629,0,0,0,0,0,0,0,1,3,1,0,1,1,1,1,1,1,1
2631,1,0,0,0,0,0,0,0,2,1,0,0,1,1,1,1,1,1
2632,1,0,0,0,0,0,0,0,1,0,0,0,1,1,1,1,1,1
2633,1,0,0,0,0,0,0,0,1,0,0,0,1,1,1,1,1,1
2634,1,0,0,0,0,0,0,0,1,0,0,0,1,1,1,1,1,1
2635,0,0,1,0,0,0,0,0,1,0,0,0,1,1,1,1,1,1
2636,0,0,0,0,0,1,0,0,1,0,0,0,1,1,1,1,1,1
2637,0,0,0,0,0,0,0,1,3,1,0,1,1,1,1,1,1,1
2638,0,0,1,0,0,0,0,0,1,0,0,0,1,1,1,1,1,1
2639,0,0,0,0,0,0,1,0,2,1,0,0,1,1,1,1,1,1
2640,0,0,1,0,0,0,0,0,1,0,0,0,1,1,1,1,1,1
2644,0,0,0,0,0,0,1,0,1,0,0,0,1,1,1,1,1,1
2646,0,0,0,0,0,0,1,0,1,0,0,0,1,1,1,1,1,1
2647,1,0,0,0,0,0,0,0,1,0,0,0,1,1,1,1,1,1
2648,0,0,1,0,0,0,0,0,1,0,0,0,1,1,1,1,1,1
2649,0,0,0,0,0,0,1,0,1,0,0,0,1,1,1,1,1,1
2650,0,0,0,0,0,0,1,0,1,0,0,0,1,1,1,1,1,1
2651,1,0,0,0,0,0,0,0,1,0,0,0,1,1,1,1,1,1
2652,0,0,0,0,0,0,1,0,1,0,0,0,1,1,1,1,1,1
2653,0,0,0,0,0,0,1,0,1,0,0,0,1,1,1,1,1,1
2655,0,0,1,0,0,0,0,0,1,0,0,0,1,1,1,1,1,1
2657,0,0,1,0,0,0,0,0,1,0,0,0,1,1,1,1,1,1
2658,0,0,0,0,0,0,1,0,1,0,0,0,1,1,1,1,1,1
2659,0,0,0,0,0,0,0,1,2,1,0,1,1,1,1,1,1,1
2660,0,0,0,0,0,0,1,0,2,1,0,0,1,1,1,1,1,1
2661,0,0,0,0,0,0,1,0,1,0,0,0,1,1,1,1,1,1
2662,0,0,1,0,0,0,0,0,1,0,0,0,1,1,1,1,1,1
2663,0,0,0,0,0,0,1,0,2,1,0,0,1,1,1,1,1,1
2664,0,0,0,0,0,0,1,0,1,0,0,0,1,1,1,1,1,1
2666,0,0,1,0,0,0,0,0,2,1,0,0,1,1,1,1,1,1
2667,0,0,1,0,0,0,0,0,1,0,0,0,1,1,1,1,1,1
2668,0,0,0,0,0,0,1,0,2,1,0,0,1,1,1,1,1,1
2669,0,0,0,0,0,0,1,0,1,0,0,0,1,1,1,1,1,1
2673,0,0,0,0,0,0,1,0,2,1,0,0,1,1,1,1,1,1
2675,0,0,0,0,0,0,0,1,2,1,0,1,1,1,1,1,1,1
2676,0,0,0,0,0,1,0,0,1,0,0,0,1,1,1,1,1,1
2677,0,0,1,0,0,0,0,0,1,0,0,0,1,1,1,1,1,1
2678,1,0,0,0,0,0,0,0,1,0,0,0,1,1,1,1,1,1
2680,0,0,0,0,0,0,1,0,1,0,0,0,1,1,1,1,1,1
2681,0,0,0,0,0,0,1,0,1,0,0,0,1,1,1,1,1,1
2682,0,0,0,0,0,0,1,0,1,0,0,0,1,1,1,1,1,1
2683,1,0,0,0,0,0,0,0,1,0,0,0,1,1,1,1,1,1
2684,1,0,0,0,0,0,0,0,1,0,0,0,1,1,1,1,1,1
2685,0,0,0,0,0,0,1,0,2,1,0,0,1,1,1,1,1,1
2686,0,0,0,0,0,1,0,0,1,0,0,0,1,1,1,1,1,1
2687,0,0,0,0,0,0,1,0,1,0,0,0,1,1,1,1,1,1
2688,0,0,0,0,0,0,1,0,1,0,0,0,1,1,1,1,1,1
2690,0,0,0,0,0,0,1,0,1,0,0,0,1,1,1,1,1,1
2691,0,0,0,0,0,0,1,0,1,0,0,0,1,1,1,1,1,1
2692,1,0,0,0,0,0,0,0,1,0,0,0,1,1,1,1,1,1
2693,0,0,1,0,0,0,0,0,1,0,0,0,1,1,1,1,1,1
2694,0,0,0,0,0,0,1,0,4,1,0,0,1,1,1,1,1,1
2695,0,0,0,0,0,0,1,0,1,0,0,0,1,1,1,1,1,1
2696,0,0,0,0,0,0,1,0,2,1,0,0,1,1,1,1,1,1
2697,0,0,0,0,0,1,0,0,1,0,0,0,1,1,1,1,1,1
2698,0,0,0,0,0,0,1,0,1,0,0,0,1,1,1,1,1,1
2699,0,0,0,0,0,0,1,0,2,1,0,0,1,1,1,1,1,1
2700,1,0,0,0,0,0,0,0,1,0,0,0,1,1,1,1,1,1
2702,0,0,0,0,0,0,1,0,1,0,0,0,1,1,1,1,1,1
2703,0,0,0,0,0,0,1,0,1,0,0,0,1,1,1,1,1,1
2704,1,0,0,0,0,0,0,0,1,0,0,0,1,1,1,1,1,1
2705,0,0,0,0,0,0,1,0,3,1,0,0,1,1,1,1,1,1
2706,0,0,0,0,0,0,1,0,1,0,0,0,1,1,1,1,1,1
2707,1,0,0,0,0,0,0,0,1,0,0,0,1,1,1,1,1,1
2708,0,0,0,0,0,0,1,0,1,0,0,0,1,1,1,1,1,1
2709,0,0,0,0,0,0,1,0,1,0,0,0,1,1,1,1,1,1
2710,0,0,0,0,0,0,1,0,1,0,0,0,1,1,1,1,1,1
2711,0,0,0,0,0,0,1,0,1,0,0,0,1,1,1,1,1,1
2712,0,0,0,0,0,0,1,0,1,0,0,0,1,1,1,1,1,1
2713,0,0,0,0,0,1,0,0,1,0,0,0,1,1,1,1,1,1
2714,1,0,0,0,0,0,0,0,1,0,0,0,1,1,1,1,1,1
2715,0,0,0,0,0,0,1,0,1,0,0,0,1,1,1,1,1,1
2716,1,0,0,0,0,0,0,0,1,0,0,0,1,1,1,1,1,1
2717,0,1,0,0,0,0,0,0,2,1,0,0,1,1,1,1,1,1
2718,1,0,0,0,0,0,0,0,1,0,0,0,1,1,1,1,1,1
2719,1,0,0,0,0,0,0,0,1,0,0,0,1,1,1,1,1,1
2720,1,0,0,0,0,0,0,0,1,0,0,0,1,1,1,1,1,1
2721,0,0,0,0,0,0,1,0,1,0,0,0,1,1,1,1,1,1
2723,1,0,0,0,0,0,0,0,1,0,0,0,1,1,1,1,1,1
2725,1,0,0,0,0,0,0,0,1,0,0,0,1,1,1,1,1,1
2726,1,0,0,0,0,0,0,0,1,0,0,0,1,1,1,1,1,1
2728,0,0,0,0,0,0,1,0,1,0,0,0,1,1,1,1,1,1
2730,1,0,0,0,0,0,0,0,1,0,0,0,1,1,1,1,1,1
2731,1,0,0,0,0,0,0,0,1,0,0,0,1,1,1,1,1,1
2732,1,0,0,0,0,0,0,0,1,0,0,0,1,1,1,1,1,1
2733,0,0,0,0,0,0,1,0,1,0,0,0,1,1,1,1,1,1
2734,0,0,1,0,0,0,0,0,1,0,0,0,1,1,1,1,1,1
2735,0,0,0,0,0,0,1,0,1,0,0,0,1,1,1,1,1,1
2736,1,0,0,0,0,0,0,0,2,1,0,0,1,1,1,1,1,1
2737,0,0,0,0,0,0,1,0,1,0,0,0,1,1,1,1,1,1
2738,0,1,0,0,0,0,0,0,2,1,0,0,1,1,1,1,1,1
2739,1,0,0,0,0,0,0,0,1,0,0,0,1,1,1,1,1,1
2740,1,0,0,0,0,0,0,0,1,0,0,0,1,1,1,1,1,1
2741,1,0,0,0,0,0,0,0,1,0,0,0,1,1,1,1,1,1
2742,1,0,0,0,0,0,0,0,2,1,0,0,1,1,1,1,1,1
2743,1,0,0,0,0,0,0,0,1,0,0,0,1,1,1,1,1,1
2744,1,0,0,0,0,0,0,0,1,0,0,0,1,1,1,1,1,1
2745,0,0,0,0,0,0,1,0,3,1,0,0,1,1,1,1,1,1
2746,0,0,0,0,0,1,0,0,1,0,0,0,1,1,1,1,1,1
2747,0,0,0,0,0,0,1,0,1,0,0,0,1,1,1,1,1,1
2748,1,0,0,0,0,0,0,0,1,0,0,0,1,1,1,1,1,1
2750,1,0,0,0,0,0,0,0,1,0,0,0,1,1,1,1,1,1
2752,0,0,0,0,0,1,0,0,2,1,0,0,1,1,1,1,1,1
2753,1,0,0,0,0,0,0,0,1,0,0,0,1,1,1,1,1,1
2756,0,0,0,0,0,0,1,0,1,0,0,0,1,1,1,1,1,1
2757,1,0,0,0,0,0,0,0,1,0,0,0,1,1,1,1,1,1
2759,1,0,0,0,0,0,0,0,2,1,0,0,1,1,1,1,1,1
2760,1,0,0,0,0,0,0,0,1,0,0,0,1,1,1,1,1,1
2762,1,0,0,0,0,0,0,0,3,1,0,0,1,1,1,1,1,1
2763,1,0,0,0,0,0,0,0,2,1,0,0,1,1,1,1,1,1
2765,1,0,0,0,0,0,0,0,1,0,0,0,1,1,1,1,1,1
2767,1,0,0,0,0,0,0,0,1,0,0,0,1,1,1,1,1,1
2768,1,0,0,0,0,0,0,0,1,0,0,0,1,1,1,1,1,1
2769,1,0,0,0,0,0,0,0,1,0,0,0,1,1,1,1,1,1
2770,1,0,0,0,0,0,0,0,1,0,0,0,1,1,1,1,1,1
2772,0,0,1,0,0,0,0,0,1,0,0,0,1,1,1,1,1,1
2773,0,0,1,0,0,0,0,0,1,0,0,0,1,1,1,1,1,1
2774,0,0,0,0,0,0,1,0,1,0,0,0,1,1,1,1,1,1
2775,0,0,0,0,0,0,1,0,1,0,0,0,1,1,1,1,1,1
2777,1,0,0,0,0,0,0,0,1,0,0,0,1,1,1,1,1,1
2778,1,0,0,0,0,0,0,0,1,0,0,0,1,1,1,1,1,1
2779,0,0,0,0,0,0,1,0,2,1,0,0,1,1,1,1,1,1
2780,0,1,0,0,0,0,0,0,3,1,0,0,1,1,1,1,1,1
2781,0,0,0,0,0,0,1,0,1,0,0,0,1,1,1,1,1,1
2782,0,0,1,0,0,0,0,0,1,0,0,0,1,1,1,1,1,1
2783,0,0,0,0,0,0,1,0,1,0,0,0,1,1,1,1,1,1
2784,0,0,0,0,0,0,0,1,2,1,0,1,1,1,1,1,1,1
2785,0,0,0,0,0,0,1,0,1,0,0,0,1,1,1,1,1,1
2786,1,0,0,0,0,0,0,0,1,0,0,0,1,1,1,1,1,1
2787,0,0,0,0,0,0,1,0,1,0,0,0,1,1,1,1,1,1
2788,0,0,0,0,0,1,0,0,1,0,0,0,1,1,1,1,1,1
2790,0,0,0,0,0,0,1,0,1,0,0,0,1,1,1,1,1,1
2791,0,0,0,0,0,0,0,1,2,1,0,1,1,1,1,1,1,1
2792,1,0,0,0,0,0,0,0,1,0,0,0,1,1,1,1,1,1
2793,0,1,0,0,0,0,0,0,2,1,0,0,1,1,1,1,1,1
2794,0,0,0,0,0,0,1,0,1,0,0,0,1,1,1,1,1,1
2795,0,0,0,0,0,0,0,1,2,1,0,1,1,1,1,1,1,1
2796,0,0,0,0,0,0,1,0,1,0,0,0,1,1,1,1,1,1
2797,1,0,0,0,0,0,0,0,1,0,0,0,1,1,1,1,1,1
2798,1,0,0,0,0,0,0,0,1,0,0,0,1,1,1,1,1,1
2799,1,0,0,0,0,0,0,0,1,0,0,0,1,1,1,1,1,1
2800,0,0,0,0,0,0,0,1,2,1,0,1,1,1,1,1,1,1
2801,0,0,0,0,0,0,0,1,2,1,0,1,1,1,1,1,1,1
2803,0,0,0,0,0,0,1,0,1,0,0,0,1,1,1,1,1,1
2804,0,0,0,0,0,0,1,0,1,0,0,0,1,1,1,1,1,1
2806,0,0,0,0,0,0,1,0,1,0,0,0,1,1,1,1,1,1
2807,1,0,0,0,0,0,0,0,1,0,0,0,1,1,1,1,1,1
2809,0,0,1,0,0,0,0,0,1,0,0,0,1,1,1,1,1,1
2811,1,0,0,0,0,0,0,0,1,0,0,0,1,1,1,1,1,1
2812,1,0,0,0,0,0,0,0,1,0,0,0,1,1,1,1,1,1
2813,0,0,0,0,0,0,1,0,1,0,0,0,1,1,1,1,1,1
2815,1,0,0,0,0,0,0,0,1,0,0,0,1,1,1,1,1,1
2816,1,0,0,0,0,0,0,0,1,0,0,0,1,1,1,1,1,1
2817,0,0,0,0,0,0,1,0,1,0,0,0,1,1,1,1,1,1
2818,0,0,1,0,0,0,0,0,1,0,0,0,1,1,1,1,1,1
2819,0,1,0,0,0,0,0,0,2,1,0,0,1,1,1,1,1,1
2821,0,0,0,0,0,0,1,0,2,1,0,0,1,1,1,1,1,1
2822,0,0,0,0,0,1,0,0,1,0,0,0,1,1,1,1,1,1
2823,0,0,0,0,0,0,1,0,2,1,0,0,1,1,1,1,1,1
2824,0,0,0,0,0,0,1,0,1,0,0,0,1,1,1,1,1,1
2825,1,0,0,0,0,0,0,0,1,0,0,0,1,1,1,1,1,1
2826,0,0,0,0,0,0,0,1,2,1,0,1,1,1,1,1,1,1
2828,1,0,0,0,0,0,0,0,1,0,0,0,1,1,1,1,1,1
2829,0,0,0,0,0,0,1,0,1,0,0,0,1,1,1,1,1,1
2831,0,0,0,0,0,0,0,1,2,1,0,1,1,1,1,1,1,1
2832,0,0,0,0,0,0,1,0,1,0,0,0,1,1,1,1,1,1
2833,1,0,0,0,0,0,0,0,1,0,0,0,1,1,1,1,1,1
2836,1,0,0,0,0,0,0,0,1,0,0,0,1,1,1,1,1,1
2838,0,0,0,0,0,0,0,1,2,1,0,1,1,1,1,1,1,1
2839,0,0,0,0,0,0,1,0,1,0,0,0,1,1,1,1,1,1
2840,1,0,0,0,0,0,0,0,1,0,0,0,1,1,1,1,1,1
2841,1,0,0,0,0,0,0,0,2,1,0,0,1,1,1,1,1,1
2844,1,0,0,0,0,0,0,0,1,0,0,0,1,1,1,1,1,1
2845,1,0,0,0,0,0,0,0,1,0,0,0,1,1,0,0,1,1
2846,1,0,0,0,0,0,0,0,1,0,0,0,1,1,1,1,1,1
2847,1,0,0,0,0,0,0,0,1,0,0,0,1,1,1,1,1,1
2848,1,0,0,0,0,0,0,0,1,0,0,0,1,1,1,1,1,1
2849,0,0,1,0,0,0,0,0,1,0,0,0,1,1,1,1,1,1
2850,0,0,0,0,0,0,1,0,3,1,0,0,1,1,1,1,1,1
2852,0,0,0,0,0,0,1,0,1,0,0,0,1,1,1,1,1,1
2853,0,0,0,0,0,0,1,0,1,0,0,0,1,1,1,1,1,1
2854,1,0,0,0,0,0,0,0,1,0,0,0,1,1,1,1,1,1
2855,0,0,0,0,0,0,1,0,1,0,0,0,1,1,1,1,1,1
2858,1,0,0,0,0,0,0,0,1,0,0,0,1,1,1,1,1,1
2859,0,0,1,0,0,0,0,0,1,0,0,0,1,1,1,1,1,1
2860,0,0,0,0,0,0,1,0,2,1,0,0,1,1,1,1,1,1
2861,0,1,0,0,0,0,0,0,2,1,0,0,1,1,1,1,1,1
2862,0,0,0,0,0,0,1,0,1,0,0,0,1,1,1,1,1,1
2863,0,0,0,0,0,0,1,0,1,0,0,0,1,1,1,1,1,1
2864,1,0,0,0,0,0,0,0,1,0,0,0,1,1,1,1,1,1
2865,0,0,0,0,0,0,1,0,1,0,0,0,1,1,1,1,1,1
2866,1,0,0,0,0,0,0,0,1,0,0,0,1,1,1,1,1,1
2867,1,0,0,0,0,0,0,0,1,0,0,0,1,1,1,1,1,1
2868,1,0,0,0,0,0,0,0,1,0,0,0,1,1,1,1,1,1
2869,0,0,0,0,0,0,1,0,1,0,0,0,1,1,1,1,1,1
2870,1,0,0,0,0,0,0,0,1,0,0,0,1,1,1,1,1,1
2871,1,0,0,0,0,0,0,0,1,0,0,0,1,1,1,1,1,1
2872,1,0,0,0,0,0,0,0,1,0,0,0,1,1,1,1,1,1
2873,0,0,0,0,0,0,0,1,2,1,0,1,1,1,1,1,1,1
2874,0,0,0,0,0,0,1,0,1,0,0,0,1,1,1,1,1,1
2876,0,0,0,0,0,1,0,0,2,1,0,0,1,1,1,1,1,1
2877,0,0,0,0,0,0,1,0,1,0,0,0,1,1,1,1,1,1
2878,0,0,0,0,0,0,1,0,1,0,0,0,1,1,1,1,1,1
2879,0,0,0,0,0,0,1,0,2,1,0,0,1,1,1,1,1,1
2881,0,0,0,0,0,0,0,1,3,1,0,1,1,1,1,1,1,1
2882,1,0,0,0,0,0,0,0,1,0,0,0,1,1,1,1,1,1
2884,0,0,0,0,0,1,0,0,1,0,0,0,1,1,1,1,1,1
2885,0,0,0,0,0,0,1,0,1,0,0,0,1,1,1,1,1,1
2886,1,0,0,0,0,0,0,0,1,0,0,0,1,1,1,1,1,1
2887,1,0,0,0,0,0,0,0,1,0,0,0,1,1,1,1,1,1
2889,0,0,0,0,0,0,1,0,1,0,0,0,1,1,1,1,1,1
2890,1,0,0,0,0,0,0,0,1,0,0,0,1,1,1,1,1,1
2892,1,0,0,0,0,0,0,0,1,0,0,0,1,1,1,1,1,1
2893,1,0,0,0,0,0,0,0,1,0,0,0,1,1,1,1,1,1
2895,0,0,0,0,0,0,1,0,1,0,0,0,1,1,1,1,1,1
2896,0,0,0,0,0,0,0,1,3,1,0,1,1,1,1,1,1,1
2897,0,0,0,0,0,0,1,0,2,1,0,0,1,1,1,1,1,1
2898,0,0,0,0,0,0,1,0,1,0,0,0,1,1,1,1,1,1
2899,0,0,0,0,0,0,1,0,1,0,0,0,1,1,1,1,1,1
2901,1,0,0,0,0,0,0,0,1,0,0,0,1,1,1,1,1,1
2902,0,0,1,0,0,0,0,0,1,0,0,0,1,1,1,1,1,1
2904,1,0,0,0,0,0,0,0,1,0,0,0,1,1,0,0,1,1
2905,1,0,0,0,0,0,0,0,1,0,0,0,1,1,0,0,1,1
2906,1,0,0,0,0,0,0,0,1,0,0,0,1,1,0,0,1,1
2907,1,0,0,0,0,0,0,0,1,0,0,0,1,1,0,0,1,1
2910,0,0,0,0,0,0,1,0,1,0,0,0,1,1,1,1,1,1
2911,0,0,1,0,0,0,0,0,1,0,0,0,1,1,1,1,1,1
2912,0,0,0,0,0,0,1,0,1,0,0,0,1,1,1,1,1,1
2913,0,0,1,0,0,0,0,0,2,1,0,0,1,1,1,1,1,1
2914,0,0,0,0,0,0,1,0,1,0,0,0,1,1,1,1,1,1
2915,1,0,0,0,0,0,0,0,1,0,0,0,1,1,1,1,1,1
2918,1,0,0,0,0,0,0,0,1,0,0,0,1,1,1,1,1,1
2919,1,0,0,0,0,0,0,0,1,0,0,0,1,1,1,1,1,1
2920,0,1,0,0,0,0,0,0,3,1,0,0,1,1,1,1,1,1
2921,1,0,0,0,0,0,0,0,2,1,0,0,1,1,1,1,1,1
2922,1,0,0,0,0,0,0,0,1,0,0,0,1,1,1,1,1,1
2923,1,0,0,0,0,0,0,0,1,0,0,0,1,1,1,1,1,1
2924,0,0,0,0,0,0,1,0,1,0,0,0,1,1,1,1,1,1
2925,1,0,0,0,0,0,0,0,1,0,0,0,1,1,1,1,1,1
2926,0,0,0,0,0,0,1,0,1,0,0,0,1,1,1,1,1,1
2927,1,0,0,0,0,0,0,0,1,0,0,0,1,1,1,1,1,1
2928,1,0,0,0,0,0,0,0,1,0,0,0,1,1,1,1,1,1
2929,0,0,0,0,0,0,1,0,1,0,0,0,1,1,1,1,1,1
2930,0,1,0,0,0,0,0,0,3,1,0,0,1,1,1,1,1,1
2931,0,0,0,0,0,0,1,0,1,0,0,0,1,1,1,1,1,1
2932,0,0,0,0,0,0,1,0,1,0,0,0,1,1,1,1,1,1
2934,1,0,0,0,0,0,0,0,1,0,0,0,1,1,1,1,1,1
2935,1,0,0,0,0,0,0,0,1,0,0,0,1,1,1,1,1,1
2936,1,0,0,0,0,0,0,0,1,0,0,0,1,1,1,1,1,1
2937,1,0,0,0,0,0,0,0,1,0,0,0,1,1,1,1,1,1
2938,1,0,0,0,0,0,0,0,1,0,0,0,1,1,1,1,1,1
2939,0,0,1,0,0,0,0,0,1,0,0,0,1,1,1,1,1,1
2941,0,0,0,0,0,0,0,1,2,1,0,1,1,1,1,1,1,1
2942,0,0,0,0,0,0,1,0,1,0,0,0,1,1,1,1,1,1
2943,0,0,0,0,0,0,1,0,1,0,0,0,1,1,1,1,1,1
2946,1,0,0,0,0,0,0,0,1,0,0,0,1,1,0,0,1,1
2947,1,0,0,0,0,0,0,0,1,0,0,0,1,1,1,1,1,1
2948,0,0,0,0,0,0,1,0,1,0,0,0,1,1,1,1,1,1
2949,0,0,0,0,0,0,1,0,1,0,0,0,1,1,1,1,1,1
2950,1,0,0,0,0,0,0,0,1,0,0,0,1,1,1,1,1,1
2951,0,0,1,0,0,0,0,0,1,0,0,0,1,1,1,1,1,1
2952,0,0,0,0,0,1,0,0,1,0,0,0,1,1,1,1,1,1
2953,1,0,0,0,0,0,0,0,1,0,0,0,1,1,0,0,1,1
2954,0,0,0,0,0,0,1,0,1,0,0,0,1,1,1,1,1,1
2955,0,0,0,0,0,0,1,0,2,1,0,0,1,1,1,1,1,1
2956,0,0,0,0,0,0,1,0,2,1,0,0,1,1,1,1,1,1
2957,1,0,0,0,0,0,0,0,1,0,0,0,1,1,1,1,1,1
2958,0,0,0,0,0,0,1,0,2,1,0,0,1,1,1,1,1,1
2959,0,0,0,0,0,0,1,0,1,0,0,0,1,1,1,1,1,1
2960,0,0,0,0,0,0,0,1,2,1,0,1,1,1,1,1,1,1
2962,0,0,0,0,0,0,1,0,2,1,0,0,1,1,1,1,1,1
2963,0,0,0,0,0,0,1,0,2,1,0,0,1,1,1,1,1,1
2964,0,0,0,0,0,0,1,0,1,0,0,0,1,1,1,1,1,1
2965,0,0,0,0,0,0,0,1,2,1,0,1,1,1,1,1,1,1
2966,0,0,0,0,0,0,1,0,1,0,0,0,1,1,1,1,1,1
2967,0,0,0,0,0,1,0,0,1,0,0,0,1,1,1,1,1,1
2968,0,0,0,0,0,0,1,0,1,0,0,0,1,1,1,1,1,1
2969,0,0,0,0,0,0,1,0,1,0,0,0,1,1,1,1,1,1
2970,0,0,1,0,0,0,0,0,1,0,0,0,1,1,1,1,1,1
2971,0,0,0,0,0,0,1,0,1,0,0,0,1,1,1,1,1,1
2972,0,0,1,0,0,0,0,0,1,0,0,0,1,1,1,1,1,1
2973,0,0,0,0,0,0,1,0,1,0,0,0,1,1,1,1,1,1
2974,0,0,0,0,0,0,1,0,1,0,0,0,1,1,1,1,1,1
2976,0,0,0,0,0,0,1,0,2,1,0,0,1,1,1,1,1,1
2977,0,0,0,0,0,0,1,0,1,0,0,0,1,1,1,1,1,1
2978,1,0,0,0,0,0,0,0,1,0,0,0,1,1,1,1,1,1
2979,0,0,0,0,0,0,1,0,1,0,0,0,1,1,1,1,1,1
2980,0,0,0,0,0,0,1,0,1,0,0,0,1,1,1,1,1,1
2981,0,0,0,0,0,0,1,0,1,0,0,0,1,1,1,1,1,1
2982,1,0,0,0,0,0,0,0,1,0,0,0,1,1,1,1,1,1
2983,0,0,0,0,0,0,1,0,1,0,0,0,1,1,0,0,1,1
2984,0,0,0,0,0,0,1,0,1,0,0,0,1,1,1,1,1,1
2985,0,0,0,0,0,0,1,0,1,0,0,0,1,1,1,1,1,1
2986,0,0,0,0,0,0,1,0,2,1,0,0,1,1,1,1,1,1
2987,0,0,0,0,0,0,1,0,1,0,0,0,1,1,1,1,1,1
2989,0,0,0,0,0,1,0,0,1,0,0,0,1,1,1,1,1,1
2990,0,0,0,0,0,0,1,0,1,0,0,0,1,1,1,1,1,1
2991,0,0,0,0,0,0,1,0,1,0,0,0,1,1,1,1,1,1
2993,0,0,1,0,0,0,0,0,1,0,0,0,1,1,1,1,1,1
2994,0,0,0,0,0,1,0,0,2,1,0,0,1,1,1,1,1,1
2995,0,0,0,0,0,0,1,0,1,0,0,0,1,1,1,1,1,1
2997,0,0,0,0,0,1,0,0,1,0,0,0,1,1,1,1,1,1
2998,0,0,0,0,0,1,0,0,1,0,0,0,1,1,1,1,1,1
2999,0,0,0,0,0,0,1,0,1,0,0,0,1,1,1,1,1,1
3000,0,0,0,0,0,0,1,0,1,0,0,0,1,1,1,1,1,1
3002,0,0,0,0,0,0,1,0,1,0,0,0,1,1,1,1,1,1
3004,0,0,0,0,0,1,0,0,1,0,0,0,1,1,1,1,1,1
3005,0,0,0,0,0,1,0,0,1,0,0,0,1,1,1,1,1,1
3006,0,0,0,0,0,1,0,0,1,0,0,0,1,1,1,1,1,1
3007,0,0,0,0,0,0,1,0,1,0,0,0,1,1,1,1,1,1
3008,0,0,0,0,0,1,0,0,1,0,0,0,1,1,1,1,1,1
3009,0,0,0,0,0,0,1,0,1,0,0,0,1,1,1,1,1,1
3010,0,0,0,0,0,1,0,0,3,1,0,0,1,1,1,1,1,1
3011,0,0,0,0,0,1,0,0,1,0,0,0,1,1,1,1,1,1
3012,0,0,0,0,0,0,1,0,1,0,0,0,1,1,1,1,1,1
3014,0,0,0,0,0,1,0,0,1,0,0,0,1,1,1,1,1,1
3016,0,0,0,0,0,0,1,0,1,0,0,0,1,1,1,1,1,1
3017,0,0,0,0,0,1,0,0,1,0,0,0,1,1,1,1,1,1
3018,0,0,0,0,0,1,0,0,1,0,0,0,1,1,1,1,1,1
3019,0,0,0,0,0,1,0,0,1,0,0,0,1,1,1,1,1,1
3020,0,0,0,0,0,1,0,0,2,1,0,0,1,1,1,1,1,1
3021,0,0,0,0,0,1,0,0,1,0,0,0,1,1,1,1,1,1
3022,0,0,0,0,0,1,0,0,1,0,0,0,1,1,1,1,1,1
3023,0,0,0,0,0,0,1,0,1,0,0,0,1,1,1,1,1,1
3024,0,0,0,0,0,1,0,0,1,0,0,0,1,1,1,1,1,1
3025,0,0,0,0,0,1,0,0,1,0,0,0,1,1,1,1,1,1
3026,0,0,0,0,0,1,0,0,1,0,0,0,1,1,1,1,1,1
3027,0,0,0,0,0,1,0,0,1,0,0,0,1,1,1,1,1,1
3028,0,0,0,0,0,1,0,0,1,0,0,0,1,1,1,1,1,1
3029,0,0,0,0,0,1,0,0,1,0,0,0,1,1,1,1,1,1
3030,0,0,0,0,0,1,0,0,1,0,0,0,1,1,1,1,1,1
3031,0,0,0,0,0,1,0,0,1,0,0,0,1,1,1,1,1,1
3032,0,0,0,0,0,0,1,0,1,0,0,0,1,1,1,1,1,1
3033,0,0,0,0,0,0,1,0,1,0,0,0,1,1,1,1,1,1
3034,0,0,0,0,0,1,0,0,1,0,0,0,1,1,1,1,1,1
3035,0,0,0,0,0,1,0,0,1,0,0,0,1,1,1,1,1,1
3036,0,0,0,0,0,0,1,0,1,0,0,0,1,1,1,1,1,1
3037,0,0,0,0,0,1,0,0,1,0,0,0,1,1,1,1,1,1
3038,0,0,0,0,0,1,0,0,2,1,0,0,1,1,1,1,1,1
3039,0,0,0,0,0,0,1,0,1,0,0,0,1,1,1,1,1,1
3040,0,0,0,0,0,1,0,0,1,0,0,0,1,1,1,1,1,1
3041,0,0,0,0,0,1,0,0,1,0,0,0,1,1,1,1,1,1
3042,0,0,0,0,0,1,0,0,1,0,0,0,1,1,1,1,1,1
3043,0,0,0,1,0,0,0,0,1,0,0,0,1,1,1,1,1,1
3044,0,0,0,0,0,1,0,0,1,0,0,0,1,1,1,1,1,1
3045,0,0,0,0,0,1,0,0,1,0,0,0,1,1,1,1,1,1
3046,0,0,0,0,0,0,1,0,1,0,0,0,1,1,1,1,1,1
3047,0,0,0,0,0,1,0,0,1,0,0,0,1,1,1,1,1,1
3052,0,0,0,0,0,1,0,0,1,0,0,0,1,1,1,1,1,1
3053,0,0,0,0,0,0,1,0,1,0,0,0,1,1,1,1,1,1
3054,0,0,0,0,0,1,0,0,1,0,0,0,1,1,1,1,1,1
3055,0,0,0,0,0,1,0,0,2,1,0,0,1,1,1,1,1,1
3056,0,0,0,0,0,1,0,0,1,0,0,0,1,1,1,1,1,1
3057,0,0,0,0,0,1,0,0,1,0,0,0,1,1,1,1,1,1
3058,0,0,0,0,0,1,0,0,2,1,0,0,1,1,1,1,1,1
3059,0,0,0,0,0,1,0,0,1,0,0,0,1,1,1,1,1,1
3060,0,0,0,0,0,1,0,0,1,0,0,0,1,1,1,1,1,1
3061,0,0,0,0,0,0,1,0,1,0,0,0,1,1,1,1,1,1
3062,0,0,0,1,0,0,0,0,1,0,0,0,1,1,1,1,1,1
3063,0,0,0,0,0,1,0,0,1,0,0,0,1,1,1,1,1,1
3066,0,0,0,0,0,1,0,0,1,0,0,0,1,1,1,1,1,1
3067,0,0,0,0,0,1,0,0,1,0,0,0,1,1,1,1,1,1
3068,0,0,0,0,0,1,0,0,1,0,0,0,1,1,1,1,1,1
3069,0,0,0,0,0,1,0,0,1,0,0,0,1,1,1,1,1,1
3070,0,0,0,0,0,0,1,0,1,0,0,0,1,1,1,1,1,1
3071,0,0,0,0,0,0,1,0,1,0,0,0,1,1,1,1,1,1
3072,0,0,0,0,0,1,0,0,1,0,0,0,1,1,1,1,1,1
3073,0,0,0,0,0,0,1,0,1,0,0,0,1,1,1,1,1,1
3074,0,0,0,0,0,1,0,0,1,0,0,0,1,1,1,1,1,1
3076,0,0,0,0,0,1,0,0,1,0,0,0,1,1,1,1,1,1
3077,0,0,0,0,0,0,1,0,1,0,0,0,1,1,1,1,1,1
3078,0,0,0,0,0,0,1,0,1,0,0,0,1,1,1,1,1,1
3079,0,0,0,0,0,0,1,0,1,0,0,0,1,1,1,1,1,1
3080,0,0,0,0,0,0,1,0,1,0,0,0,1,1,1,1,1,1
3081,0,0,0,0,0,1,0,0,1,0,0,0,1,1,1,1,1,1
3082,0,0,0,0,0,1,0,0,2,1,0,0,1,1,1,1,1,1
3083,0,0,0,0,0,1,0,0,1,0,0,0,1,1,1,1,1,1
3084,0,0,0,0,0,0,1,0,1,0,0,0,1,1,1,1,1,1
3085,0,0,0,0,0,1,0,0,1,0,0,0,1,1,1,1,1,1
3086,0,0,0,0,0,1,0,0,2,1,0,0,1,1,1,1,1,1
3087,0,0,0,0,0,0,1,0,1,0,0,0,1,1,1,1,1,1
3088,0,0,0,0,0,1,0,0,1,0,0,0,1,1,1,1,1,1
3090,0,0,0,0,0,0,1,0,1,0,0,0,1,1,1,1,1,1
3091,0,0,0,0,0,1,0,0,1,0,0,0,1,1,1,1,1,1
3093,0,0,0,0,0,1,0,0,2,1,0,0,1,1,1,1,1,1
3094,0,0,0,0,0,1,0,0,1,0,0,0,1,1,1,1,1,1
3098,0,0,0,0,0,1,0,0,1,0,0,0,1,1,1,1,1,1
3100,0,0,0,0,0,1,0,0,1,0,0,0,1,1,1,1,1,1
3101,0,0,0,0,0,1,0,0,1,0,0,0,1,1,1,1,1,1
3102,0,0,0,0,0,0,1,0,1,0,0,0,1,1,1,1,1,1
3104,0,0,0,0,0,0,1,0,1,0,0,0,1,1,1,1,1,1
3105,0,0,0,0,0,1,0,0,1,0,0,0,1,1,1,1,1,1
3108,0,0,0,1,0,0,0,0,1,0,0,0,1,1,1,1,1,1
3109,0,0,0,0,0,0,1,0,1,0,0,0,1,1,1,1,1,1
3110,0,0,0,0,0,0,1,0,1,0,0,0,1,1,1,1,1,1
3111,0,0,0,0,0,1,0,0,1,0,0,0,1,1,1,1,1,1
3112,0,0,0,0,0,0,1,0,1,0,0,0,1,1,1,1,1,1
3113,0,0,0,0,0,0,1,0,1,0,0,0,1,1,1,1,1,1
3114,0,0,0,0,0,1,0,0,1,0,0,0,1,1,1,1,1,1
3116,0,0,0,0,0,1,0,0,1,0,0,0,1,1,1,1,1,1
3117,0,0,0,0,0,0,1,0,1,0,0,0,1,1,1,1,1,1
3118,0,0,0,1,0,0,0,0,1,0,0,0,1,1,1,1,1,1
3119,0,0,0,0,0,0,1,0,1,0,0,0,1,1,1,1,1,1
3120,0,0,0,0,0,0,1,0,1,0,0,0,1,1,1,1,1,1
3121,0,0,0,0,0,0,1,0,1,0,0,0,1,1,1,1,1,1
3122,0,0,0,0,0,0,1,0,1,0,0,0,1,1,1,1,1,1
3123,0,0,0,0,0,1,0,0,1,0,0,0,1,1,1,1,1,1
3124,0,0,0,0,0,1,0,0,1,0,0,0,1,1,1,1,1,1
3125,0,0,0,0,0,1,0,0,1,0,0,0,1,1,1,1,1,1
3127,0,0,0,0,0,1,0,0,1,0,0,0,1,1,1,1,1,1
3130,0,0,0,0,0,1,0,0,1,0,0,0,1,1,1,1,1,1
3131,0,0,0,0,0,1,0,0,1,0,0,0,1,1,1,1,1,1
3132,0,0,0,0,0,1,0,0,1,0,0,0,1,1,1,1,1,1
3134,0,0,0,0,0,1,0,0,2,1,0,0,1,1,1,1,1,1
3135,0,0,0,0,0,1,0,0,2,1,0,0,1,1,1,1,1,1
3136,0,0,0,0,0,1,0,0,1,0,0,0,1,1,1,1,1,1
3137,0,0,0,0,0,1,0,0,1,0,0,0,1,1,1,1,1,1
3138,0,0,0,0,0,1,0,0,1,0,0,0,1,1,1,1,1,1
3139,0,0,0,0,0,0,1,0,1,0,0,0,1,1,1,1,1,1
3140,0,0,0,0,0,1,0,0,1,0,0,0,1,1,1,1,1,1
3141,0,0,0,0,0,1,0,0,1,0,0,0,1,1,1,1,1,1
3142,0,0,0,0,0,0,1,0,1,0,0,0,1,1,1,1,1,1
3145,0,0,0,0,0,1,0,0,1,0,0,0,1,1,1,1,1,1
3146,0,0,0,0,0,0,0,1,4,1,0,1,1,1,1,1,1,1
3147,0,0,0,0,0,1,0,0,1,0,0,0,1,1,1,1,1,1
3148,0,0,0,0,0,1,0,0,1,0,0,0,1,1,1,1,1,1
3149,0,0,0,0,0,1,0,0,2,1,0,0,1,1,1,1,1,1
3150,0,0,0,0,0,0,1,0,1,0,0,0,1,1,1,1,1,1
3151,0,0,0,0,0,1,0,0,1,0,0,0,1,1,1,1,1,1
3153,0,0,0,0,0,1,0,0,1,0,0,0,1,1,1,1,1,1
3155,0,0,0,0,0,1,0,0,1,0,0,0,1,1,1,1,1,1
3156,0,0,0,0,0,1,0,0,1,0,0,0,1,1,1,1,1,1
3157,0,0,0,0,0,1,0,0,1,0,0,0,1,1,1,1,1,1
3158,0,0,0,0,0,0,1,0,1,0,0,0,1,1,1,1,1,1
3159,0,0,0,0,0,1,0,0,1,0,0,0,1,1,1,1,1,1
3160,0,0,0,0,0,1,0,0,1,0,0,0,1,1,1,1,1,1
3161,0,0,0,0,0,0,1,0,1,0,0,0,1,1,1,1,1,1
3162,0,0,0,0,0,0,1,0,1,0,0,0,1,1,1,1,1,1
3163,0,0,0,0,0,1,0,0,1,0,0,0,1,1,1,1,1,1
3164,0,0,0,0,0,1,0,0,1,0,0,0,1,1,1,1,1,1
3167,0,0,0,0,0,1,0,0,1,0,0,0,1,1,1,1,1,1
3169,0,0,0,0,0,1,0,0,2,1,0,0,1,1,1,1,1,1
3170,0,0,0,0,0,1,0,0,1,0,0,0,1,1,1,1,1,1
3171,0,0,0,0,0,1,0,0,1,0,0,0,1,1,1,1,1,1
3172,0,0,0,0,0,1,0,0,1,0,0,0,1,1,1,1,1,1
3174,0,0,0,0,0,1,0,0,1,0,0,0,1,1,1,1,1,1
3175,0,0,0,0,0,1,0,0,1,0,0,0,1,1,1,1,1,1
3176,0,0,0,0,0,0,0,1,2,1,0,1,1,1,1,1,1,1
3177,0,0,0,0,0,0,1,0,1,0,0,0,1,1,1,1,1,1
3178,0,0,0,0,0,1,0,0,1,0,0,0,1,1,1,1,1,1
3179,0,0,0,0,0,0,1,0,1,0,0,0,1,1,1,1,1,1
3180,0,0,0,0,0,0,0,1,3,1,0,1,1,1,1,1,1,1
3181,0,0,1,0,0,0,0,0,1,0,0,0,1,1,1,1,1,1
3183,0,0,1,0,0,0,0,0,1,0,0,0,1,1,1,1,1,1
3184,0,0,0,0,0,0,1,0,1,0,0,0,1,1,1,1,1,1
3186,1,0,0,0,0,0,0,0,1,0,0,0,1,1,1,1,1,1
3187,0,0,0,0,0,0,1,0,1,0,0,0,1,1,1,1,1,1
3188,0,0,0,0,0,0,1,0,1,0,0,0,1,1,1,1,1,1
3189,0,1,0,0,0,0,0,0,2,1,0,0,1,1,1,1,1,1
3190,0,0,0,0,0,0,1,0,1,0,0,0,1,1,1,1,1,1
3191,0,0,0,0,0,0,1,0,1,0,0,0,1,1,1,1,1,1
3192,0,0,0,0,0,0,1,0,2,1,0,0,1,1,1,1,1,1
3193,0,0,0,0,0,0,1,0,1,0,0,0,1,1,1,1,1,1
3194,0,0,0,0,0,0,1,0,1,0,0,0,1,1,1,1,1,1
3195,0,0,1,0,0,0,0,0,2,1,0,0,1,1,1,1,1,1
3196,0,0,1,0,0,0,0,0,1,0,0,0,1,1,1,1,1,1
3197,0,0,1,0,0,0,0,0,1,0,0,0,1,1,1,1,1,1
3198,1,0,0,0,0,0,0,0,1,0,0,0,1,1,1,1,1,1
3199,1,0,0,0,0,0,0,0,1,0,0,0,1,1,1,1,1,1
3201,1,0,0,0,0,0,0,0,2,1,0,0,1,1,1,1,1,1
3202,1,0,0,0,0,0,0,0,1,0,0,0,1,1,1,1,1,1
3203,1,0,0,0,0,0,0,0,1,0,0,0,1,1,1,1,1,1
3204,0,1,0,0,0,0,0,0,2,1,0,0,1,1,1,1,1,1
3205,1,0,0,0,0,0,0,0,1,0,0,0,1,1,1,1,1,1
3206,1,0,0,0,0,0,0,0,1,0,0,0,1,1,1,1,1,1
3207,1,0,0,0,0,0,0,0,1,0,0,0,1,1,1,1,1,1
3209,1,0,0,0,0,0,0,0,1,0,0,0,1,1,1,1,1,1
3210,1,0,0,0,0,0,0,0,1,0,0,0,1,1,1,1,1,1
3213,1,0,0,0,0,0,0,0,1,0,0,0,1,1,1,1,1,1
3214,1,0,0,0,0,0,0,0,1,0,0,0,1,1,1,1,1,1
3216,1,0,0,0,0,0,0,0,1,0,0,0,1,1,1,1,1,1
3217,1,0,0,0,0,0,0,0,1,0,0,0,1,1,1,1,1,1
3219,0,0,1,0,0,0,0,0,1,0,0,0,1,1,1,1,1,1
3220,0,0,0,0,0,0,1,0,1,0,0,0,1,1,1,1,1,1
3221,0,0,0,0,0,0,1,0,1,0,0,0,1,1,1,1,1,1
3222,0,0,0,0,0,0,1,0,2,1,0,0,1,1,1,1,1,1
3223,0,0,1,0,0,0,0,0,1,0,0,0,1,1,1,1,1,1
3224,0,0,1,0,0,0,0,0,1,0,0,0,1,1,1,1,1,1
3225,0,0,0,0,0,0,1,0,3,1,0,0,1,1,1,1,1,1
3226,0,0,0,0,0,0,1,0,1,0,0,0,1,1,1,1,1,1
3227,0,0,0,0,0,1,0,0,5,1,1,0,1,1,1,1,1,1
3228,0,0,0,0,0,0,1,0,2,1,0,0,1,1,1,1,1,1
3229,0,0,0,0,0,0,1,0,1,0,0,0,1,1,1,1,1,1
3231,0,0,1,0,0,0,0,0,1,0,0,0,1,1,1,1,1,1
3232,0,0,0,0,0,0,1,0,1,0,0,0,1,1,1,1,1,1
3233,1,0,0,0,0,0,0,0,1,0,0,0,1,1,1,1,1,1
3234,0,0,0,0,0,0,1,0,1,0,0,0,1,1,1,1,1,1
3235,0,0,0,0,0,0,1,0,1,0,0,0,1,1,1,1,1,1
3236,0,0,1,0,0,0,0,0,1,0,0,0,1,1,1,1,1,1
3237,0,0,0,0,0,0,1,0,2,1,0,0,1,1,1,1,1,1
3238,0,0,0,0,0,0,1,0,1,0,0,0,1,1,1,1,1,1
3239,0,0,1,0,0,0,0,0,1,0,0,0,1,1,1,1,1,1
3240,1,0,0,0,0,0,0,0,1,0,0,0,1,1,1,1,1,1
3241,0,0,0,0,0,0,1,0,1,0,0,0,1,1,1,1,1,1
3242,0,0,1,0,0,0,0,0,1,0,0,0,1,1,1,1,1,1
3243,0,0,0,0,0,0,1,0,2,1,0,0,1,1,1,1,1,1
3247,1,0,0,0,0,0,0,0,1,0,0,0,1,1,1,1,1,1
3248,1,0,0,0,0,0,0,0,1,0,0,0,1,1,1,1,1,1
3249,0,0,0,0,0,1,0,0,1,0,0,0,1,1,1,1,1,1
3250,1,0,0,0,0,0,0,0,1,0,0,0,1,1,1,1,1,1
3251,0,0,1,0,0,0,0,0,2,1,0,0,1,1,1,1,1,1
3252,0,0,1,0,0,0,0,0,1,0,0,0,1,1,1,1,1,1
3253,0,0,1,0,0,0,0,0,1,0,0,0,1,1,1,1,1,1
3254,1,0,0,0,0,0,0,0,1,0,0,0,1,1,1,1,1,1
3256,1,0,0,0,0,0,0,0,1,0,0,0,1,1,1,1,1,1
3257,0,0,1,0,0,0,0,0,1,0,0,0,1,1,1,1,1,1
3259,0,0,0,0,0,0,1,0,1,0,0,0,1,1,1,1,1,1
3260,0,0,1,0,0,0,0,0,1,0,0,0,1,1,1,1,1,1
3261,1,0,0,0,0,0,0,0,1,0,0,0,1,1,1,1,1,1
3262,0,0,0,0,0,0,1,0,1,0,0,0,1,1,1,1,1,1
3263,0,1,0,0,0,0,0,0,2,1,0,0,1,1,1,1,1,1
3264,1,0,0,0,0,0,0,0,1,0,0,0,1,1,1,1,1,1
3265,1,0,0,0,0,0,0,0,1,0,0,0,1,1,1,1,1,1
3266,1,0,0,0,0,0,0,0,2,1,0,0,1,1,1,1,1,1
3267,1,0,0,0,0,0,0,0,1,0,0,0,1,1,1,1,1,1
3268,1,0,0,0,0,0,0,0,1,0,0,0,1,1,1,1,1,1
3269,1,0,0,0,0,0,0,0,1,0,0,0,1,1,1,1,1,1
3270,1,0,0,0,0,0,0,0,1,0,0,0,1,1,1,1,1,1
3271,0,1,0,0,0,0,0,0,2,1,0,0,1,1,1,1,1,1
3272,0,0,0,0,0,0,1,0,1,0,0,0,1,1,1,1,1,1
3273,0,0,1,0,0,0,0,0,1,0,0,0,1,1,1,1,1,1
3274,0,0,0,1,0,0,0,0,1,0,0,0,1,1,1,1,1,1
3275,1,0,0,0,0,0,0,0,2,1,0,0,1,1,1,1,1,1
3276,0,0,0,0,0,0,1,0,1,0,0,0,1,1,1,1,1,1
3278,0,0,1,0,0,0,0,0,1,0,0,0,1,1,1,1,1,1
3279,0,0,0,0,0,0,1,0,1,0,0,0,1,1,1,1,1,1
3280,0,0,1,0,0,0,0,0,1,0,0,0,1,1,1,1,1,1
3281,0,0,1,0,0,0,0,0,1,0,0,0,1,1,1,1,1,1
3282,0,1,0,0,0,0,0,0,2,1,0,0,1,1,1,1,1,1
3283,0,0,0,0,0,0,1,0,1,0,0,0,1,1,1,1,1,1
3284,0,0,1,0,0,0,0,0,1,0,0,0,1,1,1,1,1,1
3285,0,0,0,0,0,0,1,0,1,0,0,0,1,1,1,1,1,1
3287,0,0,1,0,0,0,0,0,1,0,0,0,1,1,1,1,1,1
3288,0,0,1,0,0,0,0,0,2,1,0,0,1,1,1,1,1,1
3290,0,0,0,0,0,0,1,0,1,0,0,0,1,1,1,1,1,1
3291,0,0,0,0,0,0,1,0,1,0,0,0,1,1,1,1,1,1
3292,0,0,0,0,0,0,1,0,1,0,0,0,1,1,1,1,1,1
3293,0,0,0,0,0,0,1,0,1,0,0,0,1,1,1,1,1,1
3294,0,0,0,0,0,0,1,0,1,0,0,0,1,1,1,1,1,1
3295,0,0,0,0,0,0,1,0,1,0,0,0,1,1,1,1,1,1
3296,0,0,0,0,0,0,1,0,1,0,0,0,1,1,1,1,1,1
3297,0,0,0,0,0,0,1,0,1,0,0,0,1,1,1,1,1,1
3298,0,0,0,0,0,0,1,0,1,0,0,0,1,1,1,1,1,1
3300,0,0,0,0,0,0,1,0,1,0,0,0,1,1,1,1,1,1
3301,0,0,0,0,0,0,1,0,1,0,0,0,1,1,1,1,1,1
3302,0,0,0,0,0,0,1,0,1,0,0,0,1,1,1,1,1,1
3303,0,0,0,0,0,0,1,0,1,0,0,0,1,1,1,1,1,1
3304,0,0,0,0,0,0,1,0,1,0,0,0,1,1,1,1,1,1
3305,0,0,0,0,0,0,1,0,1,0,0,0,1,1,1,1,1,1
3306,0,0,0,0,0,0,1,0,1,0,0,0,1,1,1,1,1,1
3309,0,0,0,0,0,0,0,1,2,1,0,1,1,1,1,1,1,1
3311,0,0,0,0,0,0,1,0,1,0,0,0,1,1,1,1,1,1
3312,0,0,0,0,0,0,1,0,1,0,0,0,1,1,1,1,1,1
3313,0,0,1,0,0,0,0,0,1,0,0,0,1,1,1,1,1,1
3314,0,0,0,0,0,0,1,0,1,0,0,0,1,1,1,1,1,1
3315,0,0,0,0,0,0,1,0,1,0,0,0,1,1,1,1,1,1
3316,1,0,0,0,0,0,0,0,1,0,0,0,1,1,1,1,1,1
3317,1,0,0,0,0,0,0,0,1,0,0,0,1,1,1,1,1,1
3318,1,0,0,0,0,0,0,0,1,0,0,0,1,1,1,1,1,1
3319,0,0,0,0,0,0,1,0,1,0,0,0,1,1,1,1,1,1
3320,0,0,0,0,0,0,1,0,5,1,0,0,1,1,1,1,1,1
3322,1,0,0,0,0,0,0,0,1,0,0,0,1,1,1,1,1,1
3323,0,0,0,0,0,0,1,0,2,1,0,0,1,1,1,1,1,1
3324,0,0,0,0,0,0,1,0,1,0,0,0,1,1,1,1,1,1
3325,1,0,0,0,0,0,0,0,1,0,0,0,1,1,1,1,1,1
3326,0,0,1,0,0,0,0,0,1,0,0,0,1,1,1,1,1,1
3328,0,0,1,0,0,0,0,0,1,0,0,0,1,1,1,1,1,1
3329,0,0,1,0,0,0,0,0,1,0,0,0,1,1,1,1,1,1
3330,1,0,0,0,0,0,0,0,1,0,0,0,1,1,1,1,1,1
3331,0,0,0,0,0,0,1,0,1,0,0,0,1,1,1,1,1,1
3332,1,0,0,0,0,0,0,0,1,0,0,0,1,1,1,1,1,1
3333,0,0,0,0,0,0,1,0,2,1,0,0,1,1,1,1,1,1
3334,0,0,0,0,0,0,1,0,2,1,0,0,1,1,1,1,1,1
3335,1,0,0,0,0,0,0,0,2,1,0,0,1,1,1,1,1,1
3336,0,0,1,0,0,0,0,0,1,0,0,0,1,1,1,1,1,1
3337,0,1,0,0,0,0,0,0,2,1,0,0,1,1,1,1,1,1
3339,0,0,0,0,0,0,1,0,1,0,0,0,1,1,1,1,1,1
3340,0,0,0,0,0,0,1,0,4,1,0,0,1,1,1,1,1,1
3341,0,0,1,0,0,0,0,0,1,0,0,0,1,1,1,1,1,1
3342,1,0,0,0,0,0,0,0,1,0,0,0,1,1,1,1,1,1
3343,0,0,0,0,0,0,1,0,2,1,0,0,1,1,1,1,1,1
3344,1,0,0,0,0,0,0,0,1,0,0,0,1,1,1,1,1,1
3345,0,0,0,0,0,0,0,1,2,1,0,1,1,1,1,1,1,1
3346,0,0,1,0,0,0,0,0,1,0,0,0,1,1,1,1,1,1
3347,1,0,0,0,0,0,0,0,1,0,0,0,1,1,1,1,1,1
3348,1,0,0,0,0,0,0,0,1,0,0,0,1,1,1,1,1,1
3349,1,0,0,0,0,0,0,0,1,0,0,0,1,1,1,1,1,1
3351,0,0,0,0,0,0,1,0,2,1,0,0,1,1,1,1,1,1
3352,0,0,0,0,0,0,1,0,4,1,0,0,1,1,1,1,1,1
3353,0,0,0,0,0,0,1,0,1,0,0,0,1,1,1,1,1,1
3354,1,0,0,0,0,0,0,0,1,0,0,0,1,1,1,1,1,1
3355,0,0,1,0,0,0,0,0,1,0,0,0,1,1,1,1,1,1
3357,0,0,1,0,0,0,0,0,1,0,0,0,1,1,1,1,1,1
3358,0,0,0,0,0,0,1,0,3,1,0,0,1,1,1,1,1,1
3359,0,0,0,0,0,0,1,0,1,0,0,0,1,1,1,1,1,1
3360,1,0,0,0,0,0,0,0,1,0,0,0,1,1,1,1,1,1
3364,0,0,0,0,0,0,1,0,1,0,0,0,1,1,1,1,1,1
3365,1,0,0,0,0,0,0,0,1,0,0,0,1,1,1,1,1,1
3366,0,0,1,0,0,0,0,0,1,0,0,0,1,1,1,1,1,1
3367,0,1,0,0,0,0,0,0,3,1,0,0,1,1,1,1,1,1
3368,0,0,0,0,0,0,1,0,1,0,0,0,1,1,1,1,1,1
3369,1,0,0,0,0,0,0,0,1,0,0,0,1,1,1,1,1,1
3370,0,0,0,0,0,0,1,0,1,0,0,0,1,1,1,1,1,1
3371,0,0,0,0,0,1,0,0,1,0,0,0,1,1,1,1,1,1
3372,0,0,0,1,0,0,0,0,1,0,0,0,1,1,1,1,1,1
3374,1,0,0,0,0,0,0,0,2,1,0,0,1,1,1,1,1,1
3375,0,0,0,0,0,0,1,0,1,0,0,0,1,1,1,0,1,1
3376,0,0,0,0,0,1,0,0,1,0,0,0,1,1,1,1,1,1
3377,0,0,0,0,0,0,1,0,2,1,0,0,1,1,1,1,1,1
3378,0,0,0,0,0,1,0,0,1,0,0,0,1,1,1,1,1,1
3379,0,0,0,0,0,0,1,0,2,1,0,0,1,1,1,1,1,1
3380,0,0,0,0,0,0,1,0,1,0,0,0,1,1,1,1,1,1
3381,0,0,0,0,0,1,0,0,1,0,0,0,1,1,1,1,1,1
3383,0,0,0,0,0,0,1,0,1,0,0,0,1,1,1,1,1,1
3384,1,0,0,0,0,0,0,0,1,0,0,0,1,1,1,1,1,1
3386,0,0,0,0,0,0,1,0,2,1,0,0,1,1,1,1,1,1
3387,1,0,0,0,0,0,0,0,2,1,0,0,1,1,1,1,1,1
3388,1,0,0,0,0,0,0,0,1,0,0,0,1,1,1,1,1,1
3389,0,0,0,0,0,0,1,0,2,1,0,0,1,1,1,1,1,1
3390,0,0,0,0,0,1,0,0,1,0,0,0,1,1,1,1,1,1
3391,0,0,0,0,0,1,0,0,1,0,0,0,1,1,1,1,1,1
3392,0,0,0,0,0,1,0,0,1,0,0,0,1,1,1,1,1,1
3393,0,0,0,0,0,0,1,0,1,0,0,0,1,1,1,1,1,1
3394,0,0,0,0,0,1,0,0,1,0,0,0,1,1,1,1,1,1
3395,0,0,0,0,0,1,0,0,1,0,0,0,1,1,1,1,1,1
3396,0,0,0,0,0,0,1,0,1,0,0,0,1,1,1,1,1,1
3398,1,0,0,0,0,0,0,0,2,1,0,0,1,1,1,1,1,1
3399,0,0,1,0,0,0,0,0,1,0,0,0,1,1,1,1,1,1
3400,0,0,0,0,0,1,0,0,1,0,0,0,1,1,1,1,1,1
3402,0,0,0,0,0,0,0,1,2,1,0,1,1,1,1,1,1,1
3405,0,0,0,0,0,0,1,0,2,1,0,0,1,1,1,1,1,1
3407,0,0,0,0,0,0,1,0,1,0,0,0,1,1,1,1,1,1
3408,0,0,0,0,0,0,0,1,2,1,0,1,1,1,1,1,1,1
3409,0,0,0,0,0,0,1,0,1,0,0,0,1,1,1,1,1,1
3412,0,0,0,0,0,1,0,0,1,0,0,0,1,1,1,1,1,1
3414,0,0,0,0,0,1,0,0,1,0,0,0,1,1,1,1,1,1
3415,0,0,0,0,0,0,1,0,1,0,0,0,1,1,1,1,1,1
3416,0,0,0,0,0,1,0,0,1,0,0,0,1,1,1,1,1,1
3417,0,0,0,0,0,0,1,0,2,1,0,0,1,1,1,1,1,1
3418,0,0,0,0,0,1,0,0,2,1,0,0,1,1,1,1,1,1
3419,0,0,0,0,0,1,0,0,1,0,0,0,1,1,1,1,1,1
3420,0,0,0,0,0,1,0,0,1,0,0,0,1,1,1,1,1,1
3421,0,0,0,0,0,1,0,0,1,0,0,0,1,1,1,1,1,1
3422,1,0,0,0,0,0,0,0,1,0,0,0,1,1,1,1,1,1
3423,1,0,0,0,0,0,0,0,1,0,0,0,1,1,1,1,1,1
3424,0,0,0,0,0,0,0,1,3,1,0,1,1,1,1,1,1,1
3425,1,0,0,0,0,0,0,0,1,0,0,0,1,1,1,1,1,1
3426,0,0,1,0,0,0,0,0,1,0,0,0,1,1,1,1,1,1
3427,1,0,0,0,0,0,0,0,1,0,0,0,1,1,1,1,1,1
3428,0,0,1,0,0,0,0,0,1,0,0,0,1,1,1,1,1,1
3431,0,1,0,0,0,0,0,0,2,1,0,0,1,1,1,1,1,1
3433,1,0,0,0,0,0,0,0,1,0,0,0,1,1,1,1,1,1
3434,1,0,0,0,0,0,0,0,1,0,0,0,1,1,1,1,1,1
3435,1,0,0,0,0,0,0,0,2,1,0,0,1,1,1,1,1,1
3436,1,0,0,0,0,0,0,0,1,0,0,0,1,1,1,1,1,1
3437,1,0,0,0,0,0,0,0,1,0,0,0,1,1,1,1,1,1
3438,1,0,0,0,0,0,0,0,1,0,0,0,1,1,1,1,1,1
3439,1,0,0,0,0,0,0,0,1,0,0,0,1,1,1,1,1,1
3440,0,0,0,0,0,0,1,0,1,0,0,0,1,1,1,1,1,1
3441,1,0,0,0,0,0,0,0,1,0,0,0,1,1,1,1,1,1
3442,1,0,0,0,0,0,0,0,1,0,0,0,1,1,1,1,1,1
3443,1,0,0,0,0,0,0,0,1,0,0,0,1,1,1,1,1,1
3444,1,0,0,0,0,0,0,0,1,0,0,0,1,1,1,1,1,1
3445,1,0,0,0,0,0,0,0,1,0,0,0,1,1,1,1,1,1
3446,0,0,0,0,0,0,1,0,1,0,0,0,1,1,1,1,1,1
3447,1,0,0,0,0,0,0,0,1,0,0,0,1,1,1,1,1,1
3448,1,0,0,0,0,0,0,0,1,0,0,0,1,1,1,1,1,1
3449,1,0,0,0,0,0,0,0,1,0,0,0,1,1,1,1,1,1
3450,1,0,0,0,0,0,0,0,2,1,0,0,1,1,1,1,1,1
3451,0,0,0,0,0,0,1,0,1,0,0,0,1,1,1,1,1,1
3452,0,0,0,0,0,0,1,0,1,0,0,0,1,1,1,1,1,1
3453,0,0,1,0,0,0,0,0,1,0,0,0,1,1,1,1,1,1
3454,0,0,1,0,0,0,0,0,1,0,0,0,1,1,1,1,1,1
3455,0,0,1,0,0,0,0,0,1,0,0,0,1,1,1,1,1,1
3456,0,0,1,0,0,0,0,0,1,0,0,0,1,1,1,1,1,1
3457,1,0,0,0,0,0,0,0,1,0,0,0,1,1,1,1,1,1
3458,0,0,1,0,0,0,0,0,1,0,0,0,1,1,1,1,1,1
3459,0,0,0,0,0,1,0,0,1,0,0,0,1,1,1,1,1,1
3460,0,0,0,0,0,0,1,0,2,1,0,0,1,1,1,1,1,1
3461,1,0,0,0,0,0,0,0,1,0,0,0,1,1,1,1,1,1
3462,1,0,0,0,0,0,0,0,1,0,0,0,1,1,1,1,1,1
3463,0,0,0,0,0,1,0,0,1,0,0,0,1,1,1,1,1,1
3464,1,0,0,0,0,0,0,0,1,0,0,0,1,1,0,0,1,1
3465,1,0,0,0,0,0,0,0,1,0,0,0,1,1,0,0,1,1
3466,1,0,0,0,0,0,0,0,1,0,0,0,1,1,0,0,1,1
3467,0,0,0,0,0,0,1,0,1,0,0,0,1,1,0,0,1,1
3468,0,0,0,0,0,0,1,0,1,0,0,0,1,1,0,0,1,1
3470,1,0,0,0,0,0,0,0,1,0,0,0,1,1,0,0,1,1
3471,0,0,0,0,0,1,0,0,1,0,0,0,1,1,1,1,1,1
3473,0,0,0,0,0,0,1,0,1,0,0,0,1,1,1,1,1,1
3475,0,0,0,0,0,1,0,0,1,0,0,0,1,1,1,1,1,1
3476,0,0,0,0,0,1,0,0,1,0,0,0,1,1,1,1,1,1
3477,0,0,0,0,0,0,1,0,1,0,0,0,1,1,1,1,1,1
3478,0,0,0,0,0,0,1,0,2,1,0,0,1,1,1,1,1,1
3480,0,0,0,0,0,0,1,0,1,0,0,0,1,1,1,1,1,1
3482,0,0,0,0,0,1,0,0,1,0,0,0,1,1,1,1,1,1
3483,0,0,0,0,0,0,1,0,1,0,0,0,1,1,1,1,1,1
3484,0,0,0,0,0,1,0,0,1,0,0,0,1,1,1,1,1,1
3485,0,0,0,0,0,0,1,0,1,0,0,0,1,1,1,1,1,1
3487,0,0,0,0,0,0,1,0,1,0,0,0,1,1,1,1,1,1
3490,1,0,0,0,0,0,0,0,1,0,0,0,1,1,1,1,1,1
3491,1,0,0,0,0,0,0,0,1,0,0,0,1,1,1,1,1,1
3492,0,1,0,0,0,0,0,0,2,1,0,0,1,1,1,1,1,1
3493,0,0,0,0,0,0,1,0,2,1,0,0,1,1,1,1,1,1
3496,0,0,0,0,0,1,0,0,1,0,0,0,1,1,1,1,1,1
3497,0,0,0,0,0,0,1,0,1,0,0,0,1,1,1,1,1,1
3498,0,0,0,0,0,0,1,0,1,0,0,0,1,1,1,1,1,1
3499,0,0,0,0,0,0,1,0,1,0,0,0,1,1,1,1,1,1
3500,0,0,0,0,0,0,1,0,1,0,0,0,1,1,1,1,1,1
3501,0,0,0,0,0,1,0,0,1,0,0,0,1,1,1,1,1,1
3502,0,0,0,0,0,0,1,0,1,0,0,0,1,1,1,1,1,1
3503,0,0,0,1,0,0,0,0,1,0,0,0,1,1,1,1,1,1
3504,0,0,0,0,0,0,1,0,1,0,0,0,1,1,1,1,1,1
3505,0,0,0,0,0,0,1,0,1,0,0,0,1,1,1,1,1,1
3507,0,0,0,0,0,0,1,0,1,0,0,0,1,1,1,1,1,1
3508,0,0,0,0,0,1,0,0,1,0,0,0,1,1,1,1,1,1
3509,0,0,0,0,0,0,1,0,1,0,0,0,1,1,1,1,1,1
3511,1,0,0,0,0,0,0,0,1,0,0,0,1,1,1,1,1,1
3512,1,0,0,0,0,0,0,0,1,0,0,0,1,1,1,1,1,1
3513,0,0,0,0,0,0,1,0,1,0,0,0,1,1,1,1,1,1
3514,0,0,0,0,0,0,1,0,1,0,0,0,1,1,1,1,1,1
3515,0,0,0,0,0,0,1,0,1,0,0,0,1,1,1,1,1,1
3516,0,0,0,0,0,0,1,0,1,0,0,0,1,1,1,1,1,1
3518,1,0,0,0,0,0,0,0,1,0,0,0,1,1,1,1,1,1
3519,0,0,0,0,0,0,1,0,1,0,0,0,1,1,1,1,1,1
3520,0,0,0,0,0,0,1,0,2,1,0,0,1,1,1,1,1,1
3521,0,0,1,0,0,0,0,0,1,0,0,0,1,1,1,1,1,1
3522,0,0,0,0,0,1,0,0,2,1,0,0,1,1,1,1,1,1
3523,0,0,0,0,0,1,0,0,1,0,0,0,1,1,1,1,1,1
3525,0,0,0,0,0,0,1,0,1,0,0,0,1,1,1,1,1,1
3526,0,0,0,0,0,1,0,0,1,0,0,0,1,1,1,1,1,1
3527,0,0,1,0,0,0,0,0,2,1,0,0,1,1,1,1,1,1
3529,0,0,0,0,0,0,0,1,2,1,0,1,1,1,1,1,1,1
3530,0,0,0,0,0,1,0,0,1,0,0,0,1,1,1,1,1,1
3531,0,0,0,0,0,1,0,0,1,0,0,0,1,1,1,1,1,1
3532,0,0,0,0,0,1,0,0,1,0,0,0,1,1,1,1,1,1
3534,0,0,0,0,0,0,1,0,2,1,0,0,1,1,1,1,1,1
3535,0,0,0,0,0,1,0,0,1,0,0,0,1,1,1,1,1,1
3536,0,0,0,0,0,0,1,0,2,1,0,0,1,1,1,1,1,1
3537,0,0,0,0,0,0,1,0,2,1,0,0,1,1,1,1,1,1
3538,0,0,0,0,0,1,0,0,1,0,0,0,1,1,1,1,1,1
3539,0,0,1,0,0,0,0,0,1,0,0,0,1,1,1,1,1,1
3540,0,0,1,0,0,0,0,0,1,0,0,0,1,1,1,1,1,1
3541,1,0,0,0,0,0,0,0,1,0,0,0,1,1,1,1,1,1
3542,0,0,0,0,0,0,1,0,1,0,0,0,1,1,1,1,1,1
3543,0,0,0,0,0,1,0,0,1,0,0,0,1,1,1,1,1,1
3544,0,0,0,0,0,0,1,0,1,0,0,0,1,1,1,1,1,1
3545,1,0,0,0,0,0,0,0,1,0,0,0,1,1,1,1,1,1
3546,0,0,0,0,0,0,1,0,1,0,0,0,1,1,1,1,1,1
3547,0,0,0,0,0,1,0,0,1,0,0,0,1,1,1,1,1,1
3549,0,0,0,0,0,0,1,0,1,0,0,0,1,1,1,1,1,1
3550,0,0,0,0,0,0,1,0,1,0,0,0,1,1,1,1,1,1
3551,0,0,0,0,0,0,1,0,1,0,0,0,1,1,1,1,1,1
3552,0,0,0,0,0,1,0,0,1,0,0,0,1,1,1,1,1,1
3554,1,0,0,0,0,0,0,0,1,0,0,0,1,1,1,1,1,1
3555,0,0,0,0,0,0,0,1,3,1,0,1,1,1,1,1,1,1
3556,1,0,0,0,0,0,0,0,2,1,0,0,1,1,1,1,1,1
3557,0,0,0,0,0,0,1,0,1,0,0,0,1,1,1,1,1,1
3558,0,0,0,0,0,1,0,0,1,0,0,0,1,1,1,1,1,1
3559,0,0,0,0,0,0,1,0,1,0,0,0,1,1,1,1,1,1
3560,0,0,1,0,0,0,0,0,1,0,0,0,1,1,1,1,1,1
3561,0,0,0,0,0,0,1,0,1,0,0,0,1,1,1,1,1,1
3562,0,0,0,0,0,0,1,0,1,0,0,0,1,1,1,1,1,1
3563,0,0,0,0,0,0,1,0,1,0,0,0,1,1,1,1,1,1
3564,1,0,0,0,0,0,0,0,1,0,0,0,1,1,1,1,1,1
3565,0,0,0,0,0,0,1,0,1,0,0,0,1,1,1,1,1,1
3566,0,0,0,0,0,0,1,0,1,0,0,0,1,1,1,1,1,1
3567,0,0,0,0,0,0,1,0,1,0,0,0,1,1,1,1,1,1
3568,0,0,0,0,0,0,1,0,1,0,0,0,1,1,1,1,1,1
3569,0,0,0,0,0,0,1,0,1,0,0,0,1,1,1,1,1,1
3570,1,0,0,0,0,0,0,0,1,0,0,0,1,1,1,1,1,1
3571,0,0,0,0,0,0,1,0,1,0,0,0,1,1,1,1,1,1
3572,0,0,0,0,0,0,1,0,2,1,0,0,1,1,1,1,1,1
3573,0,0,0,0,0,0,1,0,1,0,0,0,1,1,1,1,1,1
3574,1,0,0,0,0,0,0,0,1,0,0,0,1,1,1,1,1,1
3576,0,0,0,0,0,0,1,0,1,0,0,0,1,1,1,1,1,1
3577,0,0,0,0,0,0,1,0,2,1,0,0,1,1,1,1,1,1
3578,0,0,1,0,0,0,0,0,1,0,0,0,1,1,1,1,1,1
3580,0,0,0,0,0,0,1,0,1,0,0,0,1,1,1,1,1,1
3582,1,0,0,0,0,0,0,0,1,0,0,0,1,1,1,1,1,1
3583,0,0,0,0,0,0,1,0,1,0,0,0,1,1,1,1,1,1
3584,1,0,0,0,0,0,0,0,1,0,0,0,1,1,1,0,1,1
3585,1,0,0,0,0,0,0,0,1,0,0,0,1,1,1,1,1,1
3586,0,0,0,0,0,0,1,0,2,1,0,0,1,1,1,1,1,1
3587,0,0,0,0,0,0,1,0,1,0,0,0,1,1,1,1,1,1
3588,0,0,0,0,0,0,1,0,1,0,0,0,1,1,1,1,1,1
3589,0,0,0,0,0,0,1,0,1,0,0,0,1,1,1,1,1,1
3590,0,0,0,0,0,0,1,0,1,0,0,0,1,1,1,1,1,1
3591,0,0,0,0,0,0,1,0,2,1,0,0,1,1,1,1,1,1
3592,1,0,0,0,0,0,0,0,1,0,0,0,1,1,1,1,1,1
3593,0,0,1,0,0,0,0,0,1,0,0,0,1,1,1,1,1,1
3594,1,0,0,0,0,0,0,0,1,0,0,0,1,1,1,1,1,1
3595,0,0,0,0,0,0,1,0,2,1,0,0,1,1,1,1,1,1
3596,1,0,0,0,0,0,0,0,1,0,0,0,1,1,1,1,1,1
3597,1,0,0,0,0,0,0,0,1,0,0,0,1,1,1,1,1,1
3598,1,0,0,0,0,0,0,0,1,0,0,0,1,1,1,1,1,1
3599,0,0,0,0,0,0,1,0,1,0,0,0,1,1,1,1,1,1
3601,1,0,0,0,0,0,0,0,1,0,0,0,1,1,1,1,1,1
3602,0,0,0,0,0,0,1,0,1,0,0,0,1,1,1,1,1,1
3603,0,0,0,0,0,0,1,0,1,0,0,0,1,1,1,1,1,1
3605,1,0,0,0,0,0,0,0,2,1,0,0,1,1,1,1,1,1
3606,0,0,1,0,0,0,0,0,1,0,0,0,1,1,1,1,1,1
3608,0,0,1,0,0,0,0,0,1,0,0,0,1,1,1,1,1,1
3610,0,0,1,0,0,0,0,0,1,0,0,0,1,1,1,1,1,1
3611,1,0,0,0,0,0,0,0,1,0,0,0,1,1,1,1,1,1
3612,1,0,0,0,0,0,0,0,1,0,0,0,1,1,1,1,1,1
3613,1,0,0,0,0,0,0,0,1,0,0,0,1,1,1,1,1,1
3616,0,0,0,0,0,0,1,0,1,0,0,0,1,1,1,1,1,1
3617,0,0,0,0,0,0,1,0,1,0,0,0,1,1,1,1,1,1
3619,1,0,0,0,0,0,0,0,1,0,0,0,1,1,1,1,1,1
3620,1,0,0,0,0,0,0,0,1,0,0,0,1,1,1,1,1,1
3621,1,0,0,0,0,0,0,0,1,0,0,0,1,1,1,1,1,1
3622,0,0,0,0,0,1,0,0,1,0,0,0,1,1,1,1,1,1
3623,1,0,0,0,0,0,0,0,1,0,0,0,1,1,1,1,1,1
3624,1,0,0,0,0,0,0,0,1,0,0,0,1,1,1,1,1,1
3625,0,0,1,0,0,0,0,0,1,0,0,0,1,1,1,1,1,1
3626,1,0,0,0,0,0,0,0,1,0,0,0,1,1,1,1,1,1
3627,0,0,1,0,0,0,0,0,1,0,0,0,1,1,1,1,1,1
3628,1,0,0,0,0,0,0,0,1,0,0,0,1,1,1,1,1,1
3630,0,0,0,0,0,1,0,0,1,0,0,0,1,1,1,1,1,1
3631,1,0,0,0,0,0,0,0,1,0,0,0,1,1,1,1,1,1
3634,0,0,1,0,0,0,0,0,2,1,0,0,1,1,1,1,1,1
3635,0,0,1,0,0,0,0,0,1,0,0,0,1,1,1,1,1,1
3636,0,0,1,0,0,0,0,0,1,0,0,0,1,1,1,1,1,1
3637,0,0,0,0,0,0,1,0,1,0,0,0,1,1,1,1,1,1
3638,0,0,0,0,0,1,0,0,1,0,0,0,1,1,1,1,1,1
3639,0,0,0,0,0,0,0,1,2,1,0,1,1,1,1,1,1,1
3640,1,0,0,0,0,0,0,0,1,0,0,0,1,1,1,1,1,1
3641,0,0,0,0,0,0,1,0,1,0,0,0,1,1,1,1,1,1
3642,0,0,0,0,0,0,1,0,2,1,0,0,1,1,1,1,1,1
3643,1,0,0,0,0,0,0,0,1,0,0,0,1,1,1,1,1,1
3644,1,0,0,0,0,0,0,0,1,0,0,0,1,1,1,1,1,1
3645,0,0,1,0,0,0,0,0,1,0,0,0,1,1,1,1,1,1
3646,0,0,1,0,0,0,0,0,1,0,0,0,1,1,1,1,1,1
3647,0,0,0,0,0,0,1,0,1,0,0,0,1,1,1,1,1,1
3648,1,0,0,0,0,0,0,0,1,0,0,0,1,1,1,1,1,1
3649,1,0,0,0,0,0,0,0,1,0,0,0,1,1,1,1,1,1
3652,1,0,0,0,0,0,0,0,1,0,0,0,1,1,1,1,1,1
3654,0,0,0,0,0,1,0,0,1,0,0,0,1,1,1,1,1,1
3655,0,0,0,0,0,1,0,0,1,0,0,0,1,1,1,1,1,1
3657,0,0,0,0,0,0,1,0,1,0,0,0,1,1,1,1,1,1
3658,1,0,0,0,0,0,0,0,1,0,0,0,1,1,1,1,1,1
3659,1,0,0,0,0,0,0,0,1,0,0,0,1,1,1,1,1,1
3660,0,0,0,0,0,0,1,0,1,0,0,0,1,1,1,1,1,1
3661,1,0,0,0,0,0,0,0,1,0,0,0,1,1,1,1,1,1
3662,0,0,0,0,0,1,0,0,1,0,0,0,1,1,1,1,1,1
3663,0,0,0,0,0,0,1,0,2,1,0,0,1,1,1,1,1,1
3664,0,0,0,0,0,0,1,0,2,1,0,0,1,1,1,1,1,1
3666,0,0,0,0,0,1,0,0,1,0,0,0,1,1,1,1,1,1
3668,0,0,0,0,0,0,1,0,1,0,0,0,1,1,1,1,1,1
3669,0,0,0,0,0,1,0,0,1,0,0,0,1,1,1,1,1,1
3670,0,0,0,0,0,1,0,0,1,0,0,0,1,1,1,1,1,1
3672,0,0,0,0,0,0,1,0,1,0,0,0,1,1,1,1,1,1
3673,0,0,0,0,0,1,0,0,1,0,0,0,1,1,1,1,1,1
3674,0,0,0,0,0,1,0,0,1,0,0,0,1,1,1,1,1,1
3675,0,0,0,0,0,0,1,0,1,0,0,0,1,1,1,1,1,1
3676,1,0,0,0,0,0,0,0,1,0,0,0,1,1,1,1,1,1
3677,0,0,0,0,0,0,1,0,2,1,0,0,1,1,1,1,1,1
3678,0,0,0,0,0,0,1,0,1,0,0,0,1,1,1,1,1,1
3679,0,0,0,0,0,0,1,0,1,0,0,0,1,1,1,1,1,1
3681,0,0,0,0,0,0,1,0,2,1,0,0,1,1,1,1,1,1
3682,0,0,1,0,0,0,0,0,1,0,0,0,1,1,1,1,1,1
3683,0,0,0,0,0,0,1,0,2,1,0,0,1,1,1,1,1,1
3685,0,0,0,0,0,1,0,0,1,0,0,0,1,1,1,1,1,1
3687,0,0,0,0,0,0,1,0,1,0,0,0,1,1,1,1,1,1
3688,1,0,0,0,0,0,0,0,1,0,0,0,1,1,1,1,1,1
3689,1,0,0,0,0,0,0,0,1,0,0,0,1,1,1,1,1,1
3691,0,0,0,0,0,0,1,0,1,0,0,0,1,1,1,1,1,1
3692,0,0,0,1,0,0,0,0,1,0,0,0,1,1,1,1,1,1
3693,0,0,0,0,0,0,0,1,3,1,0,1,1,1,1,1,1,1
3695,1,0,0,0,0,0,0,0,1,0,0,0,1,1,1,1,1,1
3696,0,0,0,0,0,1,0,0,1,0,0,0,1,1,1,1,1,1
3697,0,0,0,0,0,0,1,0,1,0,0,0,1,1,1,1,1,1
3698,1,0,0,0,0,0,0,0,1,0,0,0,1,1,1,1,1,1
3699,1,0,0,0,0,0,0,0,1,0,0,0,1,1,1,1,1,1
3700,0,0,0,0,0,0,1,0,1,0,0,0,1,1,1,1,1,1
3701,0,0,0,0,0,1,0,0,1,0,0,0,1,1,1,1,1,1
3702,1,0,0,0,0,0,0,0,1,0,0,0,1,1,1,1,1,1
3703,0,0,0,0,0,1,0,0,1,0,0,0,1,1,1,1,1,1
3706,0,0,1,0,0,0,0,0,1,0,0,0,1,1,1,1,1,1
3707,0,0,0,0,0,0,1,0,1,0,0,0,1,1,1,1,1,1
3708,0,0,1,0,0,0,0,0,1,0,0,0,1,1,1,1,1,1
3709,1,0,0,0,0,0,0,0,1,0,0,0,1,1,1,1,1,1
3710,0,0,0,0,0,0,1,0,1,0,0,0,1,1,1,1,1,1
3711,0,0,0,0,0,0,1,0,1,0,0,0,1,1,1,1,1,1
3712,1,0,0,0,0,0,0,0,1,0,0,0,1,1,1,1,1,1
3713,0,0,0,0,0,0,1,0,1,0,0,0,1,1,1,1,1,1
3714,0,0,0,0,0,0,1,0,2,1,0,0,1,1,1,1,1,1
3715,0,0,0,0,0,1,0,0,1,0,0,0,1,1,1,1,1,1
3716,0,0,0,0,0,0,1,0,1,0,0,0,1,1,1,1,1,1
3717,0,0,0,0,0,1,0,0,1,0,0,0,1,1,1,1,1,1
3718,1,0,0,0,0,0,0,0,1,0,0,0,1,1,1,1,1,1
3719,0,0,0,0,0,0,1,0,1,0,0,0,1,1,1,1,1,1
3720,0,0,0,0,0,0,1,0,1,0,0,0,1,1,1,1,1,1
3721,0,0,0,0,0,0,1,0,1,0,0,0,1,1,1,1,1,1
3722,0,0,0,0,0,1,0,0,1,0,0,0,1,1,1,1,1,1
3723,0,0,0,0,0,0,1,0,1,0,0,0,1,1,1,1,1,1
3724,0,0,0,0,0,1,0,0,1,0,0,0,1,1,1,1,1,1
3725,0,0,0,0,0,1,0,0,1,0,0,0,1,1,1,1,1,1
3727,1,0,0,0,0,0,0,0,1,0,0,0,1,1,1,1,1,1
3729,1,0,0,0,0,0,0,0,1,0,0,0,1,1,1,1,1,1
3730,0,0,0,0,0,0,0,1,2,1,0,1,1,1,1,1,1,1
3731,0,0,0,0,0,1,0,0,1,0,0,0,1,1,1,1,1,1
3732,0,1,0,0,0,0,0,0,2,1,0,0,1,1,1,1,1,1
3733,0,0,0,0,0,0,1,0,1,0,0,0,1,1,1,1,1,1
3735,0,0,1,0,0,0,0,0,1,0,0,0,1,1,1,1,1,1
3736,1,0,0,0,0,0,0,0,1,0,0,0,1,1,1,1,1,1
3737,1,0,0,0,0,0,0,0,1,0,0,0,1,1,1,1,1,1
3738,1,0,0,0,0,0,0,0,1,0,0,0,1,1,1,1,1,1
3739,0,0,0,0,0,0,0,1,3,1,0,1,1,1,1,1,1,1
3740,0,0,0,0,0,0,1,0,1,0,0,0,1,1,1,1,1,1
3742,1,0,0,0,0,0,0,0,1,0,0,0,1,1,1,1,1,1
3743,0,0,0,0,0,0,1,0,1,0,0,0,1,1,1,1,1,1
3744,0,0,0,0,0,1,0,0,1,0,0,0,1,1,1,1,1,1
3745,0,0,0,0,0,0,1,0,1,0,0,0,1,1,1,1,1,1
3747,0,0,0,0,0,0,1,0,1,0,0,0,1,1,1,1,1,1
3748,0,0,0,0,0,0,1,0,1,0,0,0,1,1,1,1,1,1
3749,0,0,0,0,0,0,1,0,2,1,0,0,1,1,1,1,1,1
3750,1,0,0,0,0,0,0,0,1,0,0,0,1,1,1,1,1,1
3751,0,0,0,0,0,0,1,0,1,0,0,0,1,1,1,1,1,1
3753,1,0,0,0,0,0,0,0,1,0,0,0,1,1,1,1,1,1
3755,0,0,0,0,0,0,1,0,1,0,0,0,1,1,1,1,1,1
3756,0,0,0,0,0,0,1,0,1,0,0,0,1,1,1,1,1,1
3757,0,0,0,0,0,0,1,0,1,0,0,0,1,1,1,1,1,1
3758,1,0,0,0,0,0,0,0,1,0,0,0,1,1,1,1,1,1
3760,0,0,0,0,0,0,1,0,1,0,0,0,1,1,1,1,1,1
3761,0,0,0,0,0,0,1,0,2,1,0,0,1,1,1,1,1,1
3763,0,0,0,0,0,0,1,0,1,0,0,0,1,1,1,1,1,1
3764,0,0,0,0,0,0,1,0,1,0,0,0,1,1,1,1,1,1
3766,0,0,0,0,0,0,1,0,2,1,0,0,1,1,1,1,1,1
3767,0,0,0,0,0,0,1,0,1,0,0,0,1,1,1,1,1,1
3768,0,0,0,0,0,0,1,0,1,0,0,0,1,1,1,1,1,1
3769,0,0,0,0,0,1,0,0,1,0,0,0,1,1,1,1,1,1
3770,1,0,0,0,0,0,0,0,1,0,0,0,1,1,1,1,1,1
3771,0,0,0,0,0,1,0,0,1,0,0,0,1,1,1,1,1,1
3773,0,0,0,0,0,0,1,0,1,0,0,0,1,1,1,1,1,1
3774,0,0,0,0,0,1,0,0,1,0,0,0,1,1,1,1,1,1
3775,1,0,0,0,0,0,0,0,1,0,0,0,1,1,1,1,1,1
3776,0,0,0,0,0,0,1,0,1,0,0,0,1,1,1,1,1,1
3777,1,0,0,0,0,0,0,0,1,0,0,0,1,1,1,1,1,1
3778,0,0,0,0,0,0,1,0,1,0,0,0,1,1,1,1,1,1
3779,1,0,0,0,0,0,0,0,1,0,0,0,1,1,1,1,1,1
3780,1,0,0,0,0,0,0,0,1,0,0,0,1,1,1,1,1,1
3782,0,0,1,0,0,0,0,0,1,0,0,0,1,1,1,1,1,1
3783,0,0,0,0,0,1,0,0,1,0,0,0,1,1,1,1,1,1
3784,0,0,0,0,0,0,1,0,2,1,0,0,1,1,1,1,1,1
3786,0,0,0,0,0,0,1,0,1,0,0,0,1,1,1,1,1,1
3789,0,0,0,0,0,0,1,0,2,1,0,0,1,1,1,1,1,1
3790,0,0,0,0,0,0,1,0,1,0,0,0,1,1,1,1,1,1
3792,0,0,0,0,0,0,1,0,1,0,0,0,1,1,1,1,1,1
3793,0,0,0,0,0,0,1,0,2,1,0,0,1,1,1,1,1,1
3794,0,0,1,0,0,0,0,0,1,0,0,0,1,1,1,1,1,1
3795,0,0,0,0,0,0,1,0,1,0,0,0,1,1,1,1,1,1
3796,0,0,1,0,0,0,0,0,1,0,0,0,1,1,1,1,1,1
3797,0,0,0,0,0,0,1,0,1,0,0,0,1,1,1,1,1,1
3798,0,0,0,0,0,0,1,0,1,0,0,0,1,1,1,1,1,1
3799,1,0,0,0,0,0,0,0,1,0,0,0,1,1,1,1,1,1
3800,0,0,0,0,0,0,1,0,1,0,0,0,1,1,1,1,1,1
3801,0,0,1,0,0,0,0,0,1,0,0,0,1,1,1,1,1,1
3802,0,0,1,0,0,0,0,0,1,0,0,0,1,1,1,1,1,1
3804,0,1,0,0,0,0,0,0,3,1,0,0,1,1,1,1,1,1
3805,0,0,1,0,0,0,0,0,1,0,0,0,1,1,1,1,1,1
3806,0,0,1,0,0,0,0,0,1,0,0,0,1,1,1,1,1,1
3807,0,0,0,0,0,0,1,0,2,1,0,0,1,1,1,1,1,1
3808,0,0,0,0,0,0,1,0,1,0,0,0,1,1,1,1,1,1
3809,0,0,1,0,0,0,0,0,2,1,0,0,1,1,1,1,1,1
3810,0,0,0,0,0,0,1,0,1,0,0,0,1,1,1,1,1,1
3811,0,0,0,0,0,0,1,0,2,1,0,0,1,1,1,1,1,1
3813,0,0,0,0,0,0,1,0,2,1,0,0,1,1,1,1,1,1
3814,0,0,1,0,0,0,0,0,1,0,0,0,1,1,1,1,1,1
3815,0,0,1,0,0,0,0,0,1,0,0,0,1,1,1,1,1,1
3817,0,0,0,0,0,0,1,0,1,0,0,0,1,1,1,1,1,1
3819,0,0,0,0,0,0,0,1,2,1,0,1,1,1,1,1,1,1
3823,0,0,0,0,0,0,0,1,2,1,0,1,1,1,1,1,1,1
3824,0,0,0,0,0,0,1,0,1,0,0,0,1,1,1,1,1,1
3825,0,0,0,0,0,0,1,0,2,1,0,0,1,1,1,1,1,1
3828,0,0,0,0,0,0,1,0,2,1,0,0,1,1,1,1,1,1
3829,0,0,0,0,0,0,1,0,1,0,0,0,1,1,1,1,1,1
3831,0,0,0,0,0,0,1,0,1,0,0,0,1,1,1,1,1,1
3832,0,0,1,0,0,0,0,0,1,0,0,0,1,1,1,1,1,1
3833,0,0,1,0,0,0,0,0,1,0,0,0,1,1,1,1,1,1
3834,0,1,0,0,0,0,0,0,3,1,0,0,1,1,1,1,1,1
3835,0,0,0,0,0,0,1,0,2,1,0,0,1,1,1,1,1,1
3836,0,0,0,0,0,0,1,0,1,0,0,0,1,1,1,1,1,1
3837,0,0,0,0,0,0,1,0,1,0,0,0,1,1,1,1,1,1
3838,0,0,1,0,0,0,0,0,1,0,0,0,1,1,1,1,1,1
3839,0,0,0,0,0,0,1,0,1,0,0,0,1,1,1,1,1,1
3840,1,0,0,0,0,0,0,0,1,0,0,0,1,1,1,1,1,1
3841,0,0,0,0,0,1,0,0,1,0,0,0,1,1,1,1,1,1
3842,0,0,0,0,0,0,1,0,1,0,0,0,1,1,1,1,1,1
3843,0,0,1,0,0,0,0,0,1,0,0,0,1,1,1,1,1,1
3844,0,0,0,0,0,0,1,0,1,0,0,0,1,1,1,1,1,1
3845,0,0,0,0,0,0,1,0,1,0,0,0,1,1,1,1,1,1
3846,0,0,0,0,0,0,1,0,1,0,0,0,1,1,1,1,1,1
3847,0,0,0,0,0,0,0,1,3,1,0,1,1,1,1,1,1,1
3848,0,0,0,0,0,0,1,0,1,0,0,0,1,1,1,1,1,1
3849,0,0,0,0,0,0,1,0,1,0,0,0,1,1,1,1,1,1
3850,0,0,1,0,0,0,0,0,1,0,0,0,1,1,1,1,1,1
3851,0,0,0,0,0,0,1,0,1,0,0,0,1,1,1,1,1,1
3852,0,0,0,0,0,0,1,0,1,0,0,0,1,1,1,1,1,1
3853,0,0,0,0,0,0,1,0,1,0,0,0,1,1,1,1,1,1
3854,1,0,0,0,0,0,0,0,2,1,0,0,1,1,1,1,1,1
3855,0,0,0,0,0,0,1,0,2,1,0,0,1,1,1,1,1,1
3856,0,0,0,0,0,0,0,1,2,1,0,1,1,1,1,1,1,1
3857,0,0,0,0,0,0,1,0,1,0,0,0,1,1,1,1,1,1
3859,0,0,0,0,0,0,1,0,1,0,0,0,1,1,1,1,1,1
3860,0,0,0,0,0,0,1,0,1,0,0,0,1,1,1,1,1,1
3861,0,0,0,0,0,0,1,0,1,0,0,0,1,1,1,1,1,1
3862,0,0,0,0,0,0,1,0,1,0,0,0,1,1,1,1,1,1
3863,0,0,0,0,0,1,0,0,2,1,0,0,1,1,1,1,1,1
3864,0,0,0,0,0,0,0,1,3,1,0,1,1,1,1,1,1,1
3865,0,0,1,0,0,0,0,0,1,0,0,0,1,1,1,1,1,1
3866,0,0,0,0,0,0,1,0,1,0,0,0,1,1,1,1,1,1
3867,1,0,0,0,0,0,0,0,1,0,0,0,1,1,1,1,1,1
3869,0,0,0,0,0,1,0,0,1,0,0,0,1,1,1,1,1,1
3871,1,0,0,0,0,0,0,0,2,1,0,0,1,1,1,1,1,1
3872,0,0,0,0,0,0,1,0,1,0,0,0,1,1,1,1,1,1
3874,1,0,0,0,0,0,0,0,1,0,0,0,1,1,1,1,1,1
3875,0,0,0,0,0,0,0,1,2,1,0,1,1,1,1,1,1,1
3876,0,0,0,0,0,0,1,0,1,0,0,0,1,1,1,1,1,1
3877,0,0,0,0,0,0,1,0,1,0,0,0,1,1,1,1,1,1
3881,1,0,0,0,0,0,0,0,1,0,0,0,1,1,1,1,1,1
3883,0,1,0,0,0,0,0,0,2,1,0,0,1,1,1,1,1,1
3884,0,0,1,0,0,0,0,0,1,0,0,0,1,1,1,1,1,1
3885,1,0,0,0,0,0,0,0,1,0,0,0,1,1,1,1,1,1
3886,1,0,0,0,0,0,0,0,1,0,0,0,1,1,1,1,1,1
3888,1,0,0,0,0,0,0,0,1,0,0,0,1,1,1,1,1,1
3889,0,0,0,0,0,0,1,0,1,0,0,0,1,1,1,1,1,1
3890,1,0,0,0,0,0,0,0,1,0,0,0,1,1,1,1,1,1
3891,0,0,0,0,0,0,1,0,2,1,0,0,1,1,1,1,1,1
3893,0,0,0,0,0,0,1,0,1,0,0,0,1,1,1,1,1,1
3895,0,0,1,0,0,0,0,0,1,0,0,0,1,1,1,1,1,1
3897,0,0,0,0,0,0,1,0,2,1,0,0,1,1,1,1,1,1
3898,0,0,0,0,0,0,1,0,2,1,0,0,1,1,1,1,1,1
3899,0,0,0,0,0,0,1,0,1,0,0,0,1,1,1,1,1,1
3900,0,0,1,0,0,0,0,0,1,0,0,0,1,1,1,1,1,1
3901,0,0,1,0,0,0,0,0,1,0,0,0,1,1,1,1,1,1
3902,1,0,0,0,0,0,0,0,1,0,0,0,1,1,1,1,1,1
3903,1,0,0,0,0,0,0,0,1,0,0,0,1,1,1,1,1,1
3904,0,0,0,0,0,0,1,0,1,0,0,0,1,1,1,1,1,1
3905,0,0,1,0,0,0,0,0,1,0,0,0,1,1,1,1,1,1
3906,0,0,0,0,0,0,1,0,1,0,0,0,1,1,1,1,1,1
3907,0,0,1,0,0,0,0,0,1,0,0,0,1,1,1,1,1,1
3908,0,0,0,0,0,0,1,0,1,0,0,0,1,1,1,1,1,1
3909,0,0,0,0,0,0,1,0,1,0,0,0,1,1,1,1,1,1
3910,0,0,0,0,0,0,1,0,1,0,0,0,1,1,1,1,1,1
3911,0,0,0,0,0,0,1,0,1,0,0,0,1,1,1,1,1,1
3912,0,0,0,0,0,0,1,0,2,1,0,0,1,1,1,1,1,1
3913,0,0,1,0,0,0,0,0,1,0,0,0,1,1,1,1,1,1
3914,0,0,0,0,0,0,0,1,3,1,0,1,1,1,1,1,1,1
3915,0,0,0,0,0,0,1,0,1,0,0,0,1,1,1,1,1,1
3916,0,0,0,0,0,0,1,0,1,0,0,0,1,1,1,1,1,1
3917,0,0,0,0,0,0,1,0,1,0,0,0,1,1,1,1,1,1
3918,0,0,1,0,0,0,0,0,2,1,0,0,1,1,1,1,1,1
3919,0,0,1,0,0,0,0,0,2,1,0,0,1,1,1,1,1,1
3920,0,0,0,0,0,1,0,0,1,0,0,0,1,1,1,1,1,1
3921,0,0,0,0,0,0,1,0,1,0,0,0,1,1,1,1,1,1
3924,0,0,0,0,0,0,1,0,1,0,0,0,1,1,1,1,1,1
3925,0,0,0,0,0,0,1,0,1,0,0,0,1,1,1,1,1,1
3926,0,0,0,0,0,1,0,0,1,0,0,0,1,1,1,1,1,1
3927,1,0,0,0,0,0,0,0,1,0,0,0,1,1,1,1,1,1
3928,0,0,0,0,0,1,0,0,1,0,0,0,1,1,1,1,1,1
3929,0,0,0,0,0,1,0,0,1,0,0,0,1,1,1,1,1,1
3930,0,0,0,0,0,0,1,0,1,0,0,0,1,1,1,1,1,1
3931,0,0,0,0,0,0,1,0,1,0,0,0,1,1,1,1,1,1
3932,0,0,0,0,0,0,1,0,2,1,0,0,1,1,1,1,1,1
3934,0,0,0,0,0,0,1,0,2,1,0,0,1,1,1,1,1,1
3936,0,0,0,0,0,0,1,0,1,0,0,0,1,1,1,1,1,1
3937,0,0,1,0,0,0,0,0,1,0,0,0,1,1,1,1,1,1
3938,0,0,0,0,0,0,1,0,1,0,0,0,1,1,1,1,1,1
3939,0,0,0,0,0,0,1,0,1,0,0,0,1,1,1,1,1,1
3941,0,0,1,0,0,0,0,0,2,1,0,0,1,1,1,1,1,1
3942,1,0,0,0,0,0,0,0,1,0,0,0,1,1,1,1,1,1
3943,1,0,0,0,0,0,0,0,1,0,0,0,1,1,1,1,1,1
3944,0,0,0,0,0,0,1,0,1,0,0,0,1,1,1,1,1,1
3946,0,0,0,0,0,0,1,0,1,0,0,0,1,1,1,1,1,1
3948,1,0,0,0,0,0,0,0,1,0,0,0,1,1,1,1,1,1
3949,0,0,1,0,0,0,0,0,1,0,0,0,1,1,1,1,1,1
3950,0,0,1,0,0,0,0,0,1,0,0,0,1,1,1,1,1,1
3952,0,0,0,0,0,0,1,0,1,0,0,0,1,1,1,1,1,1
3953,0,0,1,0,0,0,0,0,1,0,0,0,1,1,1,1,1,1
3954,0,0,0,0,0,0,1,0,1,0,0,0,1,1,1,1,1,1
3955,0,0,1,0,0,0,0,0,1,0,0,0,1,1,1,1,1,1
3956,1,0,0,0,0,0,0,0,1,0,0,0,1,1,1,1,1,1
3958,0,0,0,0,0,1,0,0,1,0,0,0,1,1,1,1,1,1
3959,0,0,0,0,0,1,0,0,1,0,0,0,1,1,1,1,1,1
3960,0,0,0,0,0,1,0,0,1,0,0,0,1,1,1,1,1,1
3962,0,0,0,0,0,0,1,0,1,0,0,0,1,1,1,1,1,1
3963,1,0,0,0,0,0,0,0,1,0,0,0,1,1,1,1,1,1
3965,0,0,0,0,0,0,1,0,1,0,0,0,1,1,1,1,1,1
3967,0,0,0,0,0,0,1,0,2,1,0,0,1,1,1,1,1,1
3968,0,0,0,0,0,0,1,0,1,0,0,0,1,1,1,1,1,1
3970,0,0,0,0,0,0,1,0,1,0,0,0,1,1,1,1,1,1
3971,1,0,0,0,0,0,0,0,1,0,0,0,1,1,1,1,1,1
3972,0,0,0,0,0,0,1,0,1,0,0,0,1,1,1,1,1,1
3973,1,0,0,0,0,0,0,0,1,0,0,0,1,1,1,1,1,1
3974,1,0,0,0,0,0,0,0,1,0,0,0,1,1,1,1,1,1
3975,0,0,0,0,0,1,0,0,1,0,0,0,1,1,1,1,1,1
3976,0,0,0,0,0,0,1,0,1,0,0,0,1,1,1,1,1,1
3977,1,0,0,0,0,0,0,0,1,0,0,0,1,1,1,1,1,1
3978,0,0,0,0,0,0,1,0,1,0,0,0,1,1,1,1,1,1
3979,1,0,0,0,0,0,0,0,1,0,0,0,1,1,1,1,1,1
3980,0,0,0,0,0,0,1,0,1,0,0,0,1,1,1,1,1,1
3981,0,0,0,0,0,0,1,0,1,0,0,0,1,1,1,1,1,1
3982,0,0,0,0,0,1,0,0,1,0,0,0,1,1,1,1,1,1
3983,1,0,0,0,0,0,0,0,1,0,0,0,1,1,1,1,1,1
3984,0,0,0,0,0,0,1,0,1,0,0,0,1,1,1,1,1,1
3988,0,0,0,0,0,0,1,0,1,0,0,0,1,1,1,1,1,1
3989,0,0,0,0,0,1,0,0,1,0,0,0,1,1,1,1,1,1
3990,0,0,1,0,0,0,0,0,1,0,0,0,1,1,1,1,1,1
3991,0,0,0,0,0,0,1,0,1,0,0,0,1,1,1,1,1,1
3992,0,0,0,0,0,0,1,0,1,0,0,0,1,1,1,1,1,1
3993,0,0,0,0,0,0,1,0,1,0,0,0,1,1,1,1,1,1
3994,0,0,1,0,0,0,0,0,1,0,0,0,1,1,1,1,1,1
3996,0,0,0,0,0,1,0,0,1,0,0,0,1,1,1,1,1,1
3997,0,0,0,0,0,0,1,0,1,0,0,0,1,1,1,1,1,1
3998,0,0,1,0,0,0,0,0,1,0,0,0,1,1,1,1,1,1
3999,0,0,0,0,0,0,1,0,1,0,0,0,1,1,1,1,1,1
4000,0,0,1,0,0,0,0,0,1,0,0,0,1,1,1,1,1,1
4001,0,0,0,0,0,0,1,0,1,0,0,0,1,1,1,1,1,1
4003,0,0,0,0,0,0,1,0,1,0,0,0,1,1,1,1,1,1
4005,0,0,0,0,0,1,0,0,1,0,0,0,1,1,1,1,1,1
4006,0,0,0,0,0,0,1,0,1,0,0,0,1,1,1,1,1,1
4007,0,0,0,0,0,1,0,0,1,0,0,0,1,1,1,1,1,1
4008,1,0,0,0,0,0,0,0,1,0,0,0,1,1,1,1,1,1
4009,0,0,1,0,0,0,0,0,1,0,0,0,1,1,1,1,1,1
4010,1,0,0,0,0,0,0,0,1,0,0,0,1,1,1,1,1,1
4011,0,0,1,0,0,0,0,0,1,0,0,0,1,1,1,1,1,1
4013,0,0,0,0,0,0,1,0,2,1,0,0,1,1,1,1,1,1
4015,0,0,0,0,0,1,0,0,1,0,0,0,1,1,1,1,1,1
4017,0,0,1,0,0,0,0,0,1,0,0,0,1,1,1,1,1,1
4018,0,0,0,0,0,0,1,0,1,0,0,0,1,1,1,1,1,1
4019,0,0,0,0,0,0,0,1,2,1,0,1,1,1,1,1,1,1
4020,0,0,0,0,0,1,0,0,1,0,0,0,1,1,1,1,1,1
4022,1,0,0,0,0,0,0,0,1,0,0,0,1,1,1,1,1,1
4023,1,0,0,0,0,0,0,0,1,0,0,0,1,1,1,1,1,1
4024,1,0,0,0,0,0,0,0,1,0,0,0,1,1,1,1,1,1
4026,0,0,1,0,0,0,0,0,1,0,0,0,1,1,1,1,1,1
4028,0,0,0,0,0,0,1,0,3,1,0,0,1,1,1,1,1,1
4030,0,0,0,0,0,1,0,0,1,0,0,0,1,1,1,1,1,1
4031,0,0,0,0,0,1,0,0,1,0,0,0,1,1,1,1,1,1
4032,0,0,0,0,0,1,0,0,1,0,0,0,1,1,1,1,1,1
4033,0,0,0,0,0,1,0,0,1,0,0,0,1,1,1,1,1,1
4034,0,0,0,0,0,0,1,0,1,0,0,0,1,1,1,1,1,1
4035,0,0,0,0,0,1,0,0,1,0,0,0,1,1,1,1,1,1
4036,0,0,0,0,0,1,0,0,1,0,0,0,1,1,1,1,1,1
4037,0,0,0,0,0,0,1,0,1,0,0,0,1,1,1,1,1,1
4038,0,0,0,0,0,0,1,0,1,0,0,0,1,1,1,1,1,1
4039,0,0,0,0,0,1,0,0,1,0,0,0,1,1,1,1,1,1
4040,0,0,0,0,0,1,0,0,1,0,0,0,1,1,1,1,1,1
4041,0,0,0,0,0,0,0,1,2,1,0,1,1,1,1,1,1,1
4042,0,0,0,0,0,0,0,1,3,1,0,1,1,1,1,1,1,1
4043,1,0,0,0,0,0,0,0,1,0,0,0,1,1,1,1,1,1
4044,1,0,0,0,0,0,0,0,1,0,0,0,1,1,1,1,1,1
4045,0,0,0,0,0,0,1,0,1,0,0,0,1,1,1,1,1,1
4046,0,0,0,0,0,0,1,0,1,0,0,0,1,1,1,1,1,1
4047,1,0,0,0,0,0,0,0,1,0,0,0,1,1,1,1,1,1
4048,1,0,0,0,0,0,0,0,1,0,0,0,1,1,1,1,1,1
4050,1,0,0,0,0,0,0,0,1,0,0,0,1,1,1,1,1,1
4051,1,0,0,0,0,0,0,0,1,0,0,0,1,1,1,1,1,1
4052,0,0,1,0,0,0,0,0,1,0,0,0,1,1,1,1,1,1
4053,0,0,0,0,0,0,1,0,1,0,0,0,1,1,1,1,1,1
4054,1,0,0,0,0,0,0,0,1,0,0,0,1,1,1,1,1,1
4055,0,0,0,0,0,0,0,1,2,1,0,1,1,1,1,1,1,1
4057,1,0,0,0,0,0,0,0,1,0,0,0,1,1,1,1,1,1
4058,1,0,0,0,0,0,0,0,1,0,0,0,1,1,1,1,1,1
4059,1,0,0,0,0,0,0,0,1,0,0,0,1,1,1,1,1,1
4060,1,0,0,0,0,0,0,0,1,0,0,0,1,1,1,1,1,1
4061,1,0,0,0,0,0,0,0,1,0,0,0,1,1,1,1,1,1
4062,0,0,1,0,0,0,0,0,1,0,0,0,1,1,1,1,1,1
4063,1,0,0,0,0,0,0,0,1,0,0,0,1,1,1,1,1,1
4064,1,0,0,0,0,0,0,0,1,0,0,0,1,1,1,1,1,1
4065,0,0,0,0,0,0,1,0,1,0,0,0,1,1,1,1,1,1
4066,0,0,0,0,0,1,0,0,1,0,0,0,1,1,1,1,1,1
4067,0,0,0,0,0,0,1,0,1,0,0,0,1,1,1,1,1,1
4068,0,0,0,0,0,0,1,0,1,0,0,0,1,1,1,1,1,1
4069,0,0,0,0,0,0,1,0,1,0,0,0,1,1,1,1,1,1
4070,1,0,0,0,0,0,0,0,1,0,0,0,1,1,1,1,1,1
4071,0,0,0,0,0,0,1,0,1,0,0,0,1,1,1,1,1,1
4072,0,0,0,0,0,1,0,0,1,0,0,0,1,1,1,1,1,1
4073,0,0,0,0,0,0,1,0,1,0,0,0,1,1,1,1,1,1
4075,1,0,0,0,0,0,0,0,1,0,0,0,1,1,1,1,1,1
4076,0,0,0,0,0,0,1,0,2,1,0,0,1,1,1,1,1,1
4077,0,0,0,0,0,0,1,0,1,0,0,0,1,1,1,1,1,1
4080,0,0,0,0,0,1,0,0,1,0,0,0,1,1,1,1,1,1
4081,0,0,0,0,0,0,1,0,1,0,0,0,1,1,1,1,1,1
4082,0,0,0,0,0,0,1,0,3,1,0,0,1,1,1,1,1,1
4084,1,0,0,0,0,0,0,0,1,0,0,0,1,1,1,1,1,1
4085,1,0,0,0,0,0,0,0,1,0,0,0,1,1,1,1,1,1
4086,0,0,0,0,0,0,1,0,1,0,0,0,1,1,1,1,1,1
4087,0,0,0,0,0,0,0,1,2,1,0,1,1,1,1,1,1,1
4088,0,0,1,0,0,0,0,0,1,0,0,0,1,1,1,1,1,1
4089,0,0,0,0,0,0,1,0,2,1,0,0,1,1,1,1,1,1
4090,1,0,0,0,0,0,0,0,1,0,0,0,1,1,1,1,1,1
4091,0,0,0,0,0,0,0,1,3,1,0,1,1,1,1,1,1,1
4092,0,0,0,0,0,0,1,0,1,0,0,0,1,1,1,1,1,1
4093,0,0,0,0,0,0,1,0,1,0,0,0,1,1,1,1,1,1
4095,0,0,1,0,0,0,0,0,1,0,0,0,1,1,1,1,1,1
4097,0,0,0,0,0,0,1,0,1,0,0,0,1,1,1,1,1,1
4098,0,0,0,0,0,0,1,0,1,0,0,0,1,1,1,1,1,1
4099,0,0,0,0,0,0,1,0,1,0,0,0,1,1,1,1,1,1
4101,0,0,0,0,0,0,1,0,1,0,0,0,1,1,1,1,1,1
4102,0,0,0,0,0,0,1,0,1,0,0,0,1,1,1,1,1,1
4103,0,0,0,0,0,1,0,0,1,0,0,0,1,1,1,1,1,1
4104,0,0,0,0,0,0,1,0,1,0,0,0,1,1,1,1,1,1
4107,0,0,0,0,0,0,1,0,1,0,0,0,1,1,1,1,1,1
4108,0,0,0,0,0,0,1,0,1,0,0,0,1,1,1,1,1,1
4109,0,0,0,0,0,0,1,0,1,0,0,0,1,1,1,1,1,1
4110,0,0,0,0,0,0,1,0,1,0,0,0,1,1,1,1,1,1
4111,0,0,1,0,0,0,0,0,1,0,0,0,1,1,1,1,1,1
4112,0,0,1,0,0,0,0,0,1,0,0,0,1,1,1,1,1,1
4113,1,0,0,0,0,0,0,0,1,0,0,0,1,1,1,1,1,1
4114,0,0,0,0,0,0,1,0,1,0,0,0,1,1,1,1,1,1
4115,1,0,0,0,0,0,0,0,1,0,0,0,1,1,1,1,1,1
4116,0,0,1,0,0,0,0,0,1,0,0,0,1,1,1,1,1,1
4117,0,0,0,0,0,1,0,0,1,0,0,0,1,1,1,1,1,1
4118,0,0,1,0,0,0,0,0,1,0,0,0,1,1,1,1,1,1
4119,1,0,0,0,0,0,0,0,1,0,0,0,1,1,1,1,1,1
4120,1,0,0,0,0,0,0,0,1,0,0,0,1,1,1,1,1,1
4121,0,1,0,0,0,0,0,0,2,1,0,0,1,1,1,1,1,1
4122,0,0,0,0,0,0,1,0,1,0,0,0,1,1,1,1,1,1
4123,0,0,0,0,0,0,1,0,1,0,0,0,1,1,1,1,1,1
4124,0,0,1,0,0,0,0,0,1,0,0,0,1,1,1,1,1,1
4125,0,0,0,0,0,0,1,0,1,0,0,0,1,1,1,1,1,1
4126,0,0,0,0,0,0,0,1,2,1,0,1,1,1,1,1,1,1
4127,0,0,0,0,0,1,0,0,1,0,0,0,1,1,1,1,1,1
4128,1,0,0,0,0,0,0,0,1,0,0,0,1,1,1,1,1,1
4129,0,0,0,0,0,0,1,0,1,0,0,0,1,1,1,1,1,1
4130,0,0,0,0,0,0,1,0,1,0,0,0,1,1,1,1,1,1
4132,1,0,0,0,0,0,0,0,1,0,0,0,1,1,1,1,1,1
4133,1,0,0,0,0,0,0,0,1,0,0,0,1,1,1,1,1,1
4134,0,0,0,0,0,0,1,0,1,0,0,0,1,1,1,1,1,1
4135,0,0,0,0,0,0,1,0,1,0,0,0,1,1,1,1,1,1
4137,0,0,0,0,0,0,1,0,1,0,0,0,1,1,1,1,1,1
4138,0,0,1,0,0,0,0,0,1,0,0,0,1,1,1,1,1,1
4139,0,0,0,0,0,1,0,0,1,0,0,0,1,1,1,1,1,1
4140,0,0,0,0,0,0,1,0,1,0,0,0,1,1,1,1,1,1
4141,0,0,0,0,0,0,1,0,1,0,0,0,1,1,1,1,1,1
4142,0,0,0,0,0,0,1,0,1,0,0,0,1,1,1,1,1,1
4143,0,0,0,0,0,0,1,0,1,0,0,0,1,1,1,1,1,1
4144,0,0,0,0,0,1,0,0,1,0,0,0,1,1,1,1,1,1
4146,1,0,0,0,0,0,0,0,3,1,0,0,1,1,1,1,1,1
4147,0,0,0,0,0,0,1,0,1,0,0,0,1,1,1,1,1,1
4148,1,0,0,0,0,0,0,0,1,0,0,0,1,1,1,1,1,1
4151,0,0,0,0,0,1,0,0,1,0,0,0,1,1,1,1,1,1
4152,0,0,0,0,0,0,1,0,2,1,0,0,1,1,1,1,1,1
4153,0,0,0,0,0,0,1,0,1,0,0,0,1,1,1,1,1,1
4154,0,0,0,0,0,0,1,0,1,0,0,0,1,1,1,1,1,1
4155,0,0,0,0,0,0,1,0,1,0,0,0,1,1,1,1,1,1
4156,0,0,0,0,0,1,0,0,1,0,0,0,1,1,1,1,1,1
4157,0,0,0,0,0,0,1,0,1,0,0,0,1,1,1,1,1,1
4159,0,0,0,0,0,1,0,0,1,0,0,0,1,1,1,1,1,1
4160,0,0,1,0,0,0,0,0,1,0,0,0,1,1,1,1,1,1
4161,0,0,0,0,0,1,0,0,1,0,0,0,1,1,1,1,1,1
4162,0,0,0,0,0,1,0,0,2,1,0,0,1,1,1,1,1,1
4163,0,0,0,0,0,0,1,0,1,0,0,0,1,1,1,1,1,1
4165,0,0,0,0,0,0,1,0,1,0,0,0,1,1,1,1,1,1
4168,0,0,0,0,0,0,1,0,1,0,0,0,1,1,1,1,1,1
4169,0,0,0,0,0,0,1,0,1,0,0,0,1,1,1,1,1,1
4170,0,0,1,0,0,0,0,0,1,0,0,0,1,1,1,1,1,1
4171,0,0,1,0,0,0,0,0,1,0,0,0,1,1,1,1,1,1
4172,1,0,0,0,0,0,0,0,1,0,0,0,1,1,1,1,1,1
4173,0,0,0,0,0,1,0,0,1,0,0,0,1,1,1,1,1,1
4174,0,0,1,0,0,0,0,0,1,0,0,0,1,1,1,1,1,1
4175,0,0,0,0,0,1,0,0,1,0,0,0,1,1,1,1,1,1
4176,0,0,0,0,0,0,1,0,1,0,0,0,1,1,1,1,1,1
4177,0,0,0,0,0,0,1,0,1,0,0,0,1,1,1,1,1,1
4178,0,0,0,0,0,0,1,0,1,0,0,0,1,1,1,1,1,1
4179,0,0,0,0,0,0,1,0,1,0,0,0,1,1,1,1,1,1
4180,0,0,0,0,0,0,1,0,1,0,0,0,1,1,1,1,1,1
4182,0,0,0,0,0,0,1,0,1,0,0,0,1,1,1,1,1,1
4183,0,0,0,0,0,0,1,0,1,0,0,0,1,1,1,1,1,1
4185,1,0,0,0,0,0,0,0,1,0,0,0,1,1,1,1,1,1
4186,0,0,0,0,0,0,1,0,1,0,0,0,1,1,1,1,1,1
4187,0,0,0,0,0,0,1,0,1,0,0,0,1,1,1,1,1,1
4188,0,0,0,0,0,0,1,0,1,0,0,0,1,1,1,1,1,1
4189,0,0,0,0,0,0,1,0,1,0,0,0,1,1,1,1,1,1
4190,0,0,1,0,0,0,0,0,1,0,0,0,1,1,1,1,1,1
4192,0,0,0,0,0,0,1,0,1,0,0,0,1,1,1,1,1,1
4193,0,0,0,0,0,0,1,0,1,0,0,0,1,1,1,1,1,1
4194,1,0,0,0,0,0,0,0,1,0,0,0,1,1,1,1,1,1
4198,0,0,0,0,0,0,1,0,1,0,0,0,1,1,1,1,1,1
4199,0,0,0,0,0,0,1,0,1,0,0,0,1,1,1,1,1,1
4200,1,0,0,0,0,0,0,0,1,0,0,0,1,1,1,1,1,1
4201,1,0,0,0,0,0,0,0,2,1,0,0,1,1,1,1,1,1
4202,1,0,0,0,0,0,0,0,1,0,0,0,1,1,1,1,1,1
4203,0,0,0,0,0,1,0,0,1,0,0,0,1,1,1,1,1,1
4204,0,0,0,0,0,0,1,0,1,0,0,0,1,1,1,1,1,1
4205,1,0,0,0,0,0,0,0,1,0,0,0,1,1,1,1,1,1
4207,0,0,0,0,0,1,0,0,1,0,0,0,1,1,1,1,1,1
4208,0,0,0,0,0,1,0,0,1,0,0,0,1,1,1,1,1,1
4209,0,0,0,0,0,0,1,0,1,0,0,0,1,1,1,1,1,1
4210,0,0,0,0,0,0,1,0,1,0,0,0,1,1,1,1,1,1
4212,0,0,1,0,0,0,0,0,1,0,0,0,1,1,1,1,1,1
4213,0,0,0,0,0,1,0,0,1,0,0,0,1,1,1,1,1,1
4215,0,0,0,0,0,0,1,0,1,0,0,0,1,1,1,1,1,1
4216,0,0,0,0,0,0,1,0,1,0,0,0,1,1,1,1,1,1
4217,0,0,0,0,0,1,0,0,1,0,0,0,1,1,1,1,1,1
4218,0,0,1,0,0,0,0,0,2,1,0,0,1,1,1,1,1,1
4219,0,0,0,0,0,0,1,0,2,1,0,0,1,1,1,1,1,1
4220,1,0,0,0,0,0,0,0,1,0,0,0,1,1,1,1,1,1
4222,0,0,0,0,0,0,1,0,1,0,0,0,1,1,1,1,1,1
4224,0,0,0,0,0,0,1,0,1,0,0,0,1,1,1,1,1,1
4226,1,0,0,0,0,0,0,0,1,0,0,0,1,1,1,1,1,1
4227,1,0,0,0,0,0,0,0,1,0,0,0,1,1,1,1,1,1
4228,0,0,1,0,0,0,0,0,2,1,0,0,1,1,1,1,1,1
4234,1,0,0,0,0,0,0,0,1,0,0,0,1,1,1,1,1,1
4235,0,0,0,0,0,1,0,0,1,0,0,0,1,1,1,1,1,1
4236,1,0,0,0,0,0,0,0,1,0,0,0,1,1,1,1,1,1
4237,1,0,0,0,0,0,0,0,1,0,0,0,1,1,1,1,1,1
4239,0,0,0,0,0,0,0,1,2,1,0,1,1,1,1,1,1,1
4240,1,0,0,0,0,0,0,0,1,0,0,0,1,1,1,1,1,1
4241,0,0,0,0,0,0,1,0,2,1,0,0,1,1,1,1,1,1
4243,0,0,0,0,0,1,0,0,1,0,0,0,1,1,1,1,1,1
4244,0,0,0,0,0,1,0,0,1,0,0,0,1,1,1,1,1,1
4245,0,0,0,0,0,0,0,1,2,1,0,1,1,1,1,1,1,1
4246,0,0,0,0,0,0,1,0,1,0,0,0,1,1,1,1,1,1
4247,0,0,0,0,0,0,1,0,1,0,0,0,1,1,1,1,1,1
4248,1,0,0,0,0,0,0,0,1,0,0,0,1,1,1,1,1,1
4249,0,0,0,0,0,0,1,0,1,0,0,0,1,1,1,1,1,1
4250,0,1,0,0,0,0,0,0,2,1,0,0,1,1,1,1,1,1
4251,1,0,0,0,0,0,0,0,1,0,0,0,1,1,1,1,1,1
4252,0,0,0,0,0,0,1,0,1,0,0,0,1,1,1,1,1,1
4254,0,0,0,0,0,0,1,0,2,1,0,0,1,1,1,1,1,1
4255,0,0,0,0,0,0,1,0,1,0,0,0,1,1,1,1,1,1
4256,0,0,1,0,0,0,0,0,1,0,0,0,1,1,1,1,1,1
4258,0,0,0,0,0,0,1,0,1,0,0,0,1,1,1,1,1,1
4259,0,0,0,0,0,0,1,0,1,0,0,0,1,1,1,1,1,1
4260,0,0,0,0,0,0,1,0,1,0,0,0,1,1,1,1,1,1
4261,0,0,0,0,0,1,0,0,1,0,0,0,1,1,1,1,1,1
4262,0,0,0,0,0,1,0,0,1,0,0,0,1,1,1,1,1,1
4263,0,0,0,0,0,0,1,0,1,0,0,0,1,1,1,1,1,1
4264,0,0,1,0,0,0,0,0,1,0,0,0,1,1,1,1,1,1
4265,1,0,0,0,0,0,0,0,1,0,0,0,1,1,1,1,1,1
4266,1,0,0,0,0,0,0,0,1,0,0,0,1,1,1,1,1,1
4267,0,0,0,0,0,0,1,0,1,0,0,0,1,1,1,1,1,1
4268,0,0,1,0,0,0,0,0,1,0,0,0,1,1,1,1,1,1
4269,1,0,0,0,0,0,0,0,1,0,0,0,1,1,1,1,1,1
4270,1,0,0,0,0,0,0,0,1,0,0,0,1,1,1,1,1,1
4272,0,0,1,0,0,0,0,0,1,0,0,0,1,1,1,1,1,1
4275,0,0,0,0,0,0,1,0,1,0,0,0,1,1,1,1,1,1
4277,0,0,0,0,0,1,0,0,1,0,0,0,1,1,1,1,1,1
4278,1,0,0,0,0,0,0,0,1,0,0,0,1,1,1,1,1,1
4279,1,0,0,0,0,0,0,0,1,0,0,0,1,1,1,1,1,1
4280,0,0,0,0,0,0,1,0,1,0,0,0,1,1,1,1,1,1
4282,1,0,0,0,0,0,0,0,1,0,0,0,1,1,1,1,1,1
4283,0,0,1,0,0,0,0,0,1,0,0,0,1,1,1,1,1,1
4284,0,0,0,0,0,0,1,0,1,0,0,0,1,1,1,1,1,1
4285,0,0,0,0,0,0,1,0,2,1,0,0,1,1,1,1,1,1
4286,1,0,0,0,0,0,0,0,1,0,0,0,1,1,1,1,1,1
4288,0,0,0,0,0,0,0,1,2,1,0,1,1,1,1,1,1,1
4290,0,0,0,0,0,0,1,0,1,0,0,0,1,1,1,1,1,1
4295,0,0,0,0,0,0,0,1,2,1,0,1,1,1,1,1,1,1
4296,0,0,0,0,0,0,1,0,2,1,0,0,1,1,1,1,1,1
4297,0,0,0,0,0,1,0,0,2,1,0,0,1,1,1,1,1,1
4298,0,0,0,0,0,1,0,0,1,0,0,0,1,1,1,1,1,1
4299,0,0,0,0,0,1,0,0,1,0,0,0,1,1,1,1,1,1
4300,0,0,0,1,0,0,0,0,1,0,0,0,1,1,1,1,1,1
4301,0,0,0,0,0,0,1,0,1,0,0,0,1,1,1,1,1,1
4302,0,0,0,0,0,0,1,0,1,0,0,0,1,1,1,1,1,1
4303,0,0,0,0,0,1,0,0,1,0,0,0,1,1,1,1,1,1
4304,0,0,0,0,0,1,0,0,1,0,0,0,1,1,1,1,1,1
4305,1,0,0,0,0,0,0,0,1,0,0,0,1,1,1,1,1,1
4306,1,0,0,0,0,0,0,0,1,0,0,0,1,1,1,1,1,1
4308,0,0,0,0,0,1,0,0,1,0,0,0,1,1,1,1,1,1
4309,0,0,0,0,0,1,0,0,1,0,0,0,1,1,1,1,1,1
4313,0,0,0,0,0,0,1,0,2,1,0,0,1,1,1,1,1,1
4314,0,0,0,0,0,1,0,0,1,0,0,0,1,1,1,1,1,1
4315,0,0,0,0,0,0,1,0,2,1,0,0,1,1,1,1,1,1
4317,0,0,0,0,0,0,1,0,1,0,0,0,1,1,1,1,1,1
4318,0,0,0,0,0,1,0,0,1,0,0,0,1,1,1,1,1,1
4319,0,0,0,0,0,1,0,0,1,0,0,0,1,1,1,1,1,1
4321,0,0,0,0,0,1,0,0,1,0,0,0,1,1,1,1,1,1
4322,0,0,0,0,0,1,0,0,1,0,0,0,1,1,1,1,1,1
4325,0,0,0,0,0,1,0,0,2,1,0,0,1,1,1,1,1,1
4327,0,0,0,0,0,0,0,1,2,1,0,1,1,1,1,1,1,1
4328,0,0,0,0,0,0,1,0,1,0,0,0,1,1,1,1,1,1
4329,1,0,0,0,0,0,0,0,1,0,0,0,1,1,1,1,1,1
4330,0,0,1,0,0,0,0,0,1,0,0,0,1,1,1,1,1,1
4331,0,0,0,0,0,1,0,0,1,0,0,0,1,1,1,1,1,1
4332,0,0,0,1,0,0,0,0,1,0,0,0,1,1,1,1,1,1
4334,0,0,0,0,0,1,0,0,1,0,0,0,1,1,1,1,1,1
4335,0,0,0,0,0,1,0,0,1,0,0,0,1,1,1,1,1,1
4336,0,0,0,0,0,0,1,0,1,0,0,0,1,1,1,1,1,1
4337,0,0,0,0,0,1,0,0,1,0,0,0,1,1,1,1,1,1
4338,0,0,0,0,0,0,1,0,2,1,0,0,1,1,1,1,1,1
4339,0,0,0,0,0,0,1,0,1,0,0,0,1,1,1,1,1,1
4340,0,0,0,0,0,1,0,0,1,0,0,0,1,1,1,1,1,1
4341,0,0,0,0,0,1,0,0,1,0,0,0,1,1,1,1,1,1
4342,1,0,0,0,0,0,0,0,1,0,0,0,1,1,1,1,1,1
4344,1,0,0,0,0,0,0,0,1,0,0,0,1,1,1,1,1,1
4345,0,1,0,0,0,0,0,0,2,1,0,0,1,1,1,1,1,1
4346,1,0,0,0,0,0,0,0,1,0,0,0,1,1,1,1,1,1
4349,0,0,1,0,0,0,0,0,1,0,0,0,1,1,1,1,1,1
4350,0,0,0,0,0,1,0,0,1,0,0,0,1,1,1,1,1,1
4351,0,0,0,0,0,0,1,0,1,0,0,0,1,1,1,1,1,1
4352,0,0,0,0,0,0,1,0,1,0,0,0,1,1,1,1,1,1
4353,0,0,0,0,0,0,1,0,1,0,0,0,1,1,1,1,1,1
4354,0,0,0,0,0,1,0,0,1,0,0,0,1,1,1,1,1,1
4356,0,0,0,0,0,0,1,0,1,0,0,0,1,1,1,1,1,1
4357,0,0,0,0,0,1,0,0,1,0,0,0,1,1,1,1,1,1
4358,0,0,0,0,0,0,1,0,1,0,0,0,1,1,1,1,1,1
4359,0,0,0,0,0,0,1,0,1,0,0,0,1,1,1,1,1,1
4361,0,0,0,0,0,0,1,0,2,1,0,0,1,1,1,1,1,1
4362,0,0,0,0,0,1,0,0,1,0,0,0,1,1,1,1,1,1
4363,0,0,0,0,0,0,1,0,1,0,0,0,1,1,1,1,1,1
4364,0,0,0,0,0,1,0,0,1,0,0,0,1,1,1,1,1,1
4365,0,0,0,0,0,0,1,0,1,0,0,0,1,1,1,1,1,1
4367,0,0,0,0,0,0,1,0,1,0,0,0,1,1,1,1,1,1
4368,0,0,0,0,0,0,1,0,1,0,0,0,1,1,1,1,1,1
4369,0,0,1,0,0,0,0,0,1,0,0,0,1,1,1,1,1,1
4370,0,0,0,0,0,0,1,0,2,1,0,0,1,1,1,1,1,1
4371,0,0,0,0,0,1,0,0,1,0,0,0,1,1,1,1,1,1
4373,0,0,0,0,0,1,0,0,1,0,0,0,1,1,1,1,1,1
4374,0,0,0,0,0,0,1,0,1,0,0,0,1,1,1,1,1,1
4375,0,0,0,0,0,0,1,0,1,0,0,0,1,1,1,1,1,1
4377,0,0,0,0,0,1,0,0,1,0,0,0,1,1,1,1,1,1
4378,0,0,0,0,0,1,0,0,1,0,0,0,1,1,1,1,1,1
4380,0,0,0,0,0,0,1,0,1,0,0,0,1,1,1,1,1,1
4381,0,0,0,0,0,0,1,0,1,0,0,0,1,1,1,1,1,1
4382,0,0,0,0,0,0,1,0,1,0,0,0,1,1,1,1,1,1
4383,0,0,0,0,0,0,1,0,1,0,0,0,1,1,1,1,1,1
4384,0,0,0,0,0,0,1,0,1,0,0,0,1,1,1,1,1,1
4385,0,0,0,0,0,1,0,0,1,0,0,0,1,1,1,1,1,1
4386,0,0,0,0,0,0,1,0,1,0,0,0,1,1,1,1,1,1
4387,0,0,0,0,0,0,1,0,1,0,0,0,1,1,1,1,1,1
4389,0,0,0,0,0,1,0,0,1,0,0,0,1,1,1,1,1,1
4390,0,0,0,0,0,0,1,0,1,0,0,0,1,1,1,1,1,1
4392,0,0,0,0,0,0,1,0,1,0,0,0,1,1,1,1,1,1
4394,0,0,0,0,0,1,0,0,1,0,0,0,1,1,1,1,1,1
4395,0,0,0,1,0,0,0,0,1,0,0,0,1,1,1,1,1,1
4396,0,0,0,0,0,0,1,0,1,0,0,0,1,1,1,1,1,1
4398,0,0,0,0,0,0,1,0,2,1,0,0,1,1,1,1,1,1
4399,0,0,1,0,0,0,0,0,1,0,0,0,1,1,1,1,1,1
4400,0,0,0,0,0,0,1,0,1,0,0,0,1,1,1,1,1,1
4401,0,0,0,0,0,1,0,0,1,0,0,0,1,1,1,1,1,1
4403,0,0,0,0,0,0,1,0,1,0,0,0,1,1,1,1,1,1
4404,0,0,0,0,0,0,1,0,1,0,0,0,1,1,1,1,1,1
4405,1,0,0,0,0,0,0,0,1,0,0,0,1,1,1,1,1,1
4406,1,0,0,0,0,0,0,0,1,0,0,0,1,1,1,1,1,1
4407,0,0,0,0,0,0,1,0,1,0,0,0,1,1,1,1,1,1
4408,0,0,0,0,0,1,0,0,1,0,0,0,1,1,1,1,1,1
4409,0,0,1,0,0,0,0,0,1,0,0,0,1,1,1,1,1,1
4410,1,0,0,0,0,0,0,0,2,1,0,0,1,1,1,1,1,1
4411,0,0,1,0,0,0,0,0,1,0,0,0,1,1,1,1,1,1
4412,0,1,0,0,0,0,0,0,3,1,0,0,1,1,1,1,1,1
4414,0,0,0,0,0,0,0,0,1,0,0,0,1,1,1,1,1,1
4415,0,0,0,0,0,0,0,0,1,0,0,0,1,1,1,1,1,1
4416,0,0,0,0,0,0,0,0,1,0,0,0,1,1,1,1,1,1
4417,1,0,0,0,0,0,0,0,2,1,0,0,1,1,1,1,1,1
4418,0,0,0,0,0,0,0,0,1,0,0,0,1,1,1,1,1,1
4419,0,0,1,0,0,0,0,0,3,1,0,0,1,1,1,1,1,1
4420,0,0,0,0,0,0,0,0,1,0,0,0,1,1,1,1,1,1
4421,0,0,0,0,0,0,0,0,1,0,0,0,1,1,1,1,1,1
4426,0,0,0,0,0,0,0,0,1,0,0,0,1,1,1,1,1,1
4427,0,0,0,0,0,0,0,0,1,0,0,0,1,1,1,1,1,1
4429,0,0,0,0,0,0,0,0,1,0,0,0,1,1,1,1,1,1
4430,0,0,0,0,0,0,0,0,1,0,0,0,1,1,1,1,1,1
4431,0,0,0,0,0,0,0,0,1,0,0,0,1,1,1,1,1,1
4432,0,0,0,0,0,0,0,0,1,0,0,0,1,1,1,1,1,1
4433,0,0,0,0,0,0,0,0,1,0,0,0,1,1,1,1,1,1
4434,0,0,1,0,0,0,0,0,1,0,0,0,1,1,1,1,1,1
4437,0,0,1,0,0,0,0,0,1,0,0,0,1,1,1,1,1,1
4439,1,0,0,0,0,0,0,0,1,0,0,0,1,1,1,1,1,1
4442,0,0,0,0,0,1,0,0,1,0,0,0,1,1,1,1,1,1
4443,1,0,0,0,0,0,0,0,1,0,0,0,1,1,1,1,1,1
4444,0,0,0,0,0,0,1,0,1,0,0,0,1,1,1,1,1,1
4446,0,0,0,0,0,0,1,0,1,0,0,0,1,1,1,1,1,1
4447,0,0,1,0,0,0,0,0,1,0,0,0,1,1,1,1,1,1
4449,1,0,0,0,0,0,0,0,1,0,0,0,1,1,1,1,1,1
4450,1,0,0,0,0,0,0,0,1,0,0,0,1,1,1,1,1,1
4453,0,0,0,0,0,0,1,0,1,0,0,0,1,1,1,1,1,1
4454,1,0,0,0,0,0,0,0,1,0,0,0,1,1,1,1,1,1
4456,0,0,0,0,0,0,1,0,1,0,0,0,1,1,1,1,1,1
4459,1,0,0,0,0,0,0,0,1,0,0,0,1,1,1,1,1,1
4460,1,0,0,0,0,0,0,0,1,0,0,0,1,1,1,1,1,1
4461,1,0,0,0,0,0,0,0,1,0,0,0,1,1,0,0,1,1
4462,1,0,0,0,0,0,0,0,1,0,0,0,1,1,0,0,1,1
4463,1,0,0,0,0,0,0,0,1,0,0,0,1,1,0,0,1,1
4464,1,0,0,0,0,0,0,0,1,0,0,0,1,1,0,0,1,1
4466,0,0,0,0,0,0,1,0,1,0,0,0,1,1,0,0,1,1
4468,1,0,0,0,0,0,0,0,1,0,0,0,1,1,0,0,1,1
4469,1,0,0,0,0,0,0,0,1,0,0,0,1,1,0,0,1,1
4470,1,0,0,0,0,0,0,0,1,0,0,0,1,1,1,1,1,1
4471,1,0,0,0,0,0,0,0,1,0,0,0,1,1,1,1,1,1
4475,0,0,1,0,0,0,0,0,1,0,0,0,1,1,1,0,1,1
4476,0,0,1,0,0,0,0,0,1,0,0,0,1,1,1,0,1,1
4477,0,0,1,0,0,0,0,0,1,0,0,0,1,1,1,0,1,1
4478,0,0,0,1,0,0,0,0,1,0,0,0,1,1,1,0,1,1
4480,0,0,1,0,0,0,0,0,1,0,0,0,1,1,1,0,1,1
4481,0,0,1,0,0,0,0,0,1,0,0,0,1,0,1,0,1,1
4482,1,0,0,0,0,0,0,0,1,0,0,0,1,1,1,0,1,1
4483,0,0,1,0,0,0,0,0,1,0,0,0,1,1,1,0,1,1
4484,1,0,0,0,0,0,0,0,1,0,0,0,1,1,1,0,1,1
4485,0,0,1,0,0,0,0,0,1,0,0,0,1,1,1,0,1,1
4486,0,0,1,0,0,0,0,0,1,0,0,0,1,1,1,0,1,1
4487,1,0,0,0,0,0,0,0,1,0,0,0,1,1,1,0,1,1
4488,0,0,0,0,0,0,1,0,1,0,0,0,1,1,1,0,1,1
4489,1,0,0,0,0,0,0,0,1,0,0,0,1,1,1,0,1,1
4490,1,0,0,0,0,0,0,0,1,0,0,0,1,1,1,0,1,1
4491,0,1,0,0,0,0,0,0,2,1,0,0,1,1,1,0,1,1
4492,0,0,1,0,0,0,0,0,1,0,0,0,1,1,1,0,1,1
4493,0,0,1,0,0,0,0,0,1,0,0,0,1,1,1,0,1,1
4494,0,0,0,0,0,0,1,0,1,0,0,0,1,1,1,0,1,1
4495,0,0,1,0,0,0,0,0,1,0,0,0,1,1,1,0,1,1
4496,0,0,1,0,0,0,0,0,1,0,0,0,1,1,1,0,1,1
4497,0,0,1,0,0,0,0,0,1,0,0,0,1,1,1,0,1,1
4498,0,0,1,0,0,0,0,0,1,0,0,0,1,1,1,0,1,1
4499,0,0,0,0,0,0,1,0,2,1,0,0,1,1,1,0,1,1
4500,0,0,0,0,0,0,1,0,1,0,0,0,1,1,1,0,1,1
4501,0,0,0,0,0,0,1,0,1,0,0,0,1,1,1,0,1,1
4502,0,0,1,0,0,0,0,0,1,0,0,0,1,1,1,0,1,1
4503,1,0,0,0,0,0,0,0,1,0,0,0,1,1,1,0,1,1
4504,0,0,0,0,0,0,1,0,1,0,0,0,1,1,1,0,1,1
4505,0,0,0,0,0,0,1,0,1,0,0,0,1,1,1,0,1,1
4507,0,0,0,0,0,1,0,0,1,0,0,0,1,1,1,0,1,1
4508,1,0,0,0,0,0,0,0,1,0,0,0,1,1,1,0,1,1
4510,0,0,0,0,0,0,1,0,1,0,0,0,1,1,1,0,1,1
4512,0,0,0,0,0,0,1,0,1,0,0,0,1,1,1,0,1,1
4513,0,0,0,0,0,0,1,0,1,0,0,0,1,1,1,0,1,1
4514,0,0,0,0,0,0,1,0,1,0,0,0,1,1,1,0,1,1
4515,0,0,0,0,0,0,1,0,1,0,0,0,1,1,1,0,1,1
4517,0,0,0,0,0,0,1,0,1,0,0,0,1,1,1,0,1,1
4518,1,0,0,0,0,0,0,0,1,0,0,0,1,1,1,0,1,1
4519,0,0,0,0,0,0,1,0,1,0,0,0,1,1,1,0,1,1
4520,0,0,0,0,0,0,1,0,1,0,0,0,1,1,1,0,1,1
4522,0,0,0,0,0,0,1,0,1,0,0,0,1,1,1,0,1,1
4524,0,0,0,0,0,0,1,0,1,0,0,0,1,1,1,0,1,1
4525,0,0,0,0,0,0,1,0,1,0,0,0,1,1,1,0,1,1
4526,0,0,0,0,0,0,1,0,1,0,0,0,1,1,1,0,1,1
4527,0,0,0,0,0,0,1,0,1,0,0,0,1,1,1,0,1,1
4528,0,0,1,0,0,0,0,0,1,0,0,0,1,1,1,0,1,1
4530,0,0,0,0,0,0,1,0,1,0,0,0,1,1,1,0,1,1
4531,0,0,0,0,0,0,1,0,1,0,0,0,1,1,1,0,1,1
4533,0,0,0,0,0,0,1,0,1,0,0,0,1,1,1,0,1,1
4534,0,0,0,0,0,0,1,0,1,0,0,0,1,1,1,0,1,1
4535,0,0,0,0,0,0,1,0,1,0,0,0,1,1,1,0,1,1
4536,0,0,1,0,0,0,0,0,1,0,0,0,1,1,1,0,1,1
4538,0,0,0,0,0,0,1,0,1,0,0,0,1,1,1,0,1,1
4539,0,0,0,0,0,0,1,0,1,0,0,0,1,1,1,0,1,1
4540,0,0,0,0,0,0,1,0,1,0,0,0,1,1,1,0,1,1
4541,0,0,0,0,0,0,1,0,1,0,0,0,1,1,1,0,1,1
4542,0,0,0,0,0,0,1,0,1,0,0,0,1,1,1,0,1,1
4543,0,0,0,0,0,0,1,0,1,0,0,0,1,1,1,0,1,1
4544,0,0,0,0,0,0,1,0,1,0,0,0,1,1,1,0,1,1
4545,0,0,0,0,0,0,1,0,2,1,0,0,1,1,1,0,1,1
4546,0,0,0,0,0,0,1,0,1,0,0,0,1,1,1,0,1,1
4547,0,0,1,0,0,0,0,0,1,0,0,0,1,1,1,0,1,1
4549,0,0,0,0,0,0,1,0,1,0,0,0,1,1,1,0,1,1
4550,1,0,0,0,0,0,0,0,1,0,0,0,1,1,1,0,1,1
4551,0,0,0,0,0,0,1,0,1,0,0,0,1,1,1,0,1,1
4552,0,0,1,0,0,0,0,0,1,0,0,0,1,1,1,0,1,1
4553,0,0,0,0,0,0,1,0,1,0,0,0,1,1,1,0,1,1
4554,0,0,1,0,0,0,0,0,1,0,0,0,1,1,1,0,1,1
4555,0,0,0,0,0,0,1,0,1,0,0,0,1,1,1,0,1,1
4556,0,0,1,0,0,0,0,0,1,0,0,0,1,1,1,0,1,1
4557,1,0,0,0,0,0,0,0,1,0,0,0,1,1,1,0,1,1
4558,0,0,0,0,0,0,1,0,1,0,0,0,1,1,1,0,1,1
4559,0,0,0,0,0,0,1,0,1,0,0,0,1,1,1,0,1,1
4560,0,0,0,0,0,0,1,0,1,0,0,0,1,1,1,0,1,1
4561,0,0,0,0,0,0,0,1,2,1,0,1,1,1,1,0,1,1
4562,0,0,0,0,0,0,1,0,1,0,0,0,1,1,1,0,1,1
4563,1,0,0,0,0,0,0,0,1,0,0,0,1,1,1,0,1,1
4564,0,0,0,0,0,0,1,0,1,0,0,0,1,1,1,0,1,1
4565,0,0,0,0,0,0,1,0,2,1,0,0,1,1,1,0,1,1
4566,0,0,0,0,0,0,0,1,3,1,0,1,1,1,1,0,1,1
4567,0,0,0,0,0,0,1,0,1,0,0,0,1,1,1,0,1,1
4569,0,0,0,0,0,0,1,0,1,0,0,0,1,1,1,0,1,1
4570,0,0,0,0,0,0,1,0,1,0,0,0,1,1,1,0,1,1
4572,0,0,0,0,0,0,1,0,1,0,0,0,1,1,1,0,1,1
4573,0,0,0,0,0,0,1,0,1,0,0,0,1,1,1,0,1,1
4574,0,0,0,0,0,0,1,0,2,1,0,0,1,1,1,0,1,1
4577,0,0,0,0,0,0,1,0,1,0,0,0,1,1,1,0,1,1
4581,0,0,0,0,0,0,1,0,1,0,0,0,1,1,1,0,1,1
4583,0,0,0,0,0,0,1,0,1,0,0,0,1,1,1,0,1,1
4584,0,0,0,0,0,0,1,0,2,1,0,0,1,1,1,0,1,1
4585,1,0,0,0,0,0,0,0,1,0,0,0,1,1,0,0,1,1
4586,1,0,0,0,0,0,0,0,1,0,0,0,1,1,1,0,1,1
4587,0,0,1,0,0,0,0,0,1,0,0,0,1,1,1,0,1,1
4588,0,0,1,0,0,0,0,0,1,0,0,0,1,1,1,0,1,1
4589,1,0,0,0,0,0,0,0,1,0,0,0,1,1,1,0,1,1
4591,1,0,0,0,0,0,0,0,1,0,0,0,1,1,1,0,1,1
4592,0,0,0,0,0,0,1,0,1,0,0,0,1,1,1,0,1,1
4593,0,0,1,0,0,0,0,0,1,0,0,0,1,1,1,0,1,1
4594,1,0,0,0,0,0,0,0,1,0,0,0,1,1,1,0,1,1
4595,1,0,0,0,0,0,0,0,1,0,0,0,1,1,1,0,1,1
4596,0,0,0,0,0,0,1,0,1,0,0,0,1,1,1,0,1,1
4597,0,0,0,0,0,0,1,0,2,1,0,0,1,1,1,0,1,1
4598,0,0,0,0,0,0,1,0,1,0,0,0,1,1,1,0,1,1
4599,0,0,0,0,0,0,1,0,1,0,0,0,1,1,1,0,1,1
4600,0,0,0,0,0,1,0,0,1,0,0,0,1,1,1,0,1,1
4601,0,0,0,0,0,1,0,0,1,0,0,0,1,1,1,0,1,1
4602,0,0,0,0,0,0,1,0,2,1,0,0,1,1,1,0,1,1
4603,0,0,0,0,0,1,0,0,1,0,0,0,1,1,1,0,1,1
4604,0,0,0,0,0,1,0,0,1,0,0,0,1,1,1,0,1,1
4607,0,0,0,0,0,1,0,0,1,0,0,0,1,1,1,0,1,1
4608,0,0,1,0,0,0,0,0,1,0,0,0,1,1,1,0,1,1
4609,0,0,0,0,0,0,1,0,1,0,0,0,1,1,1,0,1,1
4610,0,0,0,0,0,0,1,0,1,0,0,0,1,1,1,0,1,1
4612,0,0,0,0,0,0,1,0,1,0,0,0,1,1,1,0,1,1
4613,0,0,0,0,0,1,0,0,2,1,0,0,1,1,1,0,1,1
4614,0,0,0,0,0,1,0,0,1,0,0,0,1,1,1,0,1,1
4615,0,0,0,0,0,0,1,0,2,1,0,0,1,1,1,0,1,1
4616,0,0,0,0,0,0,1,0,2,1,0,0,1,1,1,0,1,1
4618,0,0,0,0,0,1,0,0,2,1,0,0,1,1,1,0,1,1
4619,0,0,0,0,0,1,0,0,1,0,0,0,1,1,1,0,1,1
4620,0,0,0,0,0,0,1,0,1,0,0,0,1,1,1,0,1,1
4621,0,0,0,0,0,1,0,0,2,1,0,0,1,1,1,0,1,1
4622,0,0,0,0,0,1,0,0,1,0,0,0,1,1,1,0,1,1
4623,0,0,0,0,0,1,0,0,1,0,0,0,1,1,1,0,1,1
4624,0,0,0,0,0,0,1,0,2,1,0,0,1,1,1,0,1,1
4625,0,0,0,0,0,1,0,0,1,0,0,0,1,1,1,0,1,1
4629,0,0,0,0,0,1,0,0,1,0,0,0,1,1,1,0,1,1
4630,0,0,0,0,0,1,0,0,1,0,0,0,1,1,1,0,1,1
4631,0,0,0,0,0,0,1,0,1,0,0,0,1,1,1,0,1,1
4632,0,0,0,0,0,0,1,0,1,0,0,0,1,1,1,0,1,1
4633,0,0,0,0,0,0,1,0,1,0,0,0,1,1,1,0,1,1
4634,0,0,0,0,0,0,1,0,1,0,0,0,1,1,1,0,1,1
4636,0,0,0,0,0,0,1,0,1,0,0,0,1,1,1,0,1,1
4637,0,0,1,0,0,0,0,0,1,0,0,0,1,1,1,0,1,1
4638,0,0,0,0,0,0,1,0,1,0,0,0,1,1,1,0,1,1
4639,0,0,0,0,0,0,1,0,2,1,0,0,1,1,1,0,1,1
4641,0,0,1,0,0,0,0,0,1,0,0,0,1,1,1,0,1,1
4642,0,0,1,0,0,0,0,0,1,0,0,0,1,1,1,0,1,1
4643,0,0,1,0,0,0,0,0,1,0,0,0,1,1,1,0,1,1
4644,0,0,1,0,0,0,0,0,1,0,0,0,1,1,1,0,1,1
4645,0,0,0,0,0,0,1,0,1,0,0,0,1,1,1,0,1,1
4646,0,0,0,0,0,0,1,0,1,0,0,0,1,1,1,0,1,1
4647,0,0,0,0,0,0,1,0,1,0,0,0,1,1,1,0,1,1
4648,0,0,0,0,0,0,1,0,2,1,0,0,1,1,1,0,1,1
4650,0,0,1,0,0,0,0,0,1,0,0,0,1,1,1,0,1,1
4652,0,0,0,0,0,0,1,0,1,0,0,0,1,1,1,0,1,1
4654,0,0,0,0,0,0,1,0,1,0,0,0,1,1,1,0,1,1
4655,0,0,0,0,0,0,1,0,1,0,0,0,1,1,1,0,1,1
4656,0,0,0,0,0,0,1,0,1,0,0,0,1,1,1,0,1,1
4657,0,0,1,0,0,0,0,0,1,0,0,0,1,1,1,0,1,1
4659,0,0,0,0,0,0,1,0,1,0,0,0,1,1,1,0,1,1
4660,1,0,0,0,0,0,0,0,1,0,0,0,1,1,1,0,1,1
4662,0,0,0,0,0,0,0,1,2,1,0,1,1,1,1,0,1,1
4663,0,0,0,0,0,0,1,0,1,0,0,0,1,1,1,0,1,1
4664,0,0,0,0,0,0,1,0,1,0,0,0,1,1,1,0,1,1
4665,0,0,0,0,0,0,1,0,1,0,0,0,1,1,1,0,1,1
4666,0,0,0,0,0,0,1,0,1,0,0,0,1,1,1,0,1,1
4668,0,0,0,0,0,0,1,0,1,0,0,0,1,1,1,0,1,1
4669,0,0,0,0,0,0,1,0,2,1,0,0,1,1,1,0,1,1
4670,0,0,0,0,0,0,1,0,1,0,0,0,1,1,1,0,1,1
4671,1,0,0,0,0,0,0,0,1,0,0,0,1,1,1,0,1,1
4673,0,0,0,0,0,0,1,0,1,0,0,0,1,1,1,0,1,1
4674,0,0,1,0,0,0,0,0,1,0,0,0,1,1,1,0,1,1
4675,1,0,0,0,0,0,0,0,1,0,0,0,1,1,1,0,1,1
4677,0,0,0,0,0,0,1,0,1,0,0,0,1,1,1,0,1,1
4678,0,0,0,0,0,0,1,0,1,0,0,0,1,1,1,0,1,1
4679,0,0,0,0,0,0,1,0,1,0,0,0,1,1,1,0,1,1
4681,0,0,1,0,0,0,0,0,1,0,0,0,1,1,1,0,1,1
4682,0,0,0,0,0,0,1,0,1,0,0,0,1,1,1,0,1,1
4683,0,0,0,0,0,0,1,0,1,0,0,0,1,1,1,0,1,1
4684,0,0,0,0,0,0,1,0,1,0,0,0,1,1,1,0,1,1
4685,0,0,0,0,0,0,1,0,1,0,0,0,1,1,1,0,1,1
4687,0,0,0,0,0,0,1,0,1,0,0,0,1,1,1,0,1,1
4688,0,0,0,0,0,0,1,0,1,0,0,0,1,1,1,0,1,1
4689,0,0,0,0,0,0,1,0,1,0,0,0,1,1,1,0,1,1
4690,0,0,0,0,0,0,1,0,2,1,0,0,1,1,1,0,1,1
4691,1,0,0,0,0,0,0,0,1,0,0,0,1,1,1,0,1,1
4692,0,0,0,0,0,0,1,0,1,0,0,0,1,1,1,0,1,1
4693,1,0,0,0,0,0,0,0,1,0,0,0,1,1,1,0,1,1
4695,0,0,0,0,0,0,1,0,1,0,0,0,1,1,1,0,1,1
4696,0,0,0,0,0,0,1,0,1,0,0,0,1,1,1,0,1,1
4697,0,0,1,0,0,0,0,0,1,0,0,0,1,1,1,0,1,1
4698,0,0,0,0,0,0,1,0,1,0,0,0,1,1,1,0,1,1
4699,0,0,0,0,0,0,1,0,1,0,0,0,1,1,1,0,1,1
4700,0,0,0,0,0,0,1,0,1,0,0,0,1,1,1,0,1,1
4701,0,0,1,0,0,0,0,0,1,0,0,0,1,1,1,0,1,1
4702,0,0,0,0,0,0,1,0,1,0,0,0,1,1,1,0,1,1
4703,0,0,1,0,0,0,0,0,1,0,0,0,1,1,1,0,1,1
4704,0,0,1,0,0,0,0,0,1,0,0,0,1,1,1,0,1,1
4705,0,0,1,0,0,0,0,0,1,0,0,0,1,1,1,0,1,1
4706,0,0,0,0,0,0,1,0,1,0,0,0,1,1,1,0,1,1
4707,0,0,0,0,0,0,1,0,1,0,0,0,1,1,1,0,1,1
4708,0,0,0,0,0,0,1,0,1,0,0,0,1,1,1,0,1,1
4710,0,0,0,0,0,0,1,0,1,0,0,0,1,1,1,0,1,1
4711,0,0,0,0,0,0,1,0,1,0,0,0,1,1,1,0,1,1
4712,0,0,0,0,0,1,0,0,1,0,0,0,1,1,1,0,1,1
4715,0,1,0,0,0,0,0,0,2,1,0,0,1,1,1,0,1,1
4718,1,0,0,0,0,0,0,0,1,0,0,0,1,1,1,0,1,1
4719,0,0,0,0,0,0,1,0,1,0,0,0,1,1,1,0,1,1
4720,0,0,0,0,0,1,0,0,1,0,0,0,1,1,1,0,1,1
4721,0,0,0,0,0,0,1,0,1,0,0,0,1,1,1,0,1,1
4722,0,0,0,0,0,1,0,0,1,0,0,0,1,1,1,0,1,1
4723,0,0,0,0,0,1,0,0,1,0,0,0,1,1,1,0,1,1
4724,0,0,0,0,0,0,1,0,1,0,0,0,1,1,1,0,1,1
4725,0,0,0,0,0,1,0,0,1,0,0,0,1,1,1,0,1,1
4726,0,0,0,0,0,1,0,0,1,0,0,0,1,1,1,0,1,1
4727,0,0,0,0,0,1,0,0,1,0,0,0,1,1,1,0,1,1
4728,0,0,0,0,0,1,0,0,1,0,0,0,1,1,1,0,1,1
4730,1,0,0,0,0,0,0,0,1,0,0,0,1,1,1,0,1,1
4732,1,0,0,0,0,0,0,0,1,0,0,0,1,1,1,0,1,1
4733,0,0,0,0,0,0,1,0,1,0,0,0,1,1,1,0,1,1
4734,0,0,0,0,0,1,0,0,1,0,0,0,1,1,1,0,1,1
4736,0,0,0,0,0,1,0,0,1,0,0,0,1,1,1,0,1,1
4737,1,0,0,0,0,0,0,0,1,0,0,0,1,1,1,0,1,1
4738,0,0,0,0,0,1,0,0,1,0,0,0,1,1,1,0,1,1
4739,1,0,0,0,0,0,0,0,1,0,0,0,1,1,1,0,1,1
4740,1,0,0,0,0,0,0,0,1,0,0,0,1,1,1,0,1,1
4741,1,0,0,0,0,0,0,0,1,0,0,0,1,1,1,0,1,1
4742,0,0,0,0,0,0,1,0,1,0,0,0,1,1,1,0,1,1
4743,1,0,0,0,0,0,0,0,1,0,0,0,1,1,1,0,1,1
4745,0,0,0,0,0,1,0,0,1,0,0,0,1,1,1,0,1,1
4747,0,0,0,0,0,1,0,0,1,0,0,0,1,1,1,0,1,1
4748,1,0,0,0,0,0,0,0,1,0,0,0,1,1,1,0,1,1
4749,0,0,0,0,0,1,0,0,1,0,0,0,1,1,1,0,1,1
4750,1,0,0,0,0,0,0,0,1,0,0,0,1,1,1,0,1,1
4752,1,0,0,0,0,0,0,0,1,0,0,0,1,1,1,0,1,1
4753,0,0,0,0,0,1,0,0,1,0,0,0,1,1,1,0,1,1
4754,0,0,0,0,0,0,1,0,1,0,0,0,1,1,1,0,1,1
4755,0,0,0,0,0,1,0,0,1,0,0,0,1,1,1,0,1,1
4756,0,0,0,0,0,0,1,0,1,0,0,0,1,1,1,0,1,1
4758,0,0,0,0,0,0,1,0,1,0,0,0,1,1,1,0,1,1
4759,1,0,0,0,0,0,0,0,1,0,0,0,1,1,1,0,1,1
4760,0,0,0,0,0,0,1,0,1,0,0,0,1,1,1,0,1,1
4761,0,0,0,0,0,0,1,0,1,0,0,0,1,1,1,0,1,1
4762,0,0,0,0,0,1,0,0,1,0,0,0,1,1,1,0,1,1
4763,0,0,0,0,0,1,0,0,1,0,0,0,1,1,1,0,1,1
4765,0,0,0,0,0,0,1,0,1,0,0,0,1,1,1,0,1,1
4766,0,0,0,0,0,1,0,0,1,0,0,0,1,1,1,0,1,1
4767,0,0,0,0,0,0,0,1,2,1,0,1,1,1,1,0,1,1
4768,0,0,0,0,0,1,0,0,1,0,0,0,1,1,1,0,1,1
4769,0,0,0,0,0,1,0,0,1,0,0,0,1,1,1,0,1,1
4770,0,0,0,0,0,1,0,0,1,0,0,0,1,1,1,0,1,1
4772,0,0,0,0,0,0,1,0,1,0,0,0,1,1,1,0,1,1
4773,0,0,0,0,0,0,1,0,1,0,0,0,1,1,1,0,1,1
4774,0,0,0,0,0,0,1,0,1,0,0,0,1,1,1,0,1,1
4775,0,0,0,0,0,0,1,0,1,0,0,0,1,1,1,0,1,1
4776,0,0,0,0,0,0,1,0,2,1,0,0,1,1,1,0,1,1
4777,0,0,0,0,0,1,0,0,1,0,0,0,1,1,1,0,1,1
4778,0,0,0,0,0,1,0,0,1,0,0,0,1,1,1,0,1,1
4779,0,0,0,0,0,0,1,0,1,0,0,0,1,1,1,0,1,1
4780,0,0,0,0,0,0,1,0,1,0,0,0,1,1,1,0,1,1
4781,0,0,0,0,0,1,0,0,1,0,0,0,1,1,1,0,1,1
4782,0,0,0,0,0,1,0,0,1,0,0,0,1,1,1,0,1,1
4785,0,0,0,0,0,0,1,0,1,0,0,0,1,1,1,0,1,1
4787,0,0,0,0,0,0,1,0,1,0,0,0,1,1,1,0,1,1
4788,0,0,0,0,0,0,1,0,1,0,0,0,1,1,1,0,1,1
4790,0,0,0,0,0,1,0,0,1,0,0,0,1,1,1,0,1,1
4792,0,0,0,0,0,1,0,0,1,0,0,0,1,1,1,0,1,1
4793,0,0,0,0,0,1,0,0,1,0,0,0,1,1,1,0,1,1
4795,0,0,0,0,0,1,0,0,1,0,0,0,1,1,1,0,1,1
4796,0,0,0,0,0,1,0,0,1,0,0,0,1,1,1,0,1,1
4797,0,0,0,0,0,0,1,0,1,0,0,0,1,1,1,0,1,1
4799,0,0,0,0,0,0,1,0,2,1,0,0,1,1,1,0,1,1
4800,1,0,0,0,0,0,0,0,1,0,0,0,1,1,1,0,1,1
4801,1,0,0,0,0,0,0,0,1,0,0,0,1,1,1,0,1,1
4802,0,0,0,0,0,1,0,0,1,0,0,0,1,1,1,0,1,1
4803,0,0,0,0,0,0,1,0,1,0,0,0,1,1,1,0,1,1
4804,0,0,0,0,0,1,0,0,1,0,0,0,1,1,1,0,1,1
4805,0,0,0,0,0,0,1,0,1,0,0,0,1,1,1,0,1,1
4806,0,0,0,0,0,1,0,0,1,0,0,0,1,1,1,0,1,1
4807,0,0,0,0,0,0,1,0,1,0,0,0,1,1,1,0,1,1
4809,0,0,0,0,0,1,0,0,1,0,0,0,1,1,1,0,1,1
4810,0,0,0,0,0,0,1,0,1,0,0,0,1,1,1,0,1,1
4811,0,0,0,0,0,1,0,0,1,0,0,0,1,1,1,0,1,1
4812,0,0,0,0,0,0,1,0,1,0,0,0,1,1,1,0,1,1
4813,0,0,0,0,0,0,1,0,1,0,0,0,1,1,1,0,1,1
4814,0,0,0,0,0,1,0,0,1,0,0,0,1,1,1,0,1,1
4815,1,0,0,0,0,0,0,0,1,0,0,0,1,1,1,0,1,1
4816,0,0,0,0,0,1,0,0,1,0,0,0,1,1,1,0,1,1
4817,0,0,0,0,0,1,0,0,1,0,0,0,1,1,1,0,1,1
4818,0,0,0,0,0,0,1,0,1,0,0,0,1,1,1,0,1,1
4819,0,0,0,0,0,1,0,0,1,0,0,0,1,1,1,0,1,1
4820,1,0,0,0,0,0,0,0,1,0,0,0,1,1,1,0,1,1
4821,1,0,0,0,0,0,0,0,1,0,0,0,1,1,1,0,1,1
4823,0,0,0,0,0,0,1,0,1,0,0,0,1,1,1,0,1,1
4824,0,0,0,0,0,1,0,0,1,0,0,0,1,1,1,0,1,1
4825,1,0,0,0,0,0,0,0,1,0,0,0,1,1,1,0,1,1
4827,1,0,0,0,0,0,0,0,1,0,0,0,1,1,1,0,1,1
4831,1,0,0,0,0,0,0,0,1,0,0,0,1,1,1,0,1,1
4832,1,0,0,0,0,0,0,0,1,0,0,0,1,1,1,0,1,1
4834,1,0,0,0,0,0,0,0,2,1,0,0,1,1,1,0,1,1
4835,1,0,0,0,0,0,0,0,1,0,0,0,1,1,1,0,1,1
4836,0,0,0,0,0,1,0,0,1,0,0,0,1,1,1,0,1,1
4837,1,0,0,0,0,0,0,0,1,0,0,0,1,1,1,0,1,1
4838,0,0,0,0,0,1,0,0,1,0,0,0,1,1,1,0,1,1
4839,0,0,0,0,0,0,1,0,1,0,0,0,1,1,1,0,1,1
4840,0,0,0,0,0,0,1,0,1,0,0,0,1,1,1,0,1,1
4841,0,0,0,0,0,0,1,0,1,0,0,0,1,1,1,0,1,1
4842,0,0,0,0,0,0,1,0,1,0,0,0,1,1,1,0,1,1
4843,0,0,0,0,0,0,1,0,1,0,0,0,1,1,1,0,1,1
4844,1,0,0,0,0,0,0,0,1,0,0,0,1,1,1,0,1,1
4846,0,0,0,0,0,0,1,0,1,0,0,0,1,1,1,0,1,1
4847,0,0,0,0,0,0,1,0,1,0,0,0,1,1,1,0,1,1
4848,0,0,0,0,0,0,1,0,1,0,0,0,1,1,1,0,1,1
4849,0,0,1,0,0,0,0,0,1,0,0,0,1,1,1,0,1,1
4851,0,0,0,0,0,0,1,0,1,0,0,0,1,1,1,0,1,1
4854,1,0,0,0,0,0,0,0,1,0,0,0,1,1,1,0,1,1
4855,0,0,1,0,0,0,0,0,1,0,0,0,1,1,1,0,1,1
4857,0,0,0,0,0,0,1,0,1,0,0,0,1,1,1,0,1,1
4858,0,0,1,0,0,0,0,0,1,0,0,0,1,1,1,0,1,1
4859,1,0,0,0,0,0,0,0,1,0,0,0,1,1,1,0,1,1
4860,0,0,0,0,0,0,1,0,1,0,0,0,1,1,1,0,1,1
4861,1,0,0,0,0,0,0,0,1,0,0,0,1,1,1,0,1,1
4862,1,0,0,0,0,0,0,0,1,0,0,0,1,1,1,0,1,1
4863,1,0,0,0,0,0,0,0,1,0,0,0,1,1,1,0,1,1
4864,1,0,0,0,0,0,0,0,1,0,0,0,1,1,1,0,1,1
4865,0,0,1,0,0,0,0,0,1,0,0,0,1,1,1,0,1,1
4868,0,0,1,0,0,0,0,0,1,0,0,0,1,1,1,0,1,1
4869,0,0,1,0,0,0,0,0,1,0,0,0,1,1,1,0,1,1
4870,0,0,0,0,0,0,1,0,1,0,0,0,1,1,1,0,1,1
4871,1,0,0,0,0,0,0,0,1,0,0,0,1,1,1,0,1,1
4874,0,0,1,0,0,0,0,0,1,0,0,0,1,1,1,0,1,1
4875,0,0,0,0,0,0,1,0,2,1,0,0,1,1,1,0,1,1
4876,0,0,0,0,0,0,1,0,1,0,0,0,1,1,1,0,1,1
4877,0,0,1,0,0,0,0,0,1,0,0,0,1,1,1,0,1,1
4878,0,0,0,0,0,0,1,0,1,0,0,0,1,1,1,0,1,1
4879,0,0,0,0,0,0,1,0,1,0,0,0,1,1,1,0,1,1
4883,0,0,0,0,0,0,1,0,1,0,0,0,1,1,1,0,1,1
4884,0,0,0,0,0,0,1,0,1,0,0,0,1,1,1,0,1,1
4885,0,0,0,0,0,0,1,0,1,0,0,0,1,1,1,0,1,1
4886,0,0,0,0,0,0,1,0,1,0,0,0,1,1,1,0,1,1
4888,0,0,0,0,0,0,1,0,2,1,0,0,1,1,1,0,1,1
4889,0,0,1,0,0,0,0,0,1,0,0,0,1,1,1,0,1,1
4890,1,0,0,0,0,0,0,0,1,0,0,0,1,1,1,0,1,1
4891,0,0,0,0,0,0,0,1,2,1,0,1,1,1,1,0,1,1
4892,0,0,0,0,0,0,1,0,1,0,0,0,1,1,1,0,1,1
4894,0,0,1,0,0,0,0,0,1,0,0,0,1,1,1,0,1,1
4895,1,0,0,0,0,0,0,0,1,0,0,0,1,1,1,0,1,1
4897,1,0,0,0,0,0,0,0,1,0,0,0,1,1,1,0,1,1
4898,0,0,0,0,0,0,1,0,1,0,0,0,1,1,1,0,1,1
4900,0,0,0,0,0,0,1,0,1,0,0,0,1,1,1,0,1,1
4901,0,0,0,0,0,0,1,0,1,0,0,0,1,1,1,0,1,1
4902,0,0,0,0,0,0,1,0,1,0,0,0,1,1,1,0,1,1
4904,0,0,0,0,0,0,1,0,1,0,0,0,1,1,1,0,1,1
4906,0,0,0,0,0,0,1,0,1,0,0,0,1,1,1,0,1,1
4907,0,0,0,0,0,0,1,0,2,1,0,0,1,1,1,0,1,1
4908,0,0,0,0,0,0,1,0,1,0,0,0,1,1,1,0,1,1
4909,0,0,0,0,0,0,1,0,1,0,0,0,1,1,1,0,1,1
4910,0,0,0,0,0,0,1,0,2,1,0,0,1,1,1,0,1,1
4912,0,0,0,0,0,0,1,0,1,0,0,0,1,1,1,0,1,1
4915,0,0,0,0,0,0,1,0,2,1,0,0,1,1,1,0,1,1
4916,0,0,0,0,0,1,0,0,1,0,0,0,1,1,1,0,1,1
4917,0,0,1,0,0,0,0,0,1,0,0,0,1,1,1,0,1,1
4918,0,0,0,0,0,0,1,0,1,0,0,0,1,1,1,0,1,1
4919,0,0,1,0,0,0,0,0,1,0,0,0,1,1,1,0,1,1
4920,0,0,0,0,0,0,1,0,1,0,0,0,1,1,1,0,1,1
4921,0,0,0,0,0,0,1,0,1,0,0,0,1,1,1,0,1,1
4923,1,0,0,0,0,0,0,0,1,0,0,0,1,1,1,0,1,1
4924,0,0,1,0,0,0,0,0,1,0,0,0,1,1,1,0,1,1
4925,0,0,0,0,0,0,1,0,1,0,0,0,1,1,1,0,1,1
4926,1,0,0,0,0,0,0,0,1,0,0,0,1,1,1,0,1,1
4927,0,0,1,0,0,0,0,0,1,0,0,0,1,1,1,0,1,1
4928,0,0,0,0,0,0,1,0,1,0,0,0,1,1,1,0,1,1
4929,0,0,0,0,0,0,1,0,1,0,0,0,1,1,1,0,1,1
4930,1,0,0,0,0,0,0,0,1,0,0,0,1,1,1,0,1,1
4931,0,0,1,0,0,0,0,0,1,0,0,0,1,1,1,0,1,1
4932,0,0,0,0,0,0,1,0,1,0,0,0,1,1,1,0,1,1
4933,0,0,1,0,0,0,0,0,1,0,0,0,1,1,1,0,1,1
4934,0,0,1,0,0,0,0,0,1,0,0,0,1,1,1,0,1,1
4937,0,0,1,0,0,0,0,0,1,0,0,0,1,1,1,0,1,1
4938,0,0,1,0,0,0,0,0,1,0,0,0,1,1,1,0,1,1
4939,0,0,1,0,0,0,0,0,1,0,0,0,1,1,1,0,1,1
4941,1,0,0,0,0,0,0,0,1,0,0,0,1,1,1,0,1,1
4942,1,0,0,0,0,0,0,0,1,0,0,0,1,1,1,0,1,1
4943,1,0,0,0,0,0,0,0,1,0,0,0,1,1,1,0,1,1
4944,0,0,1,0,0,0,0,0,1,0,0,0,1,1,1,0,1,1
4946,0,0,0,0,0,0,1,0,1,0,0,0,1,1,1,0,1,1
4947,0,0,0,0,0,0,1,0,1,0,0,0,1,1,1,0,1,1
4948,0,0,1,0,0,0,0,0,1,0,0,0,1,1,1,0,1,1
4949,1,0,0,0,0,0,0,0,1,0,0,0,1,1,1,0,1,1
4951,0,0,0,0,0,0,1,0,1,0,0,0,1,1,1,0,1,1
4952,1,0,0,0,0,0,0,0,1,0,0,0,1,1,1,0,1,1
4953,0,0,0,0,0,0,1,0,1,0,0,0,1,1,1,0,1,1
4954,0,0,0,0,0,0,1,0,1,0,0,0,1,1,1,0,1,1
4955,1,0,0,0,0,0,0,0,1,0,0,0,1,1,1,0,1,1
4956,0,0,0,0,0,0,0,1,2,1,0,1,1,1,1,0,1,1
4957,0,0,0,0,0,0,1,0,1,0,0,0,1,1,1,0,1,1
4958,0,0,1,0,0,0,0,0,1,0,0,0,1,1,1,0,1,1
4959,0,0,0,0,0,0,1,0,2,1,0,0,1,1,1,0,1,1
4961,0,0,0,0,0,0,1,0,1,0,0,0,1,1,1,0,1,1
4962,0,0,0,0,0,0,1,0,1,0,0,0,1,1,1,0,1,1
4963,0,0,0,0,0,0,1,0,1,0,0,0,1,1,1,0,1,1
4964,0,0,0,0,0,0,1,0,1,0,0,0,1,1,1,0,1,1
4966,0,0,0,0,0,0,1,0,1,0,0,0,1,1,1,0,1,1
4967,0,0,1,0,0,0,0,0,1,0,0,0,1,1,1,0,1,1
4968,0,0,1,0,0,0,0,0,1,0,0,0,1,1,1,0,1,1
4969,0,0,1,0,0,0,0,0,1,0,0,0,1,1,1,0,1,1
4970,0,0,1,0,0,0,0,0,1,0,0,0,1,1,1,0,1,1
4973,0,0,0,0,0,0,1,0,1,0,0,0,1,1,1,0,1,1
4974,0,0,1,0,0,0,0,0,1,0,0,0,1,1,1,0,1,1
4975,0,0,0,0,0,0,1,0,1,0,0,0,1,1,1,0,1,1
4977,0,0,0,0,0,0,1,0,1,0,0,0,1,1,1,0,1,1
4979,0,0,0,0,0,0,1,0,1,0,0,0,1,1,1,0,1,1
4981,0,0,0,0,0,0,1,0,1,0,0,0,1,1,1,0,1,1
4982,0,0,0,0,0,0,1,0,1,0,0,0,1,1,1,0,1,1
4984,0,0,1,0,0,0,0,0,1,0,0,0,1,1,1,0,1,1
4985,0,1,0,0,0,0,0,0,2,1,0,0,1,1,1,0,1,1
4987,0,0,0,0,0,0,1,0,1,0,0,0,1,1,1,0,1,1
4988,0,0,0,0,0,0,1,0,1,0,0,0,1,1,1,0,1,1
4990,0,0,0,0,0,0,0,1,3,1,0,1,1,1,1,0,1,1
4991,0,0,0,0,0,0,0,1,2,1,0,1,1,1,1,0,1,1
4992,0,0,0,0,0,0,1,0,1,0,0,0,1,1,1,0,1,1
4993,0,0,1,0,0,0,0,0,1,0,0,0,1,1,1,0,1,1
4994,0,0,0,0,0,0,1,0,1,0,0,0,1,1,1,0,1,1
4995,0,0,0,0,0,0,1,0,1,0,0,0,1,1,1,0,1,1
4997,1,0,0,0,0,0,0,0,1,0,0,0,1,1,1,0,1,1
4998,0,0,0,0,0,0,1,0,1,0,0,0,1,1,1,0,1,1
5000,0,0,1,0,0,0,0,0,1,0,0,0,1,1,1,0,1,1
5001,0,0,1,0,0,0,0,0,1,0,0,0,1,1,1,0,1,1
5002,1,0,0,0,0,0,0,0,1,0,0,0,1,1,1,0,1,1
5004,0,0,1,0,0,0,0,0,1,0,0,0,1,1,1,0,1,1
5005,0,0,0,0,0,0,1,0,1,0,0,0,1,1,1,0,1,1
5006,0,0,0,0,0,0,0,0,1,0,0,0,1,1,1,0,1,1
5007,0,0,0,0,0,0,0,0,1,0,0,0,1,1,1,0,1,1
5008,0,0,0,0,0,0,0,0,1,0,0,0,1,1,1,0,1,1
5009,0,0,0,0,0,0,1,0,2,1,0,0,1,1,1,0,1,1
5010,0,0,0,0,0,0,0,0,1,0,0,0,1,1,1,0,1,1
5011,0,0,0,0,0,0,0,0,1,0,0,0,1,1,1,0,1,1
5012,0,0,0,0,0,0,0,0,1,0,0,0,1,1,1,0,1,1
5013,1,0,0,0,0,0,0,0,1,0,0,0,1,1,1,0,1,1
5014,0,0,0,0,0,0,1,0,2,1,0,0,1,1,1,0,1,1
5015,0,0,0,0,0,0,1,0,1,0,0,0,1,1,1,0,1,1
5016,1,0,0,0,0,0,0,0,1,0,0,0,1,1,1,0,1,1
5017,0,0,0,0,0,0,0,1,2,1,0,1,1,1,1,0,1,1
5018,0,0,0,0,0,0,1,0,1,0,0,0,1,1,1,0,1,1
5019,1,0,0,0,0,0,0,0,1,0,0,0,1,1,1,0,1,1
5020,1,0,0,0,0,0,0,0,1,0,0,0,1,1,1,0,1,1
5021,0,0,1,0,0,0,0,0,1,0,0,0,1,1,1,0,1,1
5022,0,0,1,0,0,0,0,0,1,0,0,0,1,1,1,0,1,1
5023,0,0,0,0,0,0,1,0,1,0,0,0,1,1,1,0,1,1
5024,0,0,1,0,0,0,0,0,1,0,0,0,1,1,1,0,1,1
5026,0,0,0,0,0,0,1,0,1,0,0,0,1,1,1,0,1,1
5027,0,0,0,0,0,0,1,0,1,0,0,0,1,1,1,0,1,1
5029,0,0,1,0,0,0,0,0,1,0,0,0,1,1,1,0,1,1
5032,0,0,1,0,0,0,0,0,1,0,0,0,1,1,1,0,1,1
5033,0,0,0,0,0,0,1,0,2,1,0,0,1,1,1,0,1,1
5034,0,0,0,0,0,1,0,0,1,0,0,0,1,1,1,0,1,1
5036,0,0,0,0,0,0,1,0,1,0,0,0,1,1,1,0,1,1
5037,0,0,1,0,0,0,0,0,1,0,0,0,1,1,1,0,1,1
5039,0,0,0,0,0,0,1,0,1,0,0,0,1,1,1,0,1,1
5042,0,0,0,0,0,0,1,0,1,0,0,0,1,1,1,0,1,1
5044,0,0,0,0,0,0,1,0,2,1,0,0,1,1,1,0,1,1
5045,0,0,0,0,0,0,1,0,1,0,0,0,1,1,1,0,1,1
5046,0,0,0,0,0,0,1,0,2,1,0,0,1,1,1,0,1,1
5047,0,0,0,0,0,0,1,0,1,0,0,0,1,1,1,0,1,1
5048,0,0,0,0,0,0,1,0,1,0,0,0,1,1,1,0,1,1
5049,0,0,0,0,0,0,1,0,1,0,0,0,1,1,1,0,1,1
5050,0,0,0,0,0,0,1,0,1,0,0,0,1,1,1,0,1,1
5052,0,0,1,0,0,0,0,0,1,0,0,0,1,1,1,0,1,1
5053,1,0,0,0,0,0,0,0,1,0,0,0,1,1,1,0,1,1
5054,0,0,0,0,0,0,1,0,1,0,0,0,1,1,1,0,1,1
5057,0,0,1,0,0,0,0,0,1,0,0,0,1,1,0,0,1,1
5058,1,0,0,0,0,0,0,0,1,0,0,0,1,1,1,0,1,1
5059,0,1,0,0,0,0,0,0,2,1,0,0,1,1,1,0,1,1
5060,0,0,1,0,0,0,0,0,1,0,0,0,1,1,1,0,1,1
5062,0,0,0,1,0,0,0,0,2,1,0,0,1,1,1,0,1,1
5063,0,0,0,1,0,0,0,0,1,0,0,0,1,1,1,0,1,1
5065,0,0,0,0,0,0,1,0,1,0,0,0,1,1,1,0,1,1
5066,0,0,0,0,0,0,1,0,1,0,0,0,1,1,1,0,1,1
5067,0,0,0,0,0,0,1,0,1,0,0,0,1,1,1,0,1,1
5068,0,0,0,0,0,0,1,0,1,0,0,0,1,1,1,0,1,1
5069,0,0,0,0,0,0,1,0,1,0,0,0,1,1,1,0,1,1
5070,0,0,0,0,0,0,1,0,1,0,0,0,1,1,1,0,1,1
5072,0,0,0,0,0,0,1,0,1,0,0,0,1,1,1,0,1,1
5073,0,0,0,0,0,0,1,0,1,0,0,0,1,1,1,0,1,1
5074,0,0,0,0,0,0,1,0,1,0,0,0,1,1,1,0,1,1
5075,0,0,0,0,0,0,1,0,1,0,0,0,1,1,1,0,1,1
5076,0,0,0,0,0,0,1,0,1,0,0,0,1,1,1,0,1,1
5077,0,0,0,0,0,1,0,0,1,0,0,0,1,1,1,0,1,1
5078,0,0,0,0,0,0,1,0,1,0,0,0,1,1,1,0,1,1
5081,0,0,0,0,0,0,1,0,1,0,0,0,1,1,1,0,1,1
5083,0,0,0,0,0,0,1,0,1,0,0,0,1,1,1,0,1,1
5085,0,0,0,0,0,1,0,0,1,0,0,0,1,1,1,0,1,1
5086,0,0,0,0,0,1,0,0,1,0,0,0,1,1,1,0,1,1
5087,0,0,0,0,0,1,0,0,1,0,0,0,1,1,1,0,1,1
5088,0,0,0,0,0,1,0,0,1,0,0,0,1,1,1,0,1,1
5089,0,0,0,0,0,1,0,0,1,0,0,0,1,1,1,0,1,1
5091,0,0,0,0,0,1,0,0,1,0,0,0,1,1,1,0,1,1
5092,0,0,0,0,0,0,1,0,1,0,0,0,1,1,1,0,1,1
5093,0,0,0,0,0,1,0,0,1,0,0,0,1,1,1,0,1,1
5094,1,0,0,0,0,0,0,0,1,0,0,0,1,1,1,0,1,1
5096,1,0,0,0,0,0,0,0,1,0,0,0,1,1,1,0,1,1
5097,0,0,0,0,0,1,0,0,1,0,0,0,1,1,1,0,1,1
5098,0,0,0,0,0,1,0,0,1,0,0,0,1,1,1,0,1,1
5099,0,0,0,0,0,1,0,0,1,0,0,0,1,1,1,0,1,1
5100,1,0,0,0,0,0,0,0,1,0,0,0,1,1,1,0,1,1
5101,1,0,0,0,0,0,0,0,1,0,0,0,1,1,1,0,1,1
5103,0,0,0,0,0,1,0,0,1,0,0,0,1,1,1,0,1,1
5104,1,0,0,0,0,0,0,0,1,0,0,0,1,1,1,0,1,1
5106,1,0,0,0,0,0,0,0,1,0,0,0,1,1,1,0,1,1
5107,1,0,0,0,0,0,0,0,1,0,0,0,1,1,1,0,1,1
5108,0,0,0,0,0,1,0,0,1,0,0,0,1,1,1,0,1,1
5109,1,0,0,0,0,0,0,0,1,0,0,0,1,1,1,0,1,1
5110,0,0,0,0,0,0,1,0,1,0,0,0,1,1,1,0,1,1
5111,0,0,1,0,0,0,0,0,1,0,0,0,1,1,1,0,1,1
5112,0,0,0,0,0,1,0,0,1,0,0,0,1,1,1,0,1,1
5113,0,0,0,0,0,1,0,0,1,0,0,0,1,1,1,0,1,1
5114,0,0,0,0,0,0,1,0,1,0,0,0,1,1,1,0,1,1
5116,1,0,0,0,0,0,0,0,1,0,0,0,1,1,1,0,1,1
5117,0,0,0,0,0,1,0,0,1,0,0,0,1,1,1,0,1,1
5118,0,0,0,0,0,1,0,0,1,0,0,0,1,1,1,0,1,1
5119,0,0,0,0,0,1,0,0,1,0,0,0,1,1,1,0,1,1
5120,1,0,0,0,0,0,0,0,1,0,0,0,1,1,1,0,1,1
5121,0,0,0,0,0,0,1,0,1,0,0,0,1,1,1,0,1,1
5122,1,0,0,0,0,0,0,0,1,0,0,0,1,1,1,0,1,1
5123,1,0,0,0,0,0,0,0,1,0,0,0,1,1,1,0,1,1
5124,0,0,0,0,0,1,0,0,1,0,0,0,1,1,1,0,1,1
5125,0,0,0,0,0,1,0,0,1,0,0,0,1,1,1,0,1,1
5126,0,0,0,0,0,1,0,0,1,0,0,0,1,1,1,0,1,1
5127,0,0,0,0,0,1,0,0,1,0,0,0,1,1,1,0,1,1
5128,0,0,1,0,0,0,0,0,1,0,0,0,1,1,1,0,1,1
5129,0,0,0,0,0,0,1,0,2,1,0,0,1,1,1,0,1,1
5130,0,0,0,0,0,1,0,0,1,0,0,0,1,1,1,0,1,1
5132,0,0,0,0,0,0,1,0,2,1,0,0,1,1,1,0,1,1
5134,1,0,0,0,0,0,0,0,1,0,0,0,1,1,1,0,1,1
5135,1,0,0,0,0,0,0,0,1,0,0,0,1,1,1,0,1,1
5139,0,0,0,0,0,0,1,0,1,0,0,0,1,1,1,0,1,1
5140,0,0,0,0,0,1,0,0,1,0,0,0,1,1,1,0,1,1
5141,0,0,1,0,0,0,0,0,1,0,0,0,1,1,1,0,1,1
5142,0,0,1,0,0,0,0,0,1,0,0,0,1,1,1,0,1,1
5143,1,0,0,0,0,0,0,0,2,1,0,0,1,1,1,0,1,1
5144,0,0,0,0,0,1,0,0,1,0,0,0,1,1,1,0,1,1
5145,0,0,0,0,0,1,0,0,1,0,0,0,1,1,1,0,1,1
5146,0,0,0,0,0,1,0,0,1,0,0,0,1,1,1,0,1,1
5147,0,0,0,0,0,0,1,0,2,1,0,0,1,1,1,0,1,1
5148,0,0,0,0,0,1,0,0,1,0,0,0,1,1,1,0,1,1
5151,0,0,1,0,0,0,0,0,1,0,0,0,1,1,1,0,1,1
5152,0,0,0,0,0,0,1,0,1,0,0,0,1,1,1,0,1,1
5153,0,0,0,0,0,0,1,0,1,0,0,0,1,1,1,0,1,1
5154,0,0,0,0,0,0,1,0,1,0,0,0,1,1,1,0,1,1
5155,0,0,0,0,0,0,1,0,1,0,0,0,1,1,1,0,1,1
5156,0,0,0,0,0,1,0,0,1,0,0,0,1,1,1,0,1,1
5157,0,0,0,0,0,1,0,0,1,0,0,0,1,1,1,0,1,1
5159,0,0,0,0,0,0,1,0,1,0,0,0,1,1,1,0,1,1
5160,0,0,0,0,0,1,0,0,1,0,0,0,1,1,1,0,1,1
5161,0,0,0,0,0,0,1,0,1,0,0,0,1,1,1,0,1,1
5162,0,0,0,0,0,0,1,0,1,0,0,0,1,1,1,0,1,1
5164,0,0,0,0,0,1,0,0,1,0,0,0,1,1,1,0,1,1
5165,0,0,0,0,0,0,1,0,1,0,0,0,1,1,1,0,1,1
5168,0,0,0,0,0,1,0,0,1,0,0,0,1,1,1,0,1,1
5170,0,0,0,0,0,0,1,0,1,0,0,0,1,1,1,0,1,1
5171,0,0,0,0,0,1,0,0,1,0,0,0,1,1,1,0,1,1
5172,0,0,0,0,0,1,0,0,1,0,0,0,1,1,1,0,1,1
5173,0,0,0,0,0,1,0,0,1,0,0,0,1,1,1,0,1,1
5174,0,0,0,0,0,1,0,0,1,0,0,0,1,1,1,0,1,1
5175,0,0,0,0,0,1,0,0,1,0,0,0,1,1,1,0,1,1
5176,0,0,0,0,0,1,0,0,1,0,0,0,1,1,1,0,1,1
5177,1,0,0,0,0,0,0,0,1,0,0,0,1,1,1,0,1,1
5178,0,0,0,0,0,0,1,0,1,0,0,0,1,1,1,0,1,1
5179,0,0,0,0,0,0,1,0,1,0,0,0,1,1,1,0,1,1
5180,0,0,1,0,0,0,0,0,1,0,0,0,1,1,1,0,1,1
5181,0,0,0,0,0,0,1,0,1,0,0,0,1,1,1,0,1,1
5182,0,0,1,0,0,0,0,0,1,0,0,0,1,1,1,0,1,1
5183,0,0,0,0,0,0,1,0,1,0,0,0,1,1,1,0,1,1
5184,1,0,0,0,0,0,0,0,1,0,0,0,1,1,1,0,1,1
5185,0,0,0,0,0,0,1,0,1,0,0,0,1,1,1,0,1,1
5187,1,0,0,0,0,0,0,0,1,0,0,0,1,1,1,0,1,1
5188,0,0,0,0,0,0,1,0,1,0,0,0,1,1,1,0,1,1
5190,0,0,0,0,0,1,0,0,1,0,0,0,1,1,1,0,1,1
5191,0,0,0,0,0,0,1,0,1,0,0,0,1,1,1,0,1,1
5192,0,0,0,0,0,0,1,0,1,0,0,0,1,1,1,0,1,1
5194,0,0,1,0,0,0,0,0,1,0,0,0,1,1,1,0,1,1
5195,0,0,0,0,0,0,1,0,1,0,0,0,1,1,1,0,1,1
5196,1,0,0,0,0,0,0,0,1,0,0,0,1,1,1,0,1,1
5197,0,0,1,0,0,0,0,0,1,0,0,0,1,1,1,0,1,1
5199,0,0,0,0,0,0,1,0,1,0,0,0,1,1,1,0,1,1
5200,0,0,1,0,0,0,0,0,1,0,0,0,1,1,1,0,1,1
5201,0,0,1,0,0,0,0,0,1,0,0,0,1,1,1,0,1,1
5202,0,0,1,0,0,0,0,0,1,0,0,0,1,1,1,0,1,1
5203,0,0,0,0,0,0,1,0,1,0,0,0,1,1,1,0,1,1
5204,0,0,0,0,0,0,1,0,1,0,0,0,1,1,1,0,1,1
5205,1,0,0,0,0,0,0,0,1,0,0,0,1,1,1,0,1,1
5206,0,0,1,0,0,0,0,0,1,0,0,0,1,1,1,0,1,1
5207,0,0,1,0,0,0,0,0,1,0,0,0,1,1,1,0,1,1
5208,0,0,0,0,0,0,1,0,1,0,0,0,1,1,1,0,1,1
5210,0,0,0,0,0,0,1,0,1,0,0,0,1,1,1,0,1,1
5215,0,0,0,0,0,0,1,0,1,0,0,0,1,1,1,0,1,1
5216,0,0,0,0,0,0,1,0,1,0,0,0,1,1,1,0,1,1
5217,0,0,1,0,0,0,0,0,1,0,0,0,1,1,1,0,1,1
5218,0,0,0,0,0,0,1,0,1,0,0,0,1,1,1,0,1,1
5219,0,0,0,0,0,0,1,0,1,0,0,0,1,1,1,0,1,1
5220,0,0,0,0,0,0,1,0,1,0,0,0,1,1,1,0,1,1
5221,0,0,1,0,0,0,0,0,1,0,0,0,1,1,1,0,1,1
5222,0,0,0,0,0,0,1,0,1,0,0,0,1,1,1,0,1,1
5224,0,0,0,0,0,0,1,0,1,0,0,0,1,1,1,0,1,1
5226,0,0,0,0,0,0,1,0,1,0,0,0,1,1,1,0,1,1
5227,0,0,0,0,0,0,1,0,1,0,0,0,1,1,1,0,1,1
5228,0,0,0,0,0,0,1,0,1,0,0,0,1,1,1,0,1,1
5229,0,0,0,0,0,0,1,0,1,0,0,0,1,1,1,0,1,1
5230,0,0,0,0,0,0,1,0,1,0,0,0,1,1,1,0,1,1
5231,0,0,0,0,0,1,0,0,1,0,0,0,1,1,1,0,1,1
5232,0,0,0,0,0,1,0,0,1,0,0,0,1,1,1,0,1,1
5233,0,0,0,0,0,1,0,0,1,0,0,0,1,1,1,0,1,1
5237,0,0,0,0,0,0,1,0,1,0,0,0,1,1,1,0,1,1
5238,0,0,0,0,0,0,1,0,1,0,0,0,1,1,1,0,1,1
5239,0,0,1,0,0,0,0,0,1,0,0,0,1,1,1,0,1,1
5241,1,0,0,0,0,0,0,0,1,0,0,0,1,1,1,0,1,1
5242,0,0,0,0,0,0,1,0,1,0,0,0,1,1,1,0,1,1
5243,0,0,0,0,0,0,1,0,1,0,0,0,1,1,1,0,1,1
5244,0,0,1,0,0,0,0,0,1,0,0,0,1,1,1,0,1,1
5245,0,0,0,0,0,0,1,0,1,0,0,0,1,1,1,0,1,1
5246,1,0,0,0,0,0,0,0,1,0,0,0,1,1,1,0,1,1
5247,0,0,1,0,0,0,0,0,1,0,0,0,1,1,1,0,1,1
5249,0,0,1,0,0,0,0,0,1,0,0,0,1,1,1,0,1,1
5251,0,0,0,0,0,0,1,0,1,0,0,0,1,1,1,0,1,1
5252,0,0,0,0,0,0,1,0,1,0,0,0,1,1,1,0,1,1
5254,0,0,0,0,0,0,1,0,2,1,0,0,1,1,1,0,1,1
5255,0,0,0,0,0,0,1,0,1,0,0,0,1,1,1,0,1,1
5256,1,0,0,0,0,0,0,0,1,0,0,0,1,1,1,0,1,1
5257,0,0,1,0,0,0,0,0,1,0,0,0,1,1,1,0,1,1
5258,0,0,1,0,0,0,0,0,1,0,0,0,1,1,1,0,1,1
5259,0,0,1,0,0,0,0,0,1,0,0,0,1,1,1,0,1,1
5262,0,0,1,0,0,0,0,0,1,0,0,0,1,1,1,0,1,1
5263,0,0,1,0,0,0,0,0,1,0,0,0,1,1,1,0,1,1
5267,0,0,0,0,0,0,1,0,1,0,0,0,1,1,1,0,1,1
5268,0,0,1,0,0,0,0,0,1,0,0,0,1,1,1,0,1,1
5269,0,0,0,0,0,0,1,0,1,0,0,0,1,1,1,0,1,1
5270,0,0,0,0,0,0,1,0,1,0,0,0,1,1,1,0,1,1
5272,0,0,0,0,0,0,1,0,1,0,0,0,1,1,1,0,1,1
5274,0,0,1,0,0,0,0,0,1,0,0,0,1,1,1,0,1,1
5275,0,0,1,0,0,0,0,0,1,0,0,0,1,1,1,0,1,1
5276,0,0,0,0,0,0,1,0,1,0,0,0,1,1,1,0,1,1
5277,0,0,0,0,0,0,1,0,1,0,0,0,1,1,1,0,1,1
5278,0,0,1,0,0,0,0,0,1,0,0,0,1,1,1,0,1,1
5280,0,0,1,0,0,0,0,0,2,1,0,0,1,1,1,0,1,1
5281,0,0,0,0,0,0,1,0,1,0,0,0,1,1,1,0,1,1
5282,0,0,0,0,0,0,1,0,1,0,0,0,1,1,1,0,1,1
5283,0,0,1,0,0,0,0,0,1,0,0,0,1,1,1,0,1,1
5285,0,0,0,0,0,0,0,1,2,1,0,1,1,1,1,0,1,1
5286,1,0,0,0,0,0,0,0,1,0,0,0,1,1,1,0,1,1
5287,0,0,0,0,0,0,1,0,1,0,0,0,1,1,1,0,1,1
5291,0,0,1,0,0,0,0,0,1,0,0,0,1,0,0,0,1,1
5292,0,0,1,0,0,0,0,0,1,0,0,0,1,1,1,0,1,1
5294,1,0,0,0,0,0,0,0,1,0,0,0,1,1,1,0,1,1
5295,1,0,0,0,0,0,0,0,1,0,0,0,1,1,1,0,1,1
5297,0,0,0,0,0,0,1,0,1,0,0,0,1,1,1,0,1,1
5298,0,0,0,0,0,0,1,0,1,0,0,0,1,1,1,0,1,1
5299,0,0,1,0,0,0,0,0,1,0,0,0,1,1,1,0,1,1
5300,1,0,0,0,0,0,0,0,1,0,0,0,1,1,1,0,1,1
5302,0,0,1,0,0,0,0,0,1,0,0,0,1,1,1,0,1,1
5303,0,0,0,0,0,0,1,0,1,0,0,0,1,1,1,0,1,1
5304,0,0,1,0,0,0,0,0,1,0,0,0,1,1,1,0,1,1
5305,0,0,1,0,0,0,0,0,1,0,0,0,1,1,1,0,1,1
5306,0,0,1,0,0,0,0,0,1,0,0,0,1,1,1,0,1,1
5307,0,0,1,0,0,0,0,0,1,0,0,0,1,1,1,0,1,1
5308,0,0,0,0,0,0,1,0,1,0,0,0,1,1,1,0,1,1
5309,0,0,0,0,0,0,1,0,1,0,0,0,1,1,1,0,1,1
5310,0,0,1,0,0,0,0,0,1,0,0,0,1,1,1,0,1,1
5311,0,0,0,0,0,0,1,0,1,0,0,0,1,1,1,0,1,1
5312,0,0,0,0,0,0,1,0,1,0,0,0,1,1,1,0,1,1
5313,0,0,1,0,0,0,0,0,1,0,0,0,1,1,1,0,1,1
5314,0,0,0,0,0,0,1,0,1,0,0,0,1,1,1,0,1,1
5315,1,0,0,0,0,0,0,0,1,0,0,0,1,1,1,0,1,1
5316,0,0,0,0,0,0,1,0,1,0,0,0,1,1,1,0,1,1
5317,0,0,0,0,0,0,1,0,1,0,0,0,1,1,1,0,1,1
5318,0,0,0,0,0,0,1,0,1,0,0,0,1,1,1,0,1,1
5320,1,0,0,0,0,0,0,0,1,0,0,0,1,1,1,0,1,1
5322,1,0,0,0,0,0,0,0,1,0,0,0,1,1,1,0,1,1
5323,0,0,1,0,0,0,0,0,1,0,0,0,1,1,1,0,1,1
5324,0,0,0,0,0,0,1,0,1,0,0,0,1,1,1,0,1,1
5325,0,0,0,0,0,0,1,0,1,0,0,0,1,1,1,0,1,1
5326,0,0,1,0,0,0,0,0,1,0,0,0,1,1,1,0,1,1
5327,0,0,1,0,0,0,0,0,1,0,0,0,1,1,1,0,1,1
5328,0,0,0,0,0,1,0,0,1,0,0,0,1,1,1,0,1,1
5329,0,0,0,0,0,0,1,0,1,0,0,0,1,1,1,0,1,1
5330,0,0,0,0,0,0,1,0,1,0,0,0,1,1,1,0,1,1
5332,1,0,0,0,0,0,0,0,1,0,0,0,1,1,1,0,1,1
5333,0,0,0,0,0,1,0,0,1,0,0,0,1,1,1,0,1,1
5334,0,0,0,0,0,1,0,0,1,0,0,0,1,1,1,0,1,1
5335,0,0,1,0,0,0,0,0,1,0,0,0,1,1,1,0,1,1
5337,1,0,0,0,0,0,0,0,1,0,0,0,1,1,1,0,1,1
5338,0,0,1,0,0,0,0,0,1,0,0,0,1,1,1,0,1,1
5339,0,0,0,0,0,0,1,0,1,0,0,0,1,1,1,0,1,1
5340,0,0,0,0,0,1,0,0,1,0,0,0,1,1,1,0,1,1
5341,0,0,0,0,0,0,1,0,1,0,0,0,1,1,1,0,1,1
5342,0,0,0,0,0,1,0,0,1,0,0,0,1,1,1,0,1,1
5343,0,0,0,0,0,0,1,0,1,0,0,0,1,1,1,0,1,1
5344,0,0,1,0,0,0,0,0,1,0,0,0,1,1,1,0,1,1
5346,0,0,0,0,0,1,0,0,1,0,0,0,1,1,1,0,1,1
5348,0,0,0,0,0,0,1,0,1,0,0,0,1,1,1,0,1,1
5349,0,0,0,0,0,1,0,0,1,0,0,0,1,1,1,0,1,1
5350,0,0,0,0,0,0,1,0,1,0,0,0,1,1,1,0,1,1
5351,0,0,1,0,0,0,0,0,1,0,0,0,1,1,1,0,1,1
5353,0,0,0,0,0,1,0,0,1,0,0,0,1,1,1,0,1,1
5355,0,0,0,0,0,0,1,0,1,0,0,0,1,1,1,0,1,1
5356,1,0,0,0,0,0,0,0,1,0,0,0,1,1,1,0,1,1
5357,0,0,0,0,0,0,1,0,1,0,0,0,1,1,1,0,1,1
5358,0,0,1,0,0,0,0,0,1,0,0,0,1,1,1,0,1,1
5359,0,0,1,0,0,0,0,0,1,0,0,0,1,1,1,0,1,1
5360,0,0,0,0,0,0,1,0,1,0,0,0,1,1,1,0,1,1
5361,0,0,1,0,0,0,0,0,1,0,0,0,1,1,1,0,1,1
5362,0,0,1,0,0,0,0,0,1,0,0,0,1,1,1,0,1,1
5363,0,0,1,0,0,0,0,0,1,0,0,0,1,1,1,0,1,1
5365,0,0,0,0,0,0,1,0,1,0,0,0,1,1,1,0,1,1
5366,0,0,1,0,0,0,0,0,1,0,0,0,1,1,1,0,1,1
5368,0,0,0,0,0,0,1,0,1,0,0,0,1,1,1,0,1,1
5370,0,0,1,0,0,0,0,0,1,0,0,0,1,1,1,0,1,1
5371,0,0,0,0,0,0,1,0,1,0,0,0,1,1,1,0,1,1
5372,0,0,0,0,0,0,1,0,1,0,0,0,1,1,1,0,1,1
5373,0,0,1,0,0,0,0,0,1,0,0,0,1,1,1,0,1,1
5374,0,0,0,0,0,1,0,0,1,0,0,0,1,1,1,0,1,1
5377,0,0,0,0,0,0,1,0,1,0,0,0,1,1,1,0,1,1
5378,0,0,0,0,0,0,1,0,1,0,0,0,1,1,1,0,1,1
5379,0,0,0,0,0,0,1,0,1,0,0,0,1,1,1,0,1,1
5380,0,0,0,0,0,0,1,0,1,0,0,0,1,1,1,0,1,1
5381,1,0,0,0,0,0,0,0,1,0,0,0,1,1,1,0,1,1
