pathogenic_count,pathogenic_likely_pathogenic_count,likely_pathogenic_count,benign_count,benign_likely_benign_count,likely_benign_count,vus_count,conflicting_count,submitter_count,multiple_submitters,expert_panel_review,conflict_flag,phenotype_available,grch37_present,grch38_present,dbsnp_present,genomic_coordinates_present,hgvs_present
1,0,0,0,0,0,0,0,6,1,0,0,1,1,1,1,1,1
0,1,0,0,0,0,0,0,12,1,0,0,1,1,1,1,1,1
0,0,1,0,0,0,0,0,3,1,0,0,1,1,1,1,1,1
1,0,0,0,0,0,0,0,3,1,0,0,1,1,1,1,1,1
1,0,0,0,0,0,0,0,4,1,0,0,1,1,1,1,1,1
1,0,0,0,0,0,0,0,4,1,0,0,1,1,1,1,1,1
1,0,0,0,0,0,0,0,1,0,0,0,1,1,1,1,1,1
0,1,0,0,0,0,0,0,18,1,0,0,1,1,1,1,1,1
1,0,0,0,0,0,0,0,4,1,0,0,1,1,1,1,1,1
1,0,0,0,0,0,0,0,4,1,0,0,1,1,1,1,1,1
1,0,0,0,0,0,0,0,2,1,0,0,1,1,1,1,1,1
1,0,0,0,0,0,0,0,3,1,0,0,1,1,1,1,1,1
1,0,0,0,0,0,0,0,4,1,0,0,1,1,1,1,1,1
1,0,0,0,0,0,0,0,3,1,0,0,1,1,1,1,1,1
1,0,0,0,0,0,0,0,5,1,0,0,1,1,1,1,1,1
0,0,0,0,0,0,0,0,3,1,1,0,1,1,1,1,1,1
1,0,0,0,0,0,0,0,1,0,0,0,1,1,1,1,1,1
1,0,0,0,0,0,0,0,1,0,0,0,1,0,1,0,1,1
1,0,0,0,0,0,0,0,1,0,0,0,1,1,1,0,1,1
1,0,0,0,0,0,0,0,1,0,0,0,1,1,1,1,1,1
1,0,0,0,0,0,0,0,6,1,0,0,1,1,1,1,1,1
1,0,0,0,0,0,0,0,2,1,0,0,1,1,1,1,1,1
1,0,0,0,0,0,0,0,2,1,0,0,1,1,1,1,1,1
1,0,0,0,0,0,0,0,1,0,0,0,1,1,1,1,1,1
0,0,0,1,0,0,0,0,14,1,0,0,1,1,1,1,1,1
0,0,0,1,0,0,0,0,16,1,0,0,1,1,1,1,1,1
0,0,0,0,1,0,0,0,14,1,0,0,1,1,1,1,1,1
1,0,0,0,0,0,0,0,1,0,0,0,1,1,1,0,1,1
0,0,0,0,0,0,1,0,3,1,0,0,1,1,1,1,1,1
0,0,1,0,0,0,0,0,2,1,0,0,1,1,1,1,1,1
0,0,0,0,0,0,0,0,1,0,0,0,1,1,1,1,1,1
0,1,0,0,0,0,0,0,8,1,0,0,1,1,1,1,1,1
0,0,0,0,0,0,0,0,1,0,0,0,1,1,1,1,1,1
1,0,0,0,0,0,0,0,2,1,0,0,1,1,1,1,1,1
0,1,0,0,0,0,0,0,14,1,0,0,1,1,1,1,1,1
0,1,0,0,0,0,0,0,19,1,0,0,1,1,1,1,1,1
0,0,0,0,0,0,0,0,1,0,0,0,1,1,1,1,1,1
0,1,0,0,0,0,0,0,3,1,0,0,1,1,1,1,1,1
1,0,0,0,0,0,0,0,3,1,0,0,1,1,1,1,1,1
0,0,1,0,0,0,0,0,2,1,0,0,1,1,1,1,1,1
0,0,0,0,0,0,0,0,2,1,0,0,1,1,1,1,1,1
1,0,0,0,0,0,0,0,2,1,0,0,1,1,1,1,1,1
0,0,0,0,0,0,1,0,2,1,0,0,1,1,1,1,1,1
1,0,0,0,0,0,0,0,2,1,0,0,1,1,1,1,1,1
0,0,0,0,0,0,0,0,1,0,0,0,1,1,1,1,1,1
0,0,0,0,0,0,0,0,1,0,0,0,1,1,1,1,1,1
0,0,0,0,0,0,0,0,1,0,0,0,1,1,1,1,1,1
1,0,0,0,0,0,0,0,2,1,0,0,1,1,1,1,1,1
0,0,0,0,0,0,0,0,1,0,0,0,1,1,1,1,1,1
0,1,0,0,0,0,0,0,5,1,0,0,1,1,1,1,1,1
1,0,0,0,0,0,0,0,2,1,0,0,1,1,1,1,1,1
0,0,0,0,0,0,0,0,1,0,0,0,1,1,1,1,1,1
0,1,0,0,0,0,0,0,15,1,0,0,1,1,1,1,1,1
1,0,0,0,0,0,0,0,2,1,0,0,1,1,1,1,1,1
0,0,0,0,0,0,0,0,1,0,0,0,1,1,1,1,1,1
0,0,0,0,0,0,1,0,3,1,0,0,1,1,1,1,1,1
0,1,0,0,0,0,0,0,12,1,0,0,1,1,1,1,1,1
1,0,0,0,0,0,0,0,13,1,0,0,1,1,1,1,1,1
0,0,0,0,0,0,0,0,1,0,0,0,1,1,1,1,1,1
0,1,0,0,0,0,0,0,3,1,0,0,1,1,1,1,1,1
1,0,0,0,0,0,0,0,2,1,0,0,1,1,1,1,1,1
0,0,0,0,0,0,0,1,8,1,0,1,1,1,1,1,1,1
0,1,0,0,0,0,0,0,9,1,0,0,1,1,1,1,1,1
0,0,0,0,0,0,0,1,17,1,0,1,1,1,1,1,1,1
0,0,0,0,0,0,0,1,5,1,0,1,1,1,1,1,1,1
0,0,0,0,0,0,0,0,1,0,0,0,1,1,1,1,1,1
0,1,0,0,0,0,0,0,13,1,0,0,1,1,1,1,1,1
1,0,0,0,0,0,0,0,2,1,0,0,1,1,1,1,1,1
0,0,0,0,0,0,0,0,1,0,0,0,1,1,1,1,1,1
0,1,0,0,0,0,0,0,3,1,0,0,1,1,1,1,1,1
0,0,0,0,0,0,0,0,1,0,0,0,1,1,1,1,1,1
0,0,0,0,0,0,0,0,1,0,0,0,1,1,1,1,1,1
0,0,1,0,0,0,0,0,2,1,0,0,1,1,1,1,1,1
0,1,0,0,0,0,0,0,4,1,0,0,1,1,1,1,1,1
0,0,0,0,0,0,0,0,1,0,0,0,1,1,1,1,1,1
0,0,0,0,0,0,0,0,1,0,0,0,1,1,1,1,1,1
0,0,0,0,0,0,0,0,1,0,0,0,1,1,1,1,1,1
0,0,0,0,0,0,0,0,1,0,0,0,1,1,1,1,1,1
1,0,0,0,0,0,0,0,3,1,0,0,1,1,1,1,1,1
0,0,0,0,0,0,0,1,6,1,0,1,1,1,1,1,1,1
1,0,0,0,0,0,0,0,6,1,0,0,1,1,1,1,1,1
0,1,0,0,0,0,0,0,3,1,0,0,1,1,1,1,1,1
0,1,0,0,0,0,0,0,13,1,0,0,1,1,1,1,1,1
0,1,0,0,0,0,0,0,6,1,0,0,1,1,1,1,1,1
0,0,0,0,0,0,0,0,1,0,0,0,1,1,1,1,1,1
0,0,0,0,0,0,0,1,3,1,0,1,1,1,1,1,1,1
1,0,0,0,0,0,0,0,9,1,0,0,1,1,1,1,1,1
0,1,0,0,0,0,0,0,6,1,0,0,1,1,1,1,1,1
0,0,0,0,0,0,0,0,1,0,0,0,1,1,1,1,1,1
0,0,0,0,0,0,0,0,1,0,0,0,1,1,1,1,1,1
0,0,0,0,0,0,0,0,1,0,0,0,1,1,1,1,1,1
0,0,0,0,0,0,1,0,2,1,0,0,1,1,1,1,1,1
1,0,0,0,0,0,0,0,2,1,0,0,1,1,1,1,1,1
0,1,0,0,0,0,0,0,4,1,0,0,1,1,1,1,1,1
0,0,0,0,0,0,0,0,1,0,0,0,1,1,1,1,1,1
1,0,0,0,0,0,0,0,2,1,0,0,1,1,1,1,1,1
1,0,0,0,0,0,0,0,2,1,0,0,1,1,1,1,1,1
0,1,0,0,0,0,0,0,4,1,0,0,1,1,1,1,1,1
1,0,0,0,0,0,0,0,10,1,0,0,1,1,1,1,1,1
1,0,0,0,0,0,0,0,7,1,0,0,1,1,1,1,1,1
0,0,0,0,0,0,0,0,1,0,0,0,1,1,1,1,1,1
0,1,0,0,0,0,0,0,3,1,0,0,1,1,1,1,1,1
0,0,0,0,1,0,0,0,15,1,0,0,1,1,1,1,1,1
0,1,0,0,0,0,0,0,15,1,0,0,1,1,1,1,1,1
0,0,0,0,0,0,0,0,1,0,0,0,1,1,1,1,1,1
1,0,0,0,0,0,0,0,3,1,0,0,1,1,1,1,1,1
1,0,0,0,0,0,0,0,17,1,0,0,1,1,1,1,1,1
1,0,0,0,0,0,0,0,10,1,0,0,1,1,1,1,1,1
1,0,0,0,0,0,0,0,3,1,0,0,1,1,1,1,1,1
0,1,0,0,0,0,0,0,3,1,0,0,1,1,1,1,1,1
0,0,0,0,0,0,0,1,6,1,0,1,1,1,1,1,1,1
1,0,0,0,0,0,0,0,3,1,0,0,1,1,1,1,1,1
1,0,0,0,0,0,0,0,2,1,0,0,1,1,1,1,1,1
0,1,0,0,0,0,0,0,3,1,0,0,1,1,1,1,1,1
1,0,0,0,0,0,0,0,3,1,0,0,1,1,1,1,1,1
0,0,0,0,0,0,0,1,4,1,0,1,1,1,1,1,1,1
0,0,0,0,0,0,0,1,20,1,0,1,1,1,1,1,1,1
0,0,0,0,1,0,0,0,15,1,0,0,1,1,1,1,1,1
1,0,0,0,0,0,0,0,3,1,0,0,1,1,1,1,1,1
0,0,0,0,0,0,0,0,1,0,0,0,1,1,1,1,1,1
0,0,0,0,0,0,0,1,7,1,0,1,1,1,1,1,1,1
0,0,1,0,0,0,0,0,2,1,0,0,1,1,1,1,1,1
0,0,0,0,0,0,0,0,2,1,0,0,1,1,1,1,1,1
0,1,0,0,0,0,0,0,4,1,0,0,1,1,1,1,1,1
0,1,0,0,0,0,0,0,5,1,0,0,1,1,1,1,1,1
0,1,0,0,0,0,0,0,7,1,0,0,1,1,1,1,1,1
0,0,0,0,0,0,0,0,1,0,0,0,1,1,1,1,1,1
0,1,0,0,0,0,0,0,4,1,0,0,1,1,1,1,1,1
0,0,0,0,0,0,0,0,1,0,0,0,1,1,1,1,1,1
1,0,0,0,0,0,0,0,2,1,0,0,1,1,1,1,1,1
0,0,0,0,0,0,0,0,1,0,0,0,1,1,1,1,1,1
1,0,0,0,0,0,0,0,10,1,0,0,1,1,1,1,1,1
1,0,0,0,0,0,0,0,2,1,0,0,1,1,1,1,1,1
1,0,0,0,0,0,0,0,2,1,0,0,1,1,1,1,1,1
0,1,0,0,0,0,0,0,4,1,0,0,1,1,1,1,1,1
0,0,0,0,0,0,0,1,3,1,0,1,1,1,1,1,1,1
1,0,0,0,0,0,0,0,5,1,0,0,1,1,1,1,1,1
0,0,1,0,0,0,0,0,3,1,0,0,1,1,1,1,1,1
0,0,0,0,0,0,0,0,2,1,0,0,1,1,1,1,1,1
0,0,0,0,0,0,0,0,2,1,0,0,1,1,1,1,1,1
0,0,0,0,1,0,0,0,10,1,0,0,1,1,1,1,1,1
0,0,0,0,0,0,0,0,1,0,0,0,1,1,1,1,1,1
0,0,1,0,0,0,0,0,4,1,0,0,1,1,1,1,1,1
0,0,0,0,0,0,0,1,18,1,0,1,1,1,1,1,1,1
1,0,0,0,0,0,0,0,2,1,0,0,1,1,1,1,1,1
0,0,0,0,0,0,0,0,1,0,0,0,1,1,1,1,1,1
0,0,1,0,0,0,0,0,2,1,0,0,1,1,1,1,1,1
0,0,0,0,0,0,0,0,1,0,0,0,1,1,1,1,1,1
0,0,0,0,0,0,0,1,3,1,0,1,1,1,1,1,1,1
0,0,0,0,0,0,0,0,1,0,0,0,1,1,1,1,1,1
0,0,0,0,0,0,0,0,1,0,0,0,1,1,1,1,1,1
1,0,0,0,0,0,0,0,3,1,0,0,1,1,1,1,1,1
0,0,0,0,0,0,0,1,5,1,0,1,1,1,1,1,1,1
0,0,0,0,0,0,0,0,1,0,0,0,1,1,1,1,1,1
0,0,1,0,0,0,0,0,2,1,0,0,1,1,1,1,1,1
0,0,0,0,0,0,0,1,9,1,0,1,1,1,1,1,1,1
0,0,0,0,0,0,0,0,1,0,0,0,1,1,1,1,1,1
0,1,0,0,0,0,0,0,5,1,0,0,1,1,1,1,1,1
0,1,0,0,0,0,0,0,5,1,0,0,1,1,1,1,1,1
0,0,0,0,0,0,0,0,1,0,0,0,1,1,1,1,1,1
0,0,0,0,0,0,0,0,1,0,0,0,1,1,1,1,1,1
0,0,0,0,0,0,1,0,2,1,0,0,1,1,1,1,1,1
0,0,0,0,0,0,0,1,3,1,0,1,1,1,1,1,1,1
0,0,0,0,0,0,0,1,10,1,0,1,1,1,1,1,1,1
1,0,0,0,0,0,0,0,3,1,0,0,1,1,1,1,1,1
0,0,0,0,0,0,0,1,6,1,0,1,1,1,1,1,1,1
0,0,0,0,0,0,0,0,2,1,0,0,1,1,1,1,1,1
0,0,1,0,0,0,0,0,2,1,1,0,1,1,1,1,1,1
0,1,0,0,0,0,0,0,7,1,0,0,1,1,1,1,1,1
1,0,0,0,0,0,0,0,6,1,0,0,1,1,1,1,1,1
0,1,0,0,0,0,0,0,6,1,0,0,1,1,1,1,1,1
1,0,0,0,0,0,0,0,4,1,0,0,1,1,1,1,1,1
0,0,0,0,0,0,0,0,2,1,0,0,1,1,1,1,1,1
0,0,0,0,0,0,0,0,2,1,0,0,1,1,1,1,1,1
0,0,0,0,0,0,0,0,2,1,0,0,1,1,1,1,1,1
1,0,0,0,0,0,0,0,4,1,0,0,1,1,1,1,1,1
0,0,1,0,0,0,0,0,3,1,0,0,1,1,1,1,1,1
0,0,0,0,0,0,0,1,4,1,0,1,1,1,1,1,1,1
0,0,0,0,0,0,0,0,1,0,0,0,1,1,1,1,1,1
0,0,0,0,0,0,0,0,1,0,0,0,1,1,1,1,1,1
0,0,0,0,0,0,0,0,1,0,0,0,1,1,1,1,1,1
0,0,0,0,0,0,0,0,2,1,0,0,1,1,1,1,1,1
0,0,0,0,0,0,0,0,1,0,0,0,1,1,1,1,1,1
0,1,0,0,0,0,0,0,3,1,0,0,1,1,1,1,1,1
1,0,0,0,0,0,0,0,2,1,0,0,1,1,1,1,1,1
1,0,0,0,0,0,0,0,3,1,0,0,1,1,1,1,1,1
1,0,0,0,0,0,0,0,2,1,0,0,1,1,1,1,1,1
0,0,0,0,0,0,0,1,4,1,0,1,1,1,1,1,1,1
1,0,0,0,0,0,0,0,3,1,0,0,1,1,1,1,1,1
0,0,1,0,0,0,0,0,3,1,0,0,1,1,1,1,1,1
0,0,0,0,0,0,0,0,1,0,0,0,1,1,1,1,1,1
1,0,0,0,0,0,0,0,8,1,0,0,1,1,1,1,1,1
0,0,0,0,0,0,0,0,1,0,0,0,1,1,1,1,1,1
0,0,0,0,0,0,0,0,2,1,0,0,1,1,1,1,1,1
0,0,0,0,0,0,0,0,1,0,0,0,1,1,1,1,1,1
1,0,0,0,0,0,0,0,4,1,0,0,1,1,1,1,1,1
0,1,0,0,0,0,0,0,5,1,0,0,1,1,1,1,1,1
0,0,0,0,0,0,0,0,1,0,0,0,1,1,1,1,1,1
0,0,0,0,0,0,0,1,12,1,0,1,1,1,1,1,1,1
0,1,0,0,0,0,0,0,4,1,0,0,1,1,1,1,1,1
0,1,0,0,0,0,0,0,5,1,0,0,1,1,1,1,1,1
0,0,0,0,0,0,0,0,1,0,0,0,1,1,1,1,1,1
0,0,0,0,0,0,0,1,6,1,0,1,1,1,1,1,1,1
0,0,0,0,0,0,0,0,1,0,0,0,1,1,1,1,1,1
0,0,0,0,0,0,0,1,7,1,0,1,1,1,1,1,1,1
0,0,0,0,0,0,1,0,1,0,0,0,1,1,1,1,1,1
0,0,0,0,0,0,1,0,1,0,0,0,1,1,1,1,1,1
0,0,0,0,0,1,0,0,1,0,0,0,1,1,1,1,1,1
0,0,0,0,0,0,1,0,1,0,0,0,1,1,1,1,1,1
1,0,0,0,0,0,0,0,1,0,0,0,1,1,1,1,1,1
0,0,0,0,0,0,0,1,12,1,0,1,1,1,1,1,1,1
1,0,0,0,0,0,0,0,1,0,0,0,1,1,1,1,1,1
0,0,0,0,1,0,0,0,11,1,0,0,1,1,1,1,1,1
0,0,0,0,0,0,1,0,4,1,0,0,1,1,1,1,1,1
0,0,0,0,0,0,0,1,4,1,0,1,1,1,1,1,1,1
0,0,0,0,0,0,1,0,1,0,0,0,1,1,1,1,1,1
0,0,0,0,0,0,1,0,1,0,0,0,1,1,1,1,1,1
0,0,0,0,1,0,0,0,10,1,0,0,1,1,1,1,1,1
0,0,1,0,0,0,0,0,1,0,0,0,1,1,1,1,1,1
1,0,0,0,0,0,0,0,9,1,0,0,1,1,1,1,1,1
0,0,0,0,0,0,0,1,4,1,0,1,1,1,1,1,1,1
0,0,0,1,0,0,0,0,8,1,0,0,1,1,1,1,1,1
0,0,0,0,1,0,0,0,2,1,0,0,1,1,1,1,1,1
1,0,0,0,0,0,0,0,10,1,0,0,1,1,1,1,1,1
0,0,0,0,0,0,0,1,3,1,0,1,1,1,1,1,1,1
0,0,0,0,0,0,1,0,1,0,0,0,1,1,1,1,1,1
0,0,0,0,1,0,0,0,16,1,0,0,1,1,1,1,1,1
0,0,0,0,1,0,0,0,12,1,0,0,1,1,1,1,1,1
0,0,1,0,0,0,0,0,1,0,0,0,1,1,1,1,1,1
0,0,0,0,0,0,0,1,6,1,0,1,1,1,1,1,1,1
0,0,0,0,1,0,0,0,7,1,0,0,1,1,1,1,1,1
0,0,0,0,0,0,0,1,3,1,0,1,1,1,1,1,1,1
0,0,0,1,0,0,0,0,9,1,0,0,1,1,1,1,1,1
1,0,0,0,0,0,0,0,9,1,0,0,1,1,1,1,1,1
0,0,0,0,0,0,1,0,1,0,0,0,1,1,1,1,1,1
1,0,0,0,0,0,0,0,3,1,0,0,1,1,1,1,1,1
0,0,0,0,0,0,0,1,2,1,0,1,1,1,1,1,1,1
0,0,0,0,0,0,0,1,3,1,0,1,1,1,1,1,1,1
0,0,0,0,0,0,1,0,1,0,0,0,1,1,1,1,1,1
0,0,0,0,0,0,0,1,12,1,0,1,1,1,1,1,1,1
0,0,0,0,0,0,0,1,2,1,0,1,1,1,1,1,1,1
0,0,0,0,1,0,0,0,15,1,0,0,1,1,1,1,1,1
1,0,0,0,0,0,0,0,1,0,0,0,1,1,1,1,1,1
0,0,0,0,0,0,1,0,4,1,0,0,1,1,1,1,1,1
0,0,0,0,1,0,0,0,12,1,0,0,1,1,1,1,1,1
0,0,0,0,0,0,0,1,10,1,0,1,1,1,1,1,1,1
0,0,0,0,0,0,0,1,3,1,0,1,1,1,1,1,1,1
0,0,0,0,0,0,0,1,7,1,0,1,1,1,1,1,1,1
0,0,0,0,0,1,0,0,8,1,1,0,1,1,1,1,1,1
0,0,0,0,0,0,0,1,10,1,0,1,1,1,1,1,1,1
0,0,0,0,0,0,1,0,4,1,1,0,1,1,1,1,1,1
0,0,0,0,0,0,1,0,1,0,0,0,1,1,1,1,1,1
0,0,0,0,0,0,0,1,5,1,0,1,1,1,1,1,1,1
0,0,0,1,0,0,0,0,5,1,0,0,1,1,1,1,1,1
0,0,0,0,0,0,0,1,10,1,0,1,1,1,1,1,1,1
0,0,0,0,1,0,0,0,5,1,0,0,1,1,1,1,1,1
0,0,0,0,1,0,0,0,2,1,0,0,1,1,1,1,1,1
0,0,0,0,1,0,0,0,2,1,0,0,1,1,1,1,1,1
0,0,0,0,0,0,0,1,3,1,0,1,1,1,1,1,1,1
0,0,0,0,1,0,0,0,4,1,0,0,1,1,1,1,1,1
0,0,0,0,1,0,0,0,5,1,0,0,1,1,1,1,1,1
0,0,0,0,1,0,0,0,8,1,0,0,1,1,1,1,1,1
0,0,0,0,1,0,0,0,2,1,0,0,1,1,1,1,1,1
0,0,0,1,0,0,0,0,8,1,1,0,1,1,1,1,1,1
0,0,0,1,0,0,0,0,1,0,0,0,1,1,1,1,1,1
0,0,0,0,1,0,0,0,8,1,0,0,1,1,1,1,1,1
0,0,0,0,0,0,0,1,9,1,0,1,1,1,1,1,1,1
0,0,0,0,0,0,0,1,7,1,0,1,1,1,1,1,1,1
0,0,0,1,0,0,0,0,1,0,0,0,1,1,1,1,1,1
0,0,0,0,1,0,0,0,3,1,0,0,1,1,1,1,1,1
0,0,1,0,0,0,0,0,4,1,0,0,1,1,1,1,1,1
1,0,0,0,0,0,0,0,11,1,0,0,1,1,1,1,1,1
0,0,0,0,0,0,0,1,8,1,0,1,1,1,1,1,1,1
0,0,0,0,0,0,1,0,2,1,0,0,1,1,1,1,1,1
0,0,0,0,0,0,1,0,1,0,0,0,1,1,1,1,1,1
0,0,0,0,0,0,1,0,1,0,0,0,1,1,1,1,1,1
0,0,0,0,0,1,0,0,3,1,0,0,1,1,1,1,1,1
1,0,0,0,0,0,0,0,2,1,0,0,1,1,1,1,1,1
1,0,0,0,0,0,0,0,1,0,0,0,1,1,1,1,1,1
0,0,0,0,0,0,0,1,2,1,0,1,1,1,1,1,1,1
0,0,0,0,0,0,0,1,3,1,0,1,1,1,1,1,1,1
0,0,0,0,0,0,1,0,2,1,0,0,1,1,1,1,1,1
1,0,0,0,0,0,0,0,1,0,0,0,1,1,1,1,1,1
0,1,0,0,0,0,0,0,12,1,0,0,1,1,1,1,1,1
1,0,0,0,0,0,0,0,2,1,0,0,1,1,1,1,1,1
1,0,0,0,0,0,0,0,5,1,0,0,1,1,1,1,1,1
1,0,0,0,0,0,0,0,14,1,0,0,1,1,1,1,1,1
1,0,0,0,0,0,0,0,1,0,0,0,1,1,1,1,1,1
0,1,0,0,0,0,0,0,2,1,0,0,1,1,1,1,1,1
1,0,0,0,0,0,0,0,1,0,0,0,1,1,1,1,1,1
1,0,0,0,0,0,0,0,1,0,0,0,1,1,1,1,1,1
1,0,0,0,0,0,0,0,1,0,0,0,1,1,1,1,1,1
1,0,0,0,0,0,0,0,1,0,0,0,1,1,1,1,1,1
1,0,0,0,0,0,0,0,1,0,0,0,1,1,1,1,1,1
1,0,0,0,0,0,0,0,1,0,0,0,1,1,1,1,1,1
1,0,0,0,0,0,0,0,1,0,0,0,1,1,1,1,1,1
1,0,0,0,0,0,0,0,1,0,0,0,1,1,1,1,1,1
1,0,0,0,0,0,0,0,1,0,0,0,1,1,1,1,1,1
1,0,0,0,0,0,0,0,1,0,0,0,1,1,1,1,1,1
1,0,0,0,0,0,0,0,3,1,0,0,1,1,1,1,1,1
1,0,0,0,0,0,0,0,1,0,0,0,1,1,1,1,1,1
1,0,0,0,0,0,0,0,1,0,0,0,1,1,1,1,1,1
1,0,0,0,0,0,0,0,1,0,0,0,1,1,1,1,1,1
1,0,0,0,0,0,0,0,1,0,0,0,1,1,1,1,1,1
0,1,0,0,0,0,0,0,2,1,0,0,1,1,1,1,1,1
1,0,0,0,0,0,0,0,8,1,0,0,1,1,1,1,1,1
1,0,0,0,0,0,0,0,1,0,0,0,1,1,1,1,1,1
1,0,0,0,0,0,0,0,1,0,0,0,1,1,1,1,1,1
0,1,0,0,0,0,0,0,3,1,0,0,1,1,1,1,1,1
1,0,0,0,0,0,0,0,1,0,0,0,1,1,1,1,1,1
0,1,0,0,0,0,0,0,3,1,0,0,1,1,1,1,1,1
1,0,0,0,0,0,0,0,1,0,0,0,1,1,1,1,1,1
1,0,0,0,0,0,0,0,8,1,0,0,1,1,1,1,1,1
1,0,0,0,0,0,0,0,8,1,0,0,1,1,1,1,1,1
1,0,0,0,0,0,0,0,1,0,0,0,1,1,1,1,1,1
1,0,0,0,0,0,0,0,1,0,0,0,1,1,1,1,1,1
1,0,0,0,0,0,0,0,1,0,0,0,1,1,1,1,1,1
1,0,0,0,0,0,0,0,2,1,0,0,1,1,1,1,1,1
1,0,0,0,0,0,0,0,1,0,0,0,1,1,1,1,1,1
1,0,0,0,0,0,0,0,1,0,0,0,1,1,1,1,1,1
1,0,0,0,0,0,0,0,7,1,0,0,1,1,1,1,1,1
1,0,0,0,0,0,0,0,2,1,0,0,1,1,1,1,1,1
1,0,0,0,0,0,0,0,2,1,0,0,1,1,1,1,1,1
1,0,0,0,0,0,0,0,1,0,0,0,1,1,1,1,1,1
1,0,0,0,0,0,0,0,3,1,0,0,1,1,1,1,1,1
1,0,0,0,0,0,0,0,2,1,0,0,1,1,1,1,1,1
1,0,0,0,0,0,0,0,1,0,0,0,1,1,1,1,1,1
1,0,0,0,0,0,0,0,2,1,0,0,1,1,1,1,1,1
1,0,0,0,0,0,0,0,2,1,0,0,1,1,1,1,1,1
1,0,0,0,0,0,0,0,4,1,0,0,1,1,1,1,1,1
1,0,0,0,0,0,0,0,1,0,0,0,1,1,1,1,1,1
1,0,0,0,0,0,0,0,1,0,0,0,1,1,1,1,1,1
1,0,0,0,0,0,0,0,1,0,0,0,1,1,1,1,1,1
1,0,0,0,0,0,0,0,2,1,0,0,1,1,1,1,1,1
0,1,0,0,0,0,0,0,4,1,0,0,1,1,1,1,1,1
1,0,0,0,0,0,0,0,1,0,0,0,1,1,1,1,1,1
1,0,0,0,0,0,0,0,1,0,0,0,1,1,1,1,1,1
1,0,0,0,0,0,0,0,1,0,0,0,1,1,1,1,1,1
1,0,0,0,0,0,0,0,2,1,0,0,1,1,1,1,1,1
1,0,0,0,0,0,0,0,2,1,0,0,1,1,1,1,1,1
1,0,0,0,0,0,0,0,1,0,0,0,1,1,1,1,1,1
1,0,0,0,0,0,0,0,1,0,0,0,1,1,1,1,1,1
1,0,0,0,0,0,0,0,1,0,0,0,1,1,1,1,1,1
1,0,0,0,0,0,0,0,1,0,0,0,1,1,1,1,1,1
0,1,0,0,0,0,0,0,3,1,0,0,1,1,1,1,1,1
1,0,0,0,0,0,0,0,1,0,0,0,1,1,1,1,1,1
1,0,0,0,0,0,0,0,1,0,0,0,1,1,1,1,1,1
1,0,0,0,0,0,0,0,1,0,0,0,1,1,1,1,1,1
1,0,0,0,0,0,0,0,2,1,0,0,1,1,1,1,1,1
1,0,0,0,0,0,0,0,1,0,0,0,1,1,1,1,1,1
0,1,0,0,0,0,0,0,2,1,0,0,1,1,1,1,1,1
1,0,0,0,0,0,0,0,1,0,0,0,1,1,1,1,1,1
1,0,0,0,0,0,0,0,3,1,0,0,1,1,1,1,1,1
1,0,0,0,0,0,0,0,2,1,0,0,1,1,1,1,1,1
1,0,0,0,0,0,0,0,12,1,0,0,1,1,1,1,1,1
1,0,0,0,0,0,0,0,2,1,0,0,1,1,1,1,1,1
1,0,0,0,0,0,0,0,2,1,0,0,1,1,1,1,1,1
1,0,0,0,0,0,0,0,1,0,0,0,1,1,1,1,1,1
1,0,0,0,0,0,0,0,1,0,0,0,1,1,1,1,1,1
1,0,0,0,0,0,0,0,1,0,0,0,1,1,1,1,1,1
1,0,0,0,0,0,0,0,2,1,0,0,1,1,1,1,1,1
1,0,0,0,0,0,0,0,3,1,0,0,1,1,1,1,1,1
1,0,0,0,0,0,0,0,1,0,0,0,1,1,1,1,1,1
1,0,0,0,0,0,0,0,1,0,0,0,1,1,1,1,1,1
0,0,0,0,0,0,0,1,2,1,0,1,1,1,1,1,1,1
1,0,0,0,0,0,0,0,1,0,0,0,1,1,1,1,1,1
1,0,0,0,0,0,0,0,1,0,0,0,1,1,1,1,1,1
1,0,0,0,0,0,0,0,3,1,0,0,1,1,1,1,1,1
1,0,0,0,0,0,0,0,2,1,0,0,1,1,1,1,1,1
1,0,0,0,0,0,0,0,2,1,0,0,1,1,1,1,1,1
1,0,0,0,0,0,0,0,1,0,0,0,1,1,1,1,1,1
1,0,0,0,0,0,0,0,1,0,0,0,1,1,1,1,1,1
1,0,0,0,0,0,0,0,1,0,0,0,1,1,1,1,1,1
1,0,0,0,0,0,0,0,1,0,0,0,1,1,1,1,1,1
1,0,0,0,0,0,0,0,3,1,0,0,1,1,1,1,1,1
0,1,0,0,0,0,0,0,3,1,0,0,1,1,1,1,1,1
0,1,0,0,0,0,0,0,3,1,0,0,1,1,1,1,1,1
1,0,0,0,0,0,0,0,8,1,1,0,1,1,1,1,1,1
0,0,0,0,0,0,0,1,3,1,0,1,1,1,1,1,1,1
1,0,0,0,0,0,0,0,1,0,0,0,1,1,1,1,1,1
1,0,0,0,0,0,0,0,2,1,0,0,1,1,1,1,1,1
1,0,0,0,0,0,0,0,1,0,0,0,1,1,1,1,1,1
0,1,0,0,0,0,0,0,2,1,0,0,1,1,1,1,1,1
1,0,0,0,0,0,0,0,1,0,0,0,1,1,1,1,1,1
1,0,0,0,0,0,0,0,11,1,0,0,1,1,1,1,1,1
1,0,0,0,0,0,0,0,17,1,0,0,1,1,1,1,1,1
1,0,0,0,0,0,0,0,1,0,0,0,1,1,1,1,1,1
0,1,0,0,0,0,0,0,9,1,0,0,1,1,1,1,1,1
1,0,0,0,0,0,0,0,1,0,0,0,1,1,1,1,1,1
1,0,0,0,0,0,0,0,1,0,0,0,1,1,1,1,1,1
1,0,0,0,0,0,0,0,1,0,0,0,1,1,1,1,1,1
1,0,0,0,0,0,0,0,4,1,0,0,1,1,1,1,1,1
1,0,0,0,0,0,0,0,1,0,0,0,1,1,1,1,1,1
0,0,1,0,0,0,0,0,5,1,1,0,1,1,1,1,1,1
1,0,0,0,0,0,0,0,1,0,0,0,1,1,1,1,1,1
1,0,0,0,0,0,0,0,1,0,0,0,1,1,1,1,1,1
1,0,0,0,0,0,0,0,1,0,0,0,1,1,1,1,1,1
1,0,0,0,0,0,0,0,3,1,0,0,1,1,1,1,1,1
1,0,0,0,0,0,0,0,1,0,0,0,1,1,1,1,1,1
1,0,0,0,0,0,0,0,18,1,0,0,1,1,1,1,1,1
1,0,0,0,0,0,0,0,1,0,0,0,1,1,1,1,1,1
1,0,0,0,0,0,0,0,1,0,0,0,1,1,1,1,1,1
1,0,0,0,0,0,0,0,1,0,0,0,1,1,1,1,1,1
1,0,0,0,0,0,0,0,4,1,0,0,1,1,1,1,1,1
1,0,0,0,0,0,0,0,1,0,0,0,1,1,1,1,1,1
1,0,0,0,0,0,0,0,11,1,0,0,1,1,1,1,1,1
1,0,0,0,0,0,0,0,1,0,0,0,1,1,1,1,1,1
0,1,0,0,0,0,0,0,3,1,0,0,1,1,1,1,1,1
0,1,0,0,0,0,0,0,2,1,0,0,1,1,1,1,1,1
1,0,0,0,0,0,0,0,1,0,0,0,1,1,1,1,1,1
1,0,0,0,0,0,0,0,9,1,0,0,1,1,1,1,1,1
1,0,0,0,0,0,0,0,3,1,0,0,1,1,1,1,1,1
1,0,0,0,0,0,0,0,1,0,0,0,1,1,1,1,1,1
1,0,0,0,0,0,0,0,1,0,0,0,1,1,1,1,1,1
1,0,0,0,0,0,0,0,1,0,0,0,1,1,1,1,1,1
1,0,0,0,0,0,0,0,1,0,0,0,1,1,1,1,1,1
0,0,1,0,0,0,0,0,3,1,1,0,1,1,1,1,1,1
1,0,0,0,0,0,0,0,1,0,0,0,1,1,1,1,1,1
1,0,0,0,0,0,0,0,1,0,0,0,1,1,1,1,1,1
1,0,0,0,0,0,0,0,1,0,0,0,1,1,1,1,1,1
1,0,0,0,0,0,0,0,1,0,0,0,1,1,1,1,1,1
1,0,0,0,0,0,0,0,2,1,0,0,1,1,1,1,1,1
1,0,0,0,0,0,0,0,2,1,0,0,1,1,1,1,1,1
1,0,0,0,0,0,0,0,1,0,0,0,1,1,1,1,1,1
1,0,0,0,0,0,0,0,10,1,0,0,1,1,1,1,1,1
1,0,0,0,0,0,0,0,2,1,0,0,1,1,1,1,1,1
1,0,0,0,0,0,0,0,1,0,0,0,1,1,1,1,1,1
0,0,0,0,0,0,0,1,6,1,0,1,1,1,1,1,1,1
1,0,0,0,0,0,0,0,2,1,0,0,1,1,1,1,1,1
1,0,0,0,0,0,0,0,1,0,0,0,1,1,1,1,1,1
1,0,0,0,0,0,0,0,1,0,0,0,1,1,1,1,1,1
1,0,0,0,0,0,0,0,2,1,0,0,1,1,1,1,1,1
1,0,0,0,0,0,0,0,2,1,0,0,1,1,1,1,1,1
1,0,0,0,0,0,0,0,1,0,0,0,1,1,1,1,1,1
0,1,0,0,0,0,0,0,2,1,0,0,1,1,1,1,1,1
1,0,0,0,0,0,0,0,3,1,0,0,1,1,1,1,1,1
0,1,0,0,0,0,0,0,5,1,0,0,1,1,1,1,1,1
1,0,0,0,0,0,0,0,1,0,0,0,1,1,1,1,1,1
1,0,0,0,0,0,0,0,1,0,0,0,1,1,1,1,1,1
1,0,0,0,0,0,0,0,1,0,0,0,1,1,1,1,1,1
1,0,0,0,0,0,0,0,1,0,0,0,1,1,1,1,1,1
1,0,0,0,0,0,0,0,1,0,0,0,1,1,1,1,1,1
0,1,0,0,0,0,0,0,2,1,0,0,1,1,1,1,1,1
1,0,0,0,0,0,0,0,1,0,0,0,1,1,1,1,1,1
1,0,0,0,0,0,0,0,2,1,0,0,1,1,1,1,1,1
1,0,0,0,0,0,0,0,1,0,0,0,1,1,1,1,1,1
1,0,0,0,0,0,0,0,2,1,0,0,1,1,1,1,1,1
1,0,0,0,0,0,0,0,1,0,0,0,1,1,1,1,1,1
1,0,0,0,0,0,0,0,1,0,0,0,1,1,1,1,1,1
1,0,0,0,0,0,0,0,2,1,0,0,1,1,1,1,1,1
1,0,0,0,0,0,0,0,1,0,0,0,1,1,1,1,1,1
1,0,0,0,0,0,0,0,1,0,0,0,1,1,1,1,1,1
1,0,0,0,0,0,0,0,1,0,0,0,1,1,1,1,1,1
1,0,0,0,0,0,0,0,1,0,0,0,1,0,0,0,1,1
1,0,0,0,0,0,0,0,1,0,0,0,1,1,1,1,1,1
1,0,0,0,0,0,0,0,1,0,0,0,1,1,1,1,1,1
1,0,0,0,0,0,0,0,3,1,0,0,1,1,1,1,1,1
0,0,0,0,0,0,0,1,2,1,0,1,1,1,1,1,1,1
1,0,0,0,0,0,0,0,3,1,0,0,1,1,1,1,1,1
1,0,0,0,0,0,0,0,1,0,0,0,1,1,1,1,1,1
1,0,0,0,0,0,0,0,1,0,0,0,1,1,1,1,1,1
1,0,0,0,0,0,0,0,1,0,0,0,1,1,1,1,1,1
1,0,0,0,0,0,0,0,2,1,0,0,1,1,1,1,1,1
1,0,0,0,0,0,0,0,1,0,0,0,1,1,1,1,1,1
1,0,0,0,0,0,0,0,1,0,0,0,1,1,1,1,1,1
1,0,0,0,0,0,0,0,1,0,0,0,1,1,1,1,1,1
1,0,0,0,0,0,0,0,1,0,0,0,1,0,0,0,1,1
1,0,0,0,0,0,0,0,1,0,0,0,1,0,0,0,1,1
1,0,0,0,0,0,0,0,1,0,0,0,1,0,0,0,1,1
1,0,0,0,0,0,0,0,1,0,0,0,1,0,0,0,1,1
1,0,0,0,0,0,0,0,1,0,0,0,1,0,0,0,1,1
1,0,0,0,0,0,0,0,1,0,0,0,1,0,0,0,1,1
1,0,0,0,0,0,0,0,3,1,0,0,1,1,1,1,1,1
0,0,0,0,0,0,1,0,1,0,0,0,1,1,1,1,1,1
0,0,0,0,0,0,0,1,7,1,0,1,1,1,1,1,1,1
0,0,0,0,0,0,1,0,1,0,0,0,1,1,1,1,1,1
0,0,0,0,0,0,0,1,3,1,0,1,1,1,1,1,1,1
0,0,0,0,0,0,0,1,5,1,0,1,1,1,1,1,1,1
0,0,0,0,1,0,0,0,8,1,0,0,1,1,1,1,1,1
0,0,0,0,0,0,0,1,4,1,0,1,1,1,1,1,1,1
0,0,0,0,0,0,0,1,5,1,0,1,1,1,1,1,1,1
0,0,0,0,0,0,0,1,11,1,0,1,1,1,1,1,1,1
0,0,0,0,0,0,0,1,2,1,0,1,1,1,1,1,1,1
0,0,0,0,0,0,1,0,2,1,0,0,1,1,1,1,1,1
0,0,0,0,0,0,0,1,5,1,0,1,1,1,1,1,1,1
0,0,0,0,0,0,0,1,9,1,0,1,1,1,1,1,1,1
1,0,0,0,0,0,0,0,2,1,0,0,1,1,1,1,1,1
0,0,0,0,0,0,0,1,3,1,0,1,1,1,1,1,1,1
0,0,0,0,0,0,1,0,2,1,0,0,1,1,1,1,1,1
0,0,0,0,0,0,1,0,1,0,0,0,1,1,1,1,1,1
0,0,0,0,0,0,1,0,1,0,0,0,1,1,1,1,1,1
0,0,0,0,0,0,1,0,3,1,0,0,1,1,1,1,1,1
0,0,1,0,0,0,0,0,1,0,0,0,1,1,1,1,1,1
0,0,0,0,0,0,0,1,2,1,0,1,1,1,1,1,1,1
0,0,0,0,1,0,0,0,12,1,0,0,1,1,1,1,1,1
0,0,0,0,1,0,0,0,9,1,0,0,1,1,1,1,1,1
0,0,0,0,0,0,1,0,1,0,0,0,1,1,1,1,1,1
0,0,0,0,0,0,0,1,4,1,0,1,1,1,1,1,1,1
0,0,0,0,0,0,1,0,2,1,0,0,1,1,1,1,1,1
1,0,0,0,0,0,0,0,19,1,0,0,1,1,1,1,1,1
0,0,0,0,0,0,1,0,1,0,0,0,1,1,1,1,1,1
0,0,0,0,0,0,1,0,1,0,0,0,1,1,1,1,1,1
1,0,0,0,0,0,0,0,1,0,0,0,1,1,1,1,1,1
0,0,0,0,0,0,0,1,2,1,0,1,1,1,1,1,1,1
0,0,1,0,0,0,0,0,1,0,0,0,1,1,1,1,1,1
0,0,1,0,0,0,0,0,1,0,0,0,1,1,1,1,1,1
0,0,0,1,0,0,0,0,1,0,0,0,1,1,1,1,1,1
0,0,0,0,0,0,0,1,3,1,0,1,1,1,1,1,1,1
0,0,0,0,0,0,1,0,1,0,0,0,1,1,1,1,1,1
0,0,0,0,0,0,0,1,5,1,0,1,1,1,1,1,1,1
0,0,0,0,0,0,1,0,2,1,0,0,1,1,1,1,1,1
0,0,0,0,0,0,0,1,5,1,0,1,1,1,1,1,1,1
0,0,0,0,0,0,1,0,3,1,0,0,1,1,1,1,1,1
0,0,0,0,0,0,0,1,4,1,0,1,1,1,1,1,1,1
0,0,0,0,0,0,1,0,1,0,0,0,1,1,1,1,1,1
0,0,0,0,0,0,1,0,2,1,0,0,1,1,1,1,1,1
0,0,0,0,0,0,1,0,1,0,0,0,1,1,1,1,1,1
0,1,0,0,0,0,0,0,2,1,0,0,1,1,1,1,1,1
1,0,0,0,0,0,0,0,1,0,0,0,1,1,1,1,1,1
1,0,0,0,0,0,0,0,1,0,0,0,1,1,1,1,1,1
0,0,0,0,0,0,1,0,1,0,0,0,1,1,1,1,1,1
1,0,0,0,0,0,0,0,2,1,0,0,1,1,1,1,1,1
1,0,0,0,0,0,0,0,2,1,0,0,1,1,1,1,1,1
0,0,0,0,0,0,0,1,3,1,0,1,1,1,1,1,1,1
0,0,0,0,0,0,0,1,8,1,0,1,1,1,1,1,1,1
0,0,0,0,0,0,0,1,3,1,0,1,1,1,1,1,1,1
0,0,1,0,0,0,0,0,3,1,0,0,1,1,1,1,1,1
0,0,0,0,0,0,0,1,7,1,0,1,1,1,1,1,1,1
0,0,0,0,0,0,0,1,2,1,0,1,1,1,1,1,1,1
0,0,1,0,0,0,0,0,1,0,0,0,1,1,1,1,1,1
0,0,0,0,0,0,0,1,6,1,0,1,1,1,1,1,1,1
0,0,0,0,0,0,0,1,8,1,0,1,1,1,1,1,1,1
1,0,0,0,0,0,0,0,1,0,0,0,1,1,1,1,1,1
1,0,0,0,0,0,0,0,1,0,0,0,1,1,1,1,1,1
0,0,1,0,0,0,0,0,1,0,0,0,1,1,1,1,1,1
0,0,0,0,0,0,0,1,4,1,0,1,1,1,1,1,1,1
0,0,0,0,0,0,1,0,2,1,0,0,1,1,1,1,1,1
0,0,0,0,0,0,0,1,3,1,0,1,1,1,1,1,1,1
1,0,0,0,0,0,0,0,2,1,0,0,1,1,1,1,1,1
0,0,1,0,0,0,0,0,1,0,0,0,1,1,1,1,1,1
0,0,0,0,0,0,0,1,6,1,0,1,1,1,1,1,1,1
0,0,0,0,0,0,0,1,2,1,0,1,1,1,1,1,1,1
0,1,0,0,0,0,0,0,2,1,0,0,1,1,1,1,1,1
1,0,0,0,0,0,0,0,1,0,0,0,1,1,1,1,1,1
0,0,0,0,0,0,0,1,3,1,0,1,1,1,1,1,1,1
0,0,0,0,0,0,0,1,2,1,0,1,1,1,1,1,1,1
0,0,1,0,0,0,0,0,1,0,0,0,1,1,1,1,1,1
0,0,1,0,0,0,0,0,1,0,0,0,1,1,1,1,1,1
0,0,1,0,0,0,0,0,2,1,0,0,1,1,1,1,1,1
0,1,0,0,0,0,0,0,2,1,0,0,1,1,1,1,1,1
0,1,0,0,0,0,0,0,4,1,0,0,1,1,1,1,1,1
1,0,0,0,0,0,0,0,3,1,1,0,1,1,1,1,1,1
1,0,0,0,0,0,0,0,1,0,0,0,1,1,1,1,1,1
0,0,0,0,1,0,0,0,8,1,0,0,1,1,1,1,1,1
1,0,0,0,0,0,0,0,1,0,0,0,1,1,1,1,1,1
1,0,0,0,0,0,0,0,1,0,0,0,1,1,1,1,1,1
0,0,0,0,0,0,1,0,6,1,0,0,1,1,1,1,1,1
1,0,0,0,0,0,0,0,1,0,0,0,1,1,1,1,1,1
0,0,0,0,0,0,1,0,2,1,0,0,1,1,1,1,1,1
0,0,0,0,0,0,1,0,1,0,0,0,1,1,1,1,1,1
0,0,0,0,0,0,0,1,8,1,0,1,1,1,1,1,1,1
0,0,1,0,0,0,0,0,1,0,0,0,1,1,1,1,1,1
1,0,0,0,0,0,0,0,1,0,0,0,1,1,1,1,1,1
0,0,0,0,0,0,1,0,1,0,0,0,1,1,1,1,1,1
0,1,0,0,0,0,0,0,2,1,0,0,1,1,1,1,1,1
0,0,0,0,0,0,0,1,4,1,0,1,1,1,1,1,1,1
0,0,0,0,0,0,0,1,6,1,0,1,1,1,1,1,1,1
0,1,0,0,0,0,0,0,5,1,0,0,1,1,1,1,1,1
1,0,0,0,0,0,0,0,7,1,0,0,1,1,1,1,1,1
0,1,0,0,0,0,0,0,2,1,0,0,1,1,1,1,1,1
1,0,0,0,0,0,0,0,15,1,0,0,1,1,1,1,1,1
0,0,0,0,0,0,0,1,2,1,0,1,1,1,1,1,1,1
0,0,1,0,0,0,0,0,1,0,0,0,1,1,1,1,1,1
0,0,1,0,0,0,0,0,1,0,0,0,1,1,1,1,1,1
1,0,0,0,0,0,0,0,1,0,0,0,1,1,1,1,1,1
1,0,0,0,0,0,0,0,3,1,0,0,1,1,1,1,1,1
0,0,1,0,0,0,0,0,1,0,0,0,1,1,1,1,1,1
0,0,0,0,0,0,1,0,1,0,0,0,1,1,1,1,1,1
1,0,0,0,0,0,0,0,1,0,0,0,1,1,1,1,1,1
0,0,0,0,0,0,0,1,4,1,0,1,1,1,1,1,1,1
0,0,0,0,0,0,0,1,3,1,0,1,1,1,1,1,1,1
1,0,0,0,0,0,0,0,1,0,0,0,1,1,1,1,1,1
0,0,0,0,1,0,0,0,3,1,0,0,1,1,1,1,1,1
0,1,0,0,0,0,0,0,3,1,0,0,1,1,1,1,1,1
1,0,0,0,0,0,0,0,2,1,0,0,1,1,1,1,1,1
1,0,0,0,0,0,0,0,2,1,0,0,1,1,1,1,1,1
0,0,0,0,0,0,0,1,4,1,0,1,1,1,1,1,1,1
1,0,0,0,0,0,0,0,1,0,0,0,1,1,1,1,1,1
1,0,0,0,0,0,0,0,1,0,0,0,1,1,1,1,1,1
0,0,0,0,0,0,0,1,4,1,0,1,1,1,1,1,1,1
1,0,0,0,0,0,0,0,1,0,0,0,1,1,1,1,1,1
1,0,0,0,0,0,0,0,2,1,0,0,1,1,1,1,1,1
1,0,0,0,0,0,0,0,1,0,0,0,1,1,1,1,1,1
1,0,0,0,0,0,0,0,10,1,0,0,1,1,1,1,1,1
1,0,0,0,0,0,0,0,1,0,0,0,1,1,1,1,1,1
0,0,0,0,0,0,1,0,1,0,0,0,1,1,1,1,1,1
0,0,0,0,0,0,0,1,11,1,0,1,1,1,1,1,1,1
0,0,0,0,0,0,0,1,2,1,0,1,1,1,1,1,1,1
1,0,0,0,0,0,0,0,1,0,0,0,1,1,1,1,1,1
0,1,0,0,0,0,0,0,3,1,0,0,1,1,1,1,1,1
0,1,0,0,0,0,0,0,2,1,0,0,1,1,1,1,1,1
1,0,0,0,0,0,0,0,1,0,0,0,1,1,1,1,1,1
0,0,0,0,0,0,1,0,2,1,0,0,1,1,1,1,1,1
0,0,0,0,1,0,0,0,10,1,0,0,1,1,1,1,1,1
1,0,0,0,0,0,0,0,5,1,0,0,1,1,1,1,1,1
0,0,0,0,1,0,0,0,7,1,0,0,1,1,1,1,1,1
0,0,0,0,0,0,0,1,6,1,0,1,1,1,1,1,1,1
0,0,0,0,0,0,0,1,2,1,0,1,1,1,1,1,1,1
1,0,0,0,0,0,0,0,2,1,0,0,1,1,1,1,1,1
0,0,0,0,0,0,0,1,3,1,0,1,1,1,1,1,1,1
1,0,0,0,0,0,0,0,1,0,0,0,1,1,1,1,1,1
0,0,0,0,0,0,0,1,5,1,0,1,1,1,1,1,1,1
1,0,0,0,0,0,0,0,1,0,0,0,1,1,1,1,1,1
0,0,0,0,0,0,0,1,2,1,0,1,1,1,1,1,1,1
1,0,0,0,0,0,0,0,1,0,0,0,1,1,1,1,1,1
1,0,0,0,0,0,0,0,1,0,0,0,1,1,1,1,1,1
0,0,0,0,0,0,0,1,4,1,0,1,1,1,1,1,1,1
0,0,0,0,0,0,1,0,1,0,0,0,1,1,1,1,1,1
0,0,0,0,0,0,1,0,3,1,0,0,1,1,1,1,1,1
0,0,0,0,0,0,0,1,4,1,0,1,1,1,1,1,1,1
0,0,0,0,0,0,0,1,4,1,0,1,1,1,1,1,1,1
1,0,0,0,0,0,0,0,2,1,0,0,1,1,1,1,1,1
0,1,0,0,0,0,0,0,2,1,0,0,1,1,1,1,1,1
1,0,0,0,0,0,0,0,1,0,0,0,1,1,1,1,1,1
0,0,0,0,0,0,0,1,5,1,0,1,1,1,1,1,1,1
1,0,0,0,0,0,0,0,1,0,0,0,1,1,1,1,1,1
0,0,0,0,0,0,0,1,4,1,0,1,1,1,1,1,1,1
1,0,0,0,0,0,0,0,2,1,0,0,1,1,1,1,1,1
0,1,0,0,0,0,0,0,2,1,0,0,1,1,1,1,1,1
0,1,0,0,0,0,0,0,3,1,0,0,1,1,1,1,1,1
0,0,0,0,1,0,0,0,10,1,0,0,1,1,1,1,1,1
0,0,1,0,0,0,0,0,2,1,1,0,1,1,1,1,1,1
0,0,1,0,0,0,0,0,1,0,0,0,1,1,1,1,1,1
0,0,1,0,0,0,0,0,1,0,0,0,1,1,1,1,1,1
1,0,0,0,0,0,0,0,2,1,0,0,1,1,1,1,1,1
0,0,0,0,0,0,1,0,6,1,0,0,1,1,1,1,1,1
0,0,0,0,0,0,1,0,2,1,0,0,1,1,1,1,1,1
0,0,0,0,0,1,0,0,3,1,0,0,1,1,1,1,1,1
0,0,1,0,0,0,0,0,2,1,0,0,1,1,1,1,1,1
1,0,0,0,0,0,0,0,1,0,0,0,1,1,1,1,1,1
1,0,0,0,0,0,0,0,1,0,0,0,1,1,1,1,1,1
1,0,0,0,0,0,0,0,1,0,0,0,1,1,1,1,1,1
0,0,0,0,0,0,0,1,3,1,0,1,1,1,1,1,1,1
0,0,0,0,0,1,0,0,3,1,0,0,1,1,1,1,1,1
0,0,0,0,0,0,1,0,1,0,0,0,1,1,1,1,1,1
0,0,0,0,0,0,1,0,4,1,0,0,1,1,1,1,1,1
1,0,0,0,0,0,0,0,2,1,0,0,1,1,1,1,1,1
0,0,0,0,0,0,1,0,1,0,0,0,1,1,1,1,1,1
1,0,0,0,0,0,0,0,1,0,0,0,1,1,1,1,1,1
0,0,0,0,0,0,0,1,4,1,0,1,1,1,1,1,1,1
0,0,0,0,0,0,1,0,4,1,0,0,1,1,1,1,1,1
0,0,0,0,0,0,0,1,6,1,0,1,1,1,1,1,1,1
0,0,0,0,0,0,1,0,2,1,0,0,1,1,1,1,1,1
0,0,0,0,0,0,1,0,1,0,0,0,1,1,1,1,1,1
1,0,0,0,0,0,0,0,1,0,0,0,1,1,1,1,1,1
0,0,0,0,0,0,1,0,2,1,0,0,1,1,1,1,1,1
1,0,0,0,0,0,0,0,2,1,0,0,1,1,1,1,1,1
0,0,0,0,0,0,0,1,4,1,0,1,1,1,1,1,1,1
0,0,0,0,0,0,0,1,3,1,0,1,1,1,1,1,1,1
1,0,0,0,0,0,0,0,1,0,0,0,1,1,1,1,1,1
1,0,0,0,0,0,0,0,1,0,0,0,1,1,1,1,1,1
0,0,0,0,0,0,0,1,4,1,0,1,1,1,1,1,1,1
0,0,0,0,0,0,1,0,3,1,0,0,1,1,1,1,1,1
1,0,0,0,0,0,0,0,1,0,0,0,1,1,1,1,1,1
0,0,0,0,0,1,0,0,1,0,0,0,1,1,1,1,1,1
1,0,0,0,0,0,0,0,2,1,0,0,1,1,1,1,1,1
0,0,0,0,0,0,1,0,3,1,0,0,1,1,1,1,1,1
0,1,0,0,0,0,0,0,5,1,0,0,1,1,1,1,1,1
0,0,0,0,0,0,1,0,1,0,0,0,1,1,1,1,1,1
1,0,0,0,0,0,0,0,1,0,0,0,1,1,1,1,1,1
0,0,0,0,0,0,0,1,2,1,0,1,1,1,1,1,1,1
0,0,1,0,0,0,0,0,1,0,0,0,1,1,1,1,1,1
0,0,0,0,0,0,0,1,5,1,0,1,1,1,1,1,1,1
1,0,0,0,0,0,0,0,1,0,0,0,1,1,1,1,1,1
1,0,0,0,0,0,0,0,1,0,0,0,1,1,1,1,1,1
1,0,0,0,0,0,0,0,1,0,0,0,1,1,1,1,1,1
0,0,1,0,0,0,0,0,1,0,0,0,1,1,1,1,1,1
0,0,0,0,0,0,1,0,1,0,0,0,1,1,1,1,1,1
1,0,0,0,0,0,0,0,1,0,0,0,1,1,1,1,1,1
0,0,0,0,1,0,0,0,4,1,0,0,1,1,1,1,1,1
1,0,0,0,0,0,0,0,1,0,0,0,1,1,1,1,1,1
0,0,0,0,0,0,0,1,9,1,0,1,1,1,1,1,1,1
0,0,0,0,0,0,1,0,2,1,0,0,1,1,1,1,1,1
0,1,0,0,0,0,0,0,4,1,0,0,1,1,1,1,1,1
0,1,0,0,0,0,0,0,4,1,0,0,1,1,1,1,1,1
0,0,0,0,0,0,1,0,1,0,0,0,1,1,1,1,1,1
0,0,0,0,0,0,0,1,2,1,0,1,1,1,1,1,1,1
0,0,1,0,0,0,0,0,1,0,0,0,1,1,1,1,1,1
0,0,0,0,0,0,1,0,1,0,0,0,1,1,1,1,1,1
1,0,0,0,0,0,0,0,1,0,0,0,1,1,1,1,1,1
0,0,0,0,0,0,1,0,3,1,0,0,1,1,1,1,1,1
1,0,0,0,0,0,0,0,3,1,0,0,1,1,1,1,1,1
0,0,1,0,0,0,0,0,1,0,0,0,1,1,1,1,1,1
0,0,0,0,0,0,1,0,4,1,0,0,1,1,1,1,1,1
0,0,0,0,0,0,1,0,1,0,0,0,1,1,1,1,1,1
0,0,0,0,0,0,0,1,4,1,0,1,1,1,1,1,1,1
1,0,0,0,0,0,0,0,1,0,0,0,1,1,1,1,1,1
1,0,0,0,0,0,0,0,1,0,0,0,1,1,1,1,1,1
1,0,0,0,0,0,0,0,2,1,0,0,1,1,1,1,1,1
0,1,0,0,0,0,0,0,2,1,0,0,1,1,1,1,1,1
0,0,1,0,0,0,0,0,3,1,1,0,1,1,1,1,1,1
1,0,0,0,0,0,0,0,2,1,0,0,1,1,1,1,1,1
0,1,0,0,0,0,0,0,2,1,0,0,1,1,1,1,1,1
1,0,0,0,0,0,0,0,3,1,0,0,1,1,1,1,1,1
1,0,0,0,0,0,0,0,1,0,0,0,1,1,1,1,1,1
0,0,1,0,0,0,0,0,2,1,0,0,1,1,1,1,1,1
1,0,0,0,0,0,0,0,1,0,0,0,1,1,1,1,1,1
0,0,0,0,0,0,0,1,4,1,0,1,1,1,1,1,1,1
1,0,0,0,0,0,0,0,1,0,0,0,1,1,1,1,1,1
0,0,0,0,0,0,1,0,3,1,0,0,1,1,1,1,1,1
1,0,0,0,0,0,0,0,1,0,0,0,1,1,1,1,1,1
0,1,0,0,0,0,0,0,2,1,0,0,1,1,1,1,1,1
1,0,0,0,0,0,0,0,1,0,0,0,1,1,1,1,1,1
1,0,0,0,0,0,0,0,1,0,0,0,1,1,1,1,1,1
1,0,0,0,0,0,0,0,3,1,0,0,1,1,1,1,1,1
0,0,1,0,0,0,0,0,1,0,0,0,1,1,1,1,1,1
0,0,1,0,0,0,0,0,2,1,0,0,1,1,1,1,1,1
0,0,1,0,0,0,0,0,1,0,0,0,1,1,1,1,1,1
1,0,0,0,0,0,0,0,2,1,0,0,1,1,1,1,1,1
1,0,0,0,0,0,0,0,1,0,0,0,1,1,1,1,1,1
0,0,0,0,0,0,0,1,7,1,0,1,1,1,1,1,1,1
0,0,0,0,1,0,0,0,6,1,0,0,1,1,1,1,1,1
0,0,0,0,0,0,1,0,3,1,0,0,1,1,1,1,1,1
0,0,0,0,0,0,1,0,1,0,0,0,1,1,1,1,1,1
1,0,0,0,0,0,0,0,1,0,0,0,1,1,1,1,1,1
1,0,0,0,0,0,0,0,2,1,0,0,1,1,1,1,1,1
1,0,0,0,0,0,0,0,1,0,0,0,1,1,1,1,1,1
1,0,0,0,0,0,0,0,1,0,0,0,1,1,1,1,1,1
1,0,0,0,0,0,0,0,1,0,0,0,1,1,1,1,1,1
1,0,0,0,0,0,0,0,2,1,0,0,1,1,1,1,1,1
1,0,0,0,0,0,0,0,1,0,0,0,1,1,1,1,1,1
0,1,0,0,0,0,0,0,3,1,0,0,1,1,1,1,1,1
0,0,0,0,0,0,0,1,4,1,0,1,1,1,1,1,1,1
0,0,0,0,1,0,0,0,7,1,0,0,1,1,1,1,1,1
0,0,1,0,0,0,0,0,1,0,0,0,1,1,1,1,1,1
0,0,0,0,0,1,0,0,2,1,0,0,1,1,1,1,1,1
1,0,0,0,0,0,0,0,3,1,0,0,1,1,1,1,1,1
1,0,0,0,0,0,0,0,2,1,0,0,1,1,1,1,1,1
1,0,0,0,0,0,0,0,2,1,0,0,1,1,1,1,1,1
1,0,0,0,0,0,0,0,2,1,0,0,1,1,1,1,1,1
1,0,0,0,0,0,0,0,2,1,0,0,1,1,1,1,1,1
1,0,0,0,0,0,0,0,1,0,0,0,1,1,1,1,1,1
1,0,0,0,0,0,0,0,2,1,0,0,1,1,1,1,1,1
1,0,0,0,0,0,0,0,1,0,0,0,1,1,1,1,1,1
0,1,0,0,0,0,0,0,6,1,0,0,1,1,1,1,1,1
1,0,0,0,0,0,0,0,3,1,0,0,1,1,1,1,1,1
0,0,0,0,0,0,0,1,5,1,0,1,1,1,1,1,1,1
1,0,0,0,0,0,0,0,1,0,0,0,1,1,1,1,1,1
1,0,0,0,0,0,0,0,3,1,0,0,1,1,1,1,1,1
0,0,0,0,0,0,1,0,2,1,0,0,1,1,1,1,1,1
0,0,0,0,0,0,1,0,1,0,0,0,1,1,1,1,1,1
1,0,0,0,0,0,0,0,1,0,0,0,1,1,1,1,1,1
0,0,0,0,0,0,1,0,1,0,0,0,1,1,1,1,1,1
1,0,0,0,0,0,0,0,1,0,0,0,1,1,1,1,1,1
1,0,0,0,0,0,0,0,1,0,0,0,1,1,0,0,1,1
1,0,0,0,0,0,0,0,1,0,0,0,1,1,0,0,1,1
1,0,0,0,0,0,0,0,1,0,0,0,1,1,0,0,1,1
0,0,0,0,0,1,0,0,2,1,0,0,1,1,1,1,1,1
0,0,0,0,1,0,0,0,6,1,0,0,1,1,1,1,1,1
0,0,0,0,0,0,0,1,3,1,0,1,1,1,1,1,1,1
0,0,1,0,0,0,0,0,1,0,0,0,1,1,1,1,1,1
1,0,0,0,0,0,0,0,1,0,0,0,1,1,1,1,1,1
1,0,0,0,0,0,0,0,1,0,0,0,1,1,1,1,1,1
1,0,0,0,0,0,0,0,2,1,0,0,1,1,1,1,1,1
1,0,0,0,0,0,0,0,8,1,0,0,1,1,1,1,1,1
0,0,0,0,0,0,0,1,4,1,0,1,1,1,1,1,1,1
0,0,0,0,0,0,0,1,5,1,0,1,1,1,1,1,1,1
0,0,1,0,0,0,0,0,1,0,0,0,1,1,1,1,1,1
1,0,0,0,0,0,0,0,1,0,0,0,1,1,1,1,1,1
1,0,0,0,0,0,0,0,1,0,0,0,1,1,1,1,1,1
1,0,0,0,0,0,0,0,1,0,0,0,1,1,1,1,1,1
1,0,0,0,0,0,0,0,1,0,0,0,1,1,1,1,1,1
1,0,0,0,0,0,0,0,1,0,0,0,1,1,1,1,1,1
1,0,0,0,0,0,0,0,2,1,0,0,1,1,1,1,1,1
0,1,0,0,0,0,0,0,3,1,0,0,1,1,1,1,1,1
1,0,0,0,0,0,0,0,1,0,0,0,1,1,1,1,1,1
0,1,0,0,0,0,0,0,2,1,0,0,1,1,1,1,1,1
0,1,0,0,0,0,0,0,2,1,0,0,1,1,1,1,1,1
1,0,0,0,0,0,0,0,1,0,0,0,1,1,1,1,1,1
1,0,0,0,0,0,0,0,2,1,0,0,1,1,1,1,1,1
1,0,0,0,0,0,0,0,1,0,0,0,1,1,1,1,1,1
1,0,0,0,0,0,0,0,1,0,0,0,1,1,1,1,1,1
1,0,0,0,0,0,0,0,3,1,0,0,1,1,1,1,1,1
1,0,0,0,0,0,0,0,1,0,0,0,1,1,1,1,1,1
1,0,0,0,0,0,0,0,1,0,0,0,1,1,1,1,1,1
1,0,0,0,0,0,0,0,1,0,0,0,1,1,1,1,1,1
0,0,0,0,0,0,1,0,1,0,0,0,1,1,1,1,1,1
0,0,0,0,0,0,0,1,5,1,0,1,1,1,1,1,1,1
0,1,0,0,0,0,0,0,5,1,0,0,1,1,1,1,1,1
0,0,0,0,0,0,0,1,7,1,0,1,1,1,1,1,1,1
0,0,0,0,0,0,0,1,3,1,0,1,1,1,1,1,1,1
0,0,0,0,0,1,0,0,6,1,1,0,1,1,1,1,1,1
0,0,0,0,0,0,0,1,3,1,0,1,1,1,1,1,1,1
1,0,0,0,0,0,0,0,1,0,0,0,1,1,1,1,1,1
0,0,0,0,0,0,0,1,5,1,0,1,1,1,1,1,1,1
0,0,0,0,0,0,0,1,5,1,0,1,1,1,1,1,1,1
1,0,0,0,0,0,0,0,1,0,0,0,1,1,1,1,1,1
0,0,0,0,0,0,1,0,1,0,0,0,1,1,1,1,1,1
0,0,0,0,0,0,1,0,2,1,0,0,1,1,1,1,1,1
0,0,0,0,1,0,0,0,3,1,0,0,1,1,1,1,1,1
0,0,0,1,0,0,0,0,1,0,0,0,1,1,1,1,1,1
0,0,0,1,0,0,0,0,3,1,0,0,1,1,1,1,1,1
0,0,0,0,1,0,0,0,2,1,0,0,1,1,1,1,1,1
0,0,0,0,0,0,1,0,1,0,0,0,1,1,1,1,1,1
0,0,0,0,1,0,0,0,1,0,0,0,1,1,1,1,1,1
0,0,0,0,0,0,1,0,1,0,0,0,1,1,1,1,1,1
0,0,0,0,0,0,1,0,2,1,0,0,1,1,1,1,1,1
0,0,0,0,0,0,0,1,3,1,0,1,1,1,1,1,1,1
0,0,0,1,0,0,0,0,9,1,0,0,1,1,1,1,1,1
0,0,0,0,0,0,0,1,4,1,0,1,1,1,1,1,1,1
0,0,0,0,1,0,0,0,7,1,0,0,1,1,1,1,1,1
0,0,0,0,0,0,1,0,1,0,0,0,1,1,1,1,1,1
0,0,0,0,0,0,1,0,1,0,0,0,1,1,1,1,1,1
0,0,0,0,1,0,0,0,2,1,0,0,1,1,1,1,1,1
0,0,0,0,1,0,0,0,8,1,0,0,1,1,1,1,1,1
0,0,0,0,0,0,1,0,2,1,0,0,1,1,1,1,1,1
0,0,0,0,0,0,1,0,1,0,0,0,1,1,1,1,1,1
0,0,0,0,1,0,0,0,2,1,0,0,1,1,1,1,1,1
0,0,0,0,0,0,0,1,2,1,0,1,1,1,1,1,1,1
0,0,0,0,0,0,0,1,1,0,0,1,1,1,1,1,1,1
0,0,0,0,1,0,0,0,2,1,0,0,1,1,1,1,1,1
0,0,0,0,0,0,1,0,1,0,0,0,1,1,1,1,1,1
0,0,0,0,0,0,1,0,1,0,0,0,1,1,1,1,1,1
0,0,0,0,0,0,0,1,3,1,0,1,1,1,1,1,1,1
0,0,0,0,0,0,0,1,2,1,0,1,1,1,1,1,1,1
0,0,0,0,0,0,1,0,1,0,0,0,1,1,1,1,1,1
0,0,0,0,0,0,0,1,3,1,0,1,1,1,1,1,1,1
0,0,0,0,0,1,0,0,1,0,0,0,1,1,1,1,1,1
0,0,0,1,0,0,0,0,3,1,0,0,1,1,1,1,1,1
0,0,0,0,0,0,1,0,1,0,0,0,1,1,1,1,1,1
0,0,0,0,0,1,0,0,1,0,0,0,1,1,1,1,1,1
0,0,0,0,0,0,1,0,1,0,0,0,1,1,1,1,1,1
0,0,0,1,0,0,0,0,3,1,0,0,1,1,1,1,1,1
0,0,0,1,0,0,0,0,1,0,0,0,1,1,1,1,1,1
0,0,0,0,0,0,0,1,5,1,0,1,1,1,1,1,1,1
0,0,0,0,0,0,1,0,3,1,0,0,1,1,1,1,1,1
0,0,0,0,0,0,0,1,2,1,0,1,1,1,1,1,1,1
0,0,0,0,0,0,0,1,2,1,0,1,1,1,1,1,1,1
0,1,0,0,0,0,0,0,4,1,0,0,1,1,1,1,1,1
0,1,0,0,0,0,0,0,3,1,0,0,1,1,1,1,1,1
0,0,0,0,0,0,1,0,2,1,0,0,1,1,1,1,1,1
0,0,0,0,0,0,0,1,3,1,0,1,1,1,1,1,1,1
1,0,0,0,0,0,0,0,3,1,0,0,1,1,1,1,1,1
1,0,0,0,0,0,0,0,1,0,0,0,1,1,1,1,1,1
0,1,0,0,0,0,0,0,2,1,0,0,1,1,1,1,1,1
0,1,0,0,0,0,0,0,2,1,0,0,1,1,1,1,1,1
1,0,0,0,0,0,0,0,1,0,0,0,1,1,1,1,1,1
0,1,0,0,0,0,0,0,3,1,0,0,1,1,1,1,1,1
0,1,0,0,0,0,0,0,2,1,0,0,1,1,1,1,1,1
0,1,0,0,0,0,0,0,2,1,0,0,1,1,1,1,1,1
0,0,1,0,0,0,0,0,1,0,0,0,1,1,1,1,1,1
0,0,0,0,0,0,1,0,3,1,1,0,1,1,1,1,1,1
0,0,1,0,0,0,0,0,1,0,0,0,1,1,1,1,1,1
1,0,0,0,0,0,0,0,3,1,0,0,1,1,1,1,1,1
1,0,0,0,0,0,0,0,1,0,0,0,1,1,1,1,1,1
0,0,1,0,0,0,0,0,1,0,0,0,1,1,1,1,1,1
0,0,1,0,0,0,0,0,1,0,0,0,1,1,1,1,1,1
0,0,1,0,0,0,0,0,5,1,1,0,1,1,1,1,1,1
0,0,0,0,0,0,1,0,2,1,0,0,1,1,1,1,1,1
1,0,0,0,0,0,0,0,1,0,0,0,1,1,1,1,1,1
0,0,1,0,0,0,0,0,1,0,0,0,1,1,1,1,1,1
1,0,0,0,0,0,0,0,1,0,0,0,1,1,1,1,1,1
1,0,0,0,0,0,0,0,1,0,0,0,1,1,1,1,1,1
0,0,1,0,0,0,0,0,1,0,0,0,1,1,1,1,1,1
1,0,0,0,0,0,0,0,2,1,0,0,1,1,1,1,1,1
0,0,0,0,0,0,1,0,2,1,0,0,1,1,1,1,1,1
0,0,0,0,0,0,1,0,1,0,0,0,1,1,1,1,1,1
0,0,0,0,0,1,0,0,2,1,0,0,1,1,1,1,1,1
0,0,0,0,0,1,0,0,2,1,0,0,1,1,1,1,1,1
0,0,0,0,0,0,0,1,2,1,0,1,1,1,1,1,1,1
0,0,0,0,0,0,0,1,4,1,0,1,1,1,1,1,1,1
0,0,1,0,0,0,0,0,1,0,0,0,1,1,1,1,1,1
0,0,0,0,0,1,0,0,2,1,0,0,1,1,1,1,1,1
0,0,0,0,0,0,0,1,3,1,0,1,1,1,1,1,1,1
0,0,0,0,0,1,0,0,4,1,0,0,1,1,1,1,1,1
0,0,0,0,0,0,1,0,2,1,0,0,1,1,1,1,1,1
0,0,0,0,0,1,0,0,1,0,0,0,1,1,1,1,1,1
0,1,0,0,0,0,0,0,2,1,0,0,1,1,1,1,1,1
0,0,0,0,1,0,0,0,4,1,0,0,1,1,1,1,1,1
0,0,0,0,0,1,0,0,1,0,0,0,1,1,1,1,1,1
1,0,0,0,0,0,0,0,2,1,0,0,1,1,1,1,1,1
0,1,0,0,0,0,0,0,3,1,0,0,1,1,1,1,1,1
0,0,0,0,0,1,0,0,1,0,0,0,1,1,1,1,1,1
0,0,0,0,0,1,0,0,2,1,0,0,1,1,1,1,1,1
0,0,0,0,0,1,0,0,2,1,0,0,1,1,1,1,1,1
0,0,0,0,0,0,0,1,8,1,0,1,1,1,1,1,1,1
0,0,0,0,1,0,0,0,4,1,0,0,1,1,1,1,1,1
0,0,0,0,0,0,0,1,3,1,0,1,1,1,1,1,1,1
0,0,0,0,0,1,0,0,3,1,0,0,1,1,1,1,1,1
0,0,0,0,0,1,0,0,2,1,0,0,1,1,1,1,1,1
0,0,0,0,0,0,1,0,3,1,0,0,1,1,1,1,1,1
0,0,0,0,1,0,0,0,2,1,0,0,1,1,1,1,1,1
0,0,0,0,0,1,0,0,1,0,0,0,1,1,1,1,1,1
0,0,0,0,0,1,0,0,6,1,0,0,1,1,1,1,1,1
0,0,0,0,0,1,0,0,1,0,0,0,1,1,1,1,1,1
0,0,0,0,1,0,0,0,5,1,0,0,1,1,1,1,1,1
0,1,0,0,0,0,0,0,2,1,0,0,1,1,1,1,1,1
0,0,0,0,0,1,0,0,1,0,0,0,1,1,1,1,1,1
0,0,0,0,0,1,0,0,3,1,0,0,1,1,1,1,1,1
0,1,0,0,0,0,0,0,3,1,0,0,1,1,1,1,1,1
0,0,0,0,0,1,0,0,2,1,0,0,1,1,1,1,1,1
0,0,0,0,0,1,0,0,2,1,0,0,1,1,1,1,1,1
0,0,0,0,0,1,0,0,2,1,0,0,1,1,1,1,1,1
0,0,0,0,0,1,0,0,4,1,0,0,1,1,1,1,1,1
0,0,0,0,0,1,0,0,1,0,0,0,1,1,1,1,1,1
0,0,0,0,0,0,1,0,1,0,0,0,1,1,1,1,1,1
0,0,0,0,0,1,0,0,4,1,0,0,1,1,1,1,1,1
0,0,0,0,0,0,1,0,2,1,0,0,1,1,1,1,1,1
0,0,0,0,0,1,0,0,4,1,0,0,1,1,1,1,1,1
0,0,0,0,0,0,1,0,1,0,0,0,1,1,1,1,1,1
0,0,0,0,0,0,0,1,3,1,0,1,1,1,1,1,1,1
0,0,0,0,0,0,0,1,6,1,0,1,1,1,1,1,1,1
0,0,0,0,0,1,0,0,2,1,0,0,1,1,1,1,1,1
0,0,0,0,0,1,0,0,4,1,0,0,1,1,1,1,1,1
0,0,0,0,0,1,0,0,1,0,0,0,1,1,1,1,1,1
0,0,1,0,0,0,0,0,1,0,0,0,1,1,1,1,1,1
0,0,0,0,0,1,0,0,3,1,0,0,1,1,1,1,1,1
0,0,0,1,0,0,0,0,3,1,0,0,1,1,1,1,1,1
0,0,0,0,0,0,0,1,4,1,0,1,1,1,1,1,1,1
0,0,0,0,0,0,1,0,3,1,1,0,1,1,1,1,1,1
1,0,0,0,0,0,0,0,2,1,0,0,1,1,1,1,1,1
0,0,0,0,0,0,1,0,1,0,0,0,1,1,1,1,1,1
0,0,0,0,0,1,0,0,2,1,0,0,1,1,1,1,1,1
0,0,0,1,0,0,0,0,3,1,0,0,1,1,1,1,1,1
0,0,0,0,0,1,0,0,3,1,0,0,1,1,1,1,1,1
0,0,0,0,0,0,0,1,3,1,0,1,1,1,1,1,1,1
0,0,1,0,0,0,0,0,1,0,0,0,1,1,1,1,1,1
0,0,0,0,0,0,1,0,4,1,0,0,1,1,1,1,1,1
0,0,0,0,0,1,0,0,1,0,0,0,1,1,1,1,1,1
0,0,0,0,0,1,0,0,3,1,0,0,1,1,1,1,1,1
0,0,0,0,0,1,0,0,3,1,0,0,1,1,1,1,1,1
0,0,0,0,0,0,1,0,1,0,0,0,1,1,1,1,1,1
0,0,0,0,0,1,0,0,4,1,0,0,1,1,1,1,1,1
0,0,0,0,0,1,0,0,3,1,0,0,1,1,1,1,1,1
0,0,0,0,0,1,0,0,3,1,0,0,1,1,1,1,1,1
0,0,0,0,0,1,0,0,2,1,0,0,1,1,1,1,1,1
0,1,0,0,0,0,0,0,2,1,0,0,1,1,1,1,1,1
0,0,0,0,0,1,0,0,3,1,0,0,1,1,1,1,1,1
0,0,0,1,0,0,0,0,3,1,0,0,1,1,1,1,1,1
1,0,0,0,0,0,0,0,1,0,0,0,1,1,1,1,1,1
1,0,0,0,0,0,0,0,1,0,0,0,1,1,1,1,1,1
1,0,0,0,0,0,0,0,1,0,0,0,1,1,1,1,1,1
0,0,0,0,0,0,0,1,4,1,0,1,1,1,1,1,1,1
0,0,0,0,0,1,0,0,1,0,0,0,1,1,1,1,1,1
0,0,0,0,0,0,1,0,1,0,0,0,1,1,1,1,1,1
0,0,0,0,0,0,1,0,1,0,0,0,1,1,1,1,1,1
1,0,0,0,0,0,0,0,1,0,0,0,1,1,1,1,1,1
0,0,1,0,0,0,0,0,2,1,0,0,1,1,1,1,1,1
0,0,0,0,0,1,0,0,1,0,0,0,1,1,1,0,1,1
1,0,0,0,0,0,0,0,1,0,0,0,1,1,1,1,1,1
1,0,0,0,0,0,0,0,1,0,0,0,1,1,1,1,1,1
0,0,0,0,0,0,0,1,3,1,0,1,1,1,1,1,1,1
1,0,0,0,0,0,0,0,1,0,0,0,1,1,1,1,1,1
0,0,1,0,0,0,0,0,1,0,0,0,1,1,1,1,1,1
1,0,0,0,0,0,0,0,1,0,0,0,1,1,1,1,1,1
0,0,0,0,0,1,0,0,4,1,0,0,1,1,1,1,1,1
0,0,0,0,0,1,0,0,1,0,0,0,1,1,1,1,1,1
0,0,0,0,0,1,0,0,1,0,0,0,1,1,1,1,1,1
0,0,0,0,0,0,1,0,2,1,0,0,1,1,1,1,1,1
1,0,0,0,0,0,0,0,1,0,0,0,1,1,1,1,1,1
0,0,0,0,1,0,0,0,4,1,0,0,1,1,1,1,1,1
1,0,0,0,0,0,0,0,1,0,0,0,1,1,1,1,1,1
0,1,0,0,0,0,0,0,3,1,0,0,1,1,1,1,1,1
0,0,0,0,0,0,1,0,1,0,0,0,1,1,1,1,1,1
0,0,0,0,0,1,0,0,4,1,0,0,1,1,1,1,1,1
0,0,0,0,0,0,1,0,3,1,0,0,1,1,1,1,1,1
1,0,0,0,0,0,0,0,1,0,0,0,1,1,1,1,1,1
0,0,0,0,0,0,0,1,4,1,0,1,1,1,1,1,1,1
0,1,0,0,0,0,0,0,2,1,0,0,1,1,1,1,1,1
1,0,0,0,0,0,0,0,1,0,0,0,1,1,1,1,1,1
0,0,1,0,0,0,0,0,1,0,0,0,1,1,1,1,1,1
0,0,1,0,0,0,0,0,1,0,0,0,1,1,1,1,1,1
1,0,0,0,0,0,0,0,2,1,0,0,1,1,1,1,1,1
0,0,1,0,0,0,0,0,1,0,0,0,1,1,1,1,1,1
1,0,0,0,0,0,0,0,1,0,0,0,1,1,1,1,1,1
0,0,1,0,0,0,0,0,2,1,0,0,1,1,1,1,1,1
0,0,1,0,0,0,0,0,1,0,0,0,1,1,1,1,1,1
1,0,0,0,0,0,0,0,1,0,0,0,1,1,1,1,1,1
0,0,1,0,0,0,0,0,2,1,0,0,1,1,1,1,1,1
0,0,0,0,0,1,0,0,1,0,0,0,1,1,1,1,1,1
0,0,0,0,0,0,0,1,2,1,0,1,1,1,1,1,1,1
1,0,0,0,0,0,0,0,1,0,0,0,1,1,1,1,1,1
0,0,1,0,0,0,0,0,1,0,0,0,1,1,1,1,1,1
0,0,1,0,0,0,0,0,2,1,0,0,1,1,1,1,1,1
0,1,0,0,0,0,0,0,2,1,0,0,1,1,1,1,1,1
0,0,1,0,0,0,0,0,1,0,0,0,1,1,1,1,1,1
0,0,1,0,0,0,0,0,1,0,0,0,1,1,1,1,1,1
0,0,0,0,0,0,0,1,2,1,0,1,1,1,1,1,1,1
0,0,1,0,0,0,0,0,1,0,0,0,1,1,1,1,1,1
1,0,0,0,0,0,0,0,2,1,0,0,1,1,1,1,1,1
1,0,0,0,0,0,0,0,1,0,0,0,1,1,1,1,1,1
0,0,1,0,0,0,0,0,1,0,0,0,1,1,1,1,1,1
0,0,1,0,0,0,0,0,1,0,0,0,1,1,1,1,1,1
0,1,0,0,0,0,0,0,2,1,0,0,1,1,1,1,1,1
0,0,1,0,0,0,0,0,1,0,0,0,1,1,1,1,1,1
1,0,0,0,0,0,0,0,1,0,0,0,1,1,1,1,1,1
0,0,1,0,0,0,0,0,1,0,0,0,1,1,1,1,1,1
0,0,1,0,0,0,0,0,1,0,0,0,1,1,1,1,1,1
0,0,1,0,0,0,0,0,3,1,0,0,1,1,1,1,1,1
0,0,1,0,0,0,0,0,1,0,0,0,1,1,1,1,1,1
0,0,1,0,0,0,0,0,1,0,0,0,1,1,1,1,1,1
0,0,0,0,0,1,0,0,7,1,1,0,1,1,1,1,1,1
0,0,1,0,0,0,0,0,1,0,0,0,1,1,1,1,1,1
1,0,0,0,0,0,0,0,1,0,0,0,1,1,1,1,1,1
1,0,0,0,0,0,0,0,1,0,0,0,1,1,1,1,1,1
1,0,0,0,0,0,0,0,1,0,0,0,1,1,1,1,1,1
1,0,0,0,0,0,0,0,1,0,0,0,1,1,1,1,1,1
1,0,0,0,0,0,0,0,1,0,0,0,1,1,1,1,1,1
0,0,1,0,0,0,0,0,1,0,0,0,1,1,1,1,1,1
0,1,0,0,0,0,0,0,3,1,0,0,1,1,1,1,1,1
0,1,0,0,0,0,0,0,3,1,0,0,1,1,1,1,1,1
1,0,0,0,0,0,0,0,2,1,0,0,1,1,1,1,1,1
1,0,0,0,0,0,0,0,1,0,0,0,1,1,1,1,1,1
0,0,0,0,0,0,0,1,4,1,0,1,1,1,1,1,1,1
0,0,0,0,0,0,0,1,3,1,0,1,1,1,1,1,1,1
0,0,0,0,0,0,1,0,1,0,0,0,1,1,1,1,1,1
0,0,0,0,0,0,0,1,2,1,0,1,1,1,1,1,1,1
0,0,0,0,0,0,0,1,4,1,0,1,1,1,1,1,1,1
0,0,0,0,0,0,0,1,2,1,0,1,1,1,1,1,1,1
0,1,0,0,0,0,0,0,2,1,0,0,1,1,1,1,1,1
0,0,0,0,0,0,1,0,1,0,0,0,1,1,1,1,1,1
1,0,0,0,0,0,0,0,1,0,0,0,1,1,1,1,1,1
0,0,0,0,0,0,0,1,3,1,0,1,1,1,1,1,1,1
0,0,1,0,0,0,0,0,1,0,0,0,1,1,1,1,1,1
0,0,1,0,0,0,0,0,1,0,0,0,1,1,1,1,1,1
0,1,0,0,0,0,0,0,2,1,0,0,1,1,1,1,1,1
0,1,0,0,0,0,0,0,4,1,0,0,1,1,1,1,1,1
0,1,0,0,0,0,0,0,2,1,0,0,1,1,1,1,1,1
0,1,0,0,0,0,0,0,2,1,0,0,1,1,1,1,1,1
1,0,0,0,0,0,0,0,1,0,0,0,1,1,1,1,1,1
0,0,0,0,0,0,0,1,3,1,0,1,1,1,1,1,1,1
0,0,1,0,0,0,0,0,1,0,0,0,1,1,1,1,1,1
0,0,0,0,0,0,1,0,3,1,0,0,1,1,1,1,1,1
0,0,0,0,0,0,0,1,3,1,0,1,1,1,1,1,1,1
0,1,0,0,0,0,0,0,2,1,0,0,1,1,1,1,1,1
0,0,0,0,0,0,0,1,2,1,0,1,1,1,1,1,1,1
0,0,1,0,0,0,0,0,1,0,0,0,1,1,1,1,1,1
1,0,0,0,0,0,0,0,1,0,0,0,1,1,1,1,1,1
0,1,0,0,0,0,0,0,2,1,0,0,1,1,1,1,1,1
1,0,0,0,0,0,0,0,2,1,0,0,1,1,1,1,1,1
0,0,1,0,0,0,0,0,1,0,0,0,1,1,1,1,1,1
0,0,1,0,0,0,0,0,1,0,0,0,1,1,1,1,1,1
0,0,0,0,0,0,0,1,2,1,0,1,1,1,1,1,1,1
0,0,1,0,0,0,0,0,1,0,0,0,1,1,1,1,1,1
0,1,0,0,0,0,0,0,2,1,0,0,1,1,1,1,1,1
0,0,1,0,0,0,0,0,1,0,0,0,1,1,1,1,1,1
0,1,0,0,0,0,0,0,2,1,0,0,1,1,1,1,1,1
1,0,0,0,0,0,0,0,2,1,0,0,1,1,1,1,1,1
0,0,0,0,0,0,0,1,4,1,0,1,1,1,1,1,1,1
0,0,0,0,0,0,1,0,3,1,0,0,1,1,1,1,1,1
0,0,0,0,0,0,1,0,1,0,0,0,1,1,1,1,1,1
1,0,0,0,0,0,0,0,1,0,0,0,1,1,1,1,1,1
0,1,0,0,0,0,0,0,2,1,0,0,1,1,1,1,1,1
0,0,0,0,0,0,0,1,2,1,0,1,1,1,1,1,1,1
0,0,0,0,0,0,1,0,1,0,0,0,1,1,1,1,1,1
0,0,0,0,0,0,1,0,5,1,0,0,1,1,1,1,1,1
0,0,1,0,0,0,0,0,1,0,0,0,1,1,1,1,1,1
0,0,1,0,0,0,0,0,1,0,0,0,1,1,1,1,1,1
1,0,0,0,0,0,0,0,1,0,0,0,1,1,1,1,1,1
0,0,0,0,0,0,0,1,3,1,0,1,1,1,1,1,1,1
1,0,0,0,0,0,0,0,1,0,0,0,1,1,1,1,1,1
1,0,0,0,0,0,0,0,2,1,0,0,1,1,1,1,1,1
0,0,0,0,0,0,0,1,3,1,0,1,1,1,1,1,1,1
0,0,1,0,0,0,0,0,1,0,0,0,1,1,1,1,1,1
1,0,0,0,0,0,0,0,1,0,0,0,1,1,1,1,1,1
0,0,0,0,0,0,0,1,2,1,0,1,1,1,1,1,1,1
0,0,1,0,0,0,0,0,1,0,0,0,1,1,1,1,1,1
1,0,0,0,0,0,0,0,1,0,0,0,1,1,1,1,1,1
0,0,0,0,0,1,0,0,7,1,0,0,1,1,1,1,1,1
0,0,1,0,0,0,0,0,1,0,0,0,1,1,1,1,1,1
1,0,0,0,0,0,0,0,1,0,0,0,1,1,1,1,1,1
0,0,0,0,0,0,1,0,1,0,0,0,1,1,1,1,1,1
0,0,1,0,0,0,0,0,1,0,0,0,1,1,1,1,1,1
0,0,0,0,0,1,0,0,1,0,0,0,1,1,1,1,1,1
0,0,0,0,0,0,1,0,1,0,0,0,1,1,1,1,1,1
0,0,1,0,0,0,0,0,1,0,0,0,1,1,1,1,1,1
0,0,1,0,0,0,0,0,2,1,0,0,1,1,1,1,1,1
0,0,1,0,0,0,0,0,1,0,0,0,1,1,1,1,1,1
0,0,0,0,0,0,1,0,1,0,0,0,1,1,1,1,1,1
0,0,0,0,0,0,0,1,2,1,0,1,1,1,1,1,1,1
0,0,0,0,0,0,1,0,2,1,0,0,1,1,1,1,1,1
0,0,0,0,0,0,0,1,11,1,0,1,1,1,1,1,1,1
1,0,0,0,0,0,0,0,1,0,0,0,1,1,1,1,1,1
0,0,0,0,0,0,1,0,1,0,0,0,1,1,1,1,1,1
1,0,0,0,0,0,0,0,3,1,0,0,1,1,1,1,1,1
0,0,0,0,0,0,0,1,3,1,0,1,1,1,1,1,1,1
0,0,0,0,0,0,1,0,2,1,0,0,1,1,1,1,1,1
0,0,0,0,0,0,1,0,1,0,0,0,1,1,1,1,1,1
0,0,0,0,0,0,0,1,2,1,0,1,1,1,1,1,1,1
0,0,0,0,0,0,0,1,2,1,0,1,1,1,1,1,1,1
1,0,0,0,0,0,0,0,1,0,0,0,1,1,1,1,1,1
1,0,0,0,0,0,0,0,1,0,0,0,1,1,1,1,1,1
0,0,0,0,0,0,1,0,5,1,0,0,1,1,1,1,1,1
0,0,0,0,0,0,0,1,3,1,0,1,1,1,1,1,1,1
0,0,0,0,0,0,1,0,1,0,0,0,1,1,1,1,1,1
0,0,0,0,0,0,1,0,2,1,0,0,1,1,1,1,1,1
0,0,0,0,0,0,0,1,3,1,0,1,1,1,1,1,1,1
0,0,0,0,0,0,0,1,4,1,0,1,1,1,1,1,1,1
0,0,1,0,0,0,0,0,1,0,0,0,1,1,1,1,1,1
0,0,1,0,0,0,0,0,1,0,0,0,1,1,1,1,1,1
0,0,1,0,0,0,0,0,2,1,0,0,1,1,1,1,1,1
0,0,1,0,0,0,0,0,1,0,0,0,1,1,1,1,1,1
0,0,0,0,0,0,0,1,2,1,0,1,1,1,1,1,1,1
1,0,0,0,0,0,0,0,1,0,0,0,1,1,1,1,1,1
0,0,0,0,0,0,0,1,5,1,0,1,1,1,1,1,1,1
0,0,1,0,0,0,0,0,1,0,0,0,1,1,1,1,1,1
0,0,0,0,0,0,0,1,2,1,0,1,1,1,1,1,1,1
0,0,0,0,0,0,1,0,2,1,0,0,1,1,1,1,1,1
0,0,1,0,0,0,0,0,1,0,0,0,1,1,1,1,1,1
0,0,0,0,0,0,1,0,2,1,0,0,1,1,1,1,1,1
1,0,0,0,0,0,0,0,1,0,0,0,1,1,1,1,1,1
1,0,0,0,0,0,0,0,1,0,0,0,1,1,1,1,1,1
0,0,0,0,0,0,1,0,2,1,0,0,1,1,1,1,1,1
1,0,0,0,0,0,0,0,2,1,0,0,1,1,1,1,1,1
0,1,0,0,0,0,0,0,3,1,0,0,1,1,1,1,1,1
0,0,1,0,0,0,0,0,1,0,0,0,1,1,1,1,1,1
0,0,0,0,0,0,0,1,2,1,0,1,1,1,1,1,1,1
0,0,0,0,0,0,1,0,1,0,0,0,1,1,1,1,1,1
1,0,0,0,0,0,0,0,2,1,0,0,1,1,1,1,1,1
0,0,0,0,0,0,0,1,3,1,0,1,1,1,1,1,1,1
0,0,0,0,0,0,1,0,1,0,0,0,1,1,1,1,1,1
0,0,0,0,0,0,0,1,3,1,0,1,1,1,1,1,1,1
0,0,0,0,0,0,1,0,4,1,0,0,1,1,1,1,1,1
1,0,0,0,0,0,0,0,2,1,0,0,1,1,1,1,1,1
0,1,0,0,0,0,0,0,3,1,0,0,1,1,1,1,1,1
1,0,0,0,0,0,0,0,1,0,0,0,1,1,1,0,1,1
1,0,0,0,0,0,0,0,1,0,0,0,1,1,1,1,1,1
0,0,0,0,0,0,1,0,1,0,0,0,1,1,1,1,1,1
1,0,0,0,0,0,0,0,1,0,0,0,1,1,1,1,1,1
0,0,0,0,0,0,0,1,3,1,0,1,1,1,1,1,1,1
1,0,0,0,0,0,0,0,1,0,0,0,1,1,1,1,1,1
0,0,1,0,0,0,0,0,1,0,0,0,1,1,1,1,1,1
1,0,0,0,0,0,0,0,1,0,0,0,1,1,1,1,1,1
0,1,0,0,0,0,0,0,2,1,0,0,1,1,1,1,1,1
0,0,0,0,0,0,1,0,1,0,0,0,1,1,1,1,1,1
1,0,0,0,0,0,0,0,1,0,0,0,1,1,1,1,1,1
1,0,0,0,0,0,0,0,1,0,0,0,1,1,1,1,1,1
0,0,0,0,0,1,0,0,3,1,0,0,1,1,1,1,1,1
1,0,0,0,0,0,0,0,1,0,0,0,1,1,1,1,1,1
0,0,0,0,0,1,0,0,1,0,0,0,1,1,1,1,1,1
0,0,0,0,0,0,1,0,1,0,0,0,1,1,1,1,1,1
0,0,0,0,0,1,0,0,3,1,0,0,1,1,1,1,1,1
1,0,0,0,0,0,0,0,1,0,0,0,1,1,1,1,1,1
0,0,0,0,0,1,0,0,1,0,0,0,1,1,1,1,1,1
0,1,0,0,0,0,0,0,3,1,0,0,1,1,1,1,1,1
1,0,0,0,0,0,0,0,2,1,0,0,1,1,1,1,1,1
0,0,0,0,1,0,0,0,2,1,0,0,1,1,1,1,1,1
0,0,0,0,0,1,0,0,2,1,0,0,1,1,1,1,1,1
0,0,0,0,0,0,0,1,5,1,0,1,1,1,1,1,1,1
0,0,1,0,0,0,0,0,1,0,0,0,1,1,1,1,1,1
0,0,0,0,0,0,1,0,1,0,0,0,1,1,1,1,1,1
0,1,0,0,0,0,0,0,2,1,0,0,1,1,1,1,1,1
0,0,0,0,0,0,1,0,1,0,0,0,1,1,1,1,1,1
0,0,0,0,0,0,1,0,2,1,0,0,1,1,1,1,1,1
1,0,0,0,0,0,0,0,1,0,0,0,1,1,1,1,1,1
1,0,0,0,0,0,0,0,1,0,0,0,1,1,1,1,1,1
0,0,0,0,0,0,1,0,1,0,0,0,1,1,1,1,1,1
0,1,0,0,0,0,0,0,2,1,0,0,1,1,1,1,1,1
0,0,1,0,0,0,0,0,1,0,0,0,1,1,1,1,1,1
0,0,0,0,0,0,0,1,6,1,0,1,1,1,1,1,1,1
1,0,0,0,0,0,0,0,1,0,0,0,1,1,1,1,1,1
1,0,0,0,0,0,0,0,1,0,0,0,1,1,1,1,1,1
0,0,0,0,0,1,0,0,1,0,0,0,1,1,1,1,1,1
1,0,0,0,0,0,0,0,1,0,0,0,1,1,1,1,1,1
1,0,0,0,0,0,0,0,3,1,0,0,1,1,1,1,1,1
1,0,0,0,0,0,0,0,2,1,0,0,1,1,1,1,1,1
0,0,1,0,0,0,0,0,1,0,0,0,1,1,1,1,1,1
0,1,0,0,0,0,0,0,2,1,0,0,1,1,1,1,1,1
1,0,0,0,0,0,0,0,1,0,0,0,1,1,1,1,1,1
0,0,0,0,0,1,0,0,1,0,0,0,1,1,1,1,1,1
1,0,0,0,0,0,0,0,1,0,0,0,1,1,1,1,1,1
0,0,0,1,0,0,0,0,4,1,0,0,1,1,1,1,1,1
0,0,1,0,0,0,0,0,2,1,0,0,1,1,1,1,1,1
0,0,1,0,0,0,0,0,2,1,0,0,1,1,1,1,1,1
0,0,0,0,0,0,0,1,2,1,0,1,1,1,1,1,1,1
1,0,0,0,0,0,0,0,4,1,0,0,1,1,1,1,1,1
1,0,0,0,0,0,0,0,1,0,0,0,1,1,1,1,1,1
0,0,1,0,0,0,0,0,1,0,0,0,1,1,1,1,1,1
0,0,0,0,0,0,1,0,1,0,0,0,1,1,1,1,1,1
0,0,1,0,0,0,0,0,1,0,0,0,1,1,1,1,1,1
0,0,0,0,0,0,1,0,2,1,0,0,1,1,1,1,1,1
0,0,0,0,0,0,1,0,2,1,0,0,1,1,1,1,1,1
0,0,0,0,0,0,1,0,2,1,0,0,1,1,1,1,1,1
0,0,0,0,0,0,1,0,1,0,0,0,1,1,1,1,1,1
0,0,1,0,0,0,0,0,1,0,0,0,1,1,1,0,1,1
0,0,1,0,0,0,0,0,1,0,0,0,1,1,1,1,1,1
0,0,1,0,0,0,0,0,1,0,0,0,1,1,1,1,1,1
0,1,0,0,0,0,0,0,3,1,0,0,1,1,1,1,1,1
0,0,1,0,0,0,0,0,1,0,0,0,1,1,1,1,1,1
0,0,0,0,0,0,1,0,1,0,0,0,1,1,1,1,1,1
0,1,0,0,0,0,0,0,2,1,0,0,1,1,1,1,1,1
1,0,0,0,0,0,0,0,7,1,0,0,1,1,1,1,1,1
0,0,0,0,0,0,0,1,3,1,0,1,1,1,1,1,1,1
0,0,0,0,0,1,0,0,1,0,0,0,1,1,1,1,1,1
0,0,0,0,1,0,0,0,2,1,0,0,1,1,1,1,1,1
0,0,0,0,0,0,0,1,3,1,0,1,1,1,1,1,1,1
0,0,0,0,1,0,0,0,4,1,0,0,1,1,1,1,1,1
0,0,0,0,0,0,1,0,8,1,1,0,1,1,1,1,1,1
0,0,0,1,0,0,0,0,4,1,0,0,1,1,1,1,1,1
1,0,0,0,0,0,0,0,1,0,0,0,1,1,1,1,1,1
1,0,0,0,0,0,0,0,1,0,0,0,1,1,1,1,1,1
0,0,0,0,0,0,0,1,5,1,0,1,1,1,1,1,1,1
0,0,0,0,0,0,0,1,2,1,0,1,1,1,1,1,1,1
0,0,0,0,0,0,1,0,3,1,0,0,1,1,1,1,1,1
0,0,0,0,0,0,0,1,7,1,0,1,1,1,1,1,1,1
0,0,0,0,0,0,0,1,2,1,0,1,1,1,1,1,1,1
0,0,0,0,0,0,0,1,6,1,0,1,1,1,1,1,1,1
0,0,0,0,0,0,0,1,4,1,0,1,1,1,1,1,1,1
0,0,0,0,0,0,0,1,3,1,0,1,1,1,1,1,1,1
0,0,0,0,0,0,1,0,2,1,0,0,1,1,1,1,1,1
0,1,0,0,0,0,0,0,2,1,0,0,1,1,1,1,1,1
1,0,0,0,0,0,0,0,2,1,0,0,1,1,1,1,1,1
1,0,0,0,0,0,0,0,1,0,0,0,1,1,1,1,1,1
1,0,0,0,0,0,0,0,1,0,0,0,1,1,1,1,1,1
0,0,0,0,0,1,0,0,2,1,0,0,1,1,1,1,1,1
0,0,0,0,1,0,0,0,3,1,0,0,1,1,1,1,1,1
0,0,0,0,0,1,0,0,1,0,0,0,1,1,1,1,1,1
0,0,0,0,0,1,0,0,1,0,0,0,1,1,1,1,1,1
0,0,0,0,0,1,0,0,1,0,0,0,1,1,1,1,1,1
0,0,0,0,0,1,0,0,3,1,0,0,1,1,1,1,1,1
0,0,0,0,0,1,0,0,3,1,0,0,1,1,1,1,1,1
0,0,0,0,0,1,0,0,1,0,0,0,1,1,1,1,1,1
0,0,0,0,0,1,0,0,1,0,0,0,1,1,1,1,1,1
0,0,0,0,0,1,0,0,1,0,0,0,1,1,1,1,1,1
0,0,0,0,0,1,0,0,3,1,0,0,1,1,1,1,1,1
0,0,0,0,0,1,0,0,2,1,0,0,1,1,1,1,1,1
0,0,0,0,0,1,0,0,3,1,0,0,1,1,1,1,1,1
0,0,0,0,0,1,0,0,2,1,0,0,1,1,1,1,1,1
0,0,0,0,0,1,0,0,4,1,0,0,1,1,1,1,1,1
0,0,0,0,0,0,0,1,5,1,0,1,1,1,1,1,1,1
0,0,0,0,0,1,0,0,3,1,0,0,1,1,1,1,1,1
0,0,0,0,0,1,0,0,1,0,0,0,1,1,1,1,1,1
0,0,0,0,0,1,0,0,1,0,0,0,1,1,1,1,1,1
0,0,0,0,0,1,0,0,2,1,0,0,1,1,1,1,1,1
0,0,0,0,0,1,0,0,3,1,0,0,1,1,1,1,1,1
0,0,0,0,0,1,0,0,2,1,0,0,1,1,1,1,1,1
0,0,0,0,0,0,0,1,3,1,0,1,1,1,1,1,1,1
0,0,0,0,0,1,0,0,2,1,0,0,1,1,1,1,1,1
0,0,0,0,1,0,0,0,5,1,0,0,1,1,1,1,1,1
0,0,0,0,0,1,0,0,2,1,0,0,1,1,1,1,1,1
0,0,0,0,0,1,0,0,2,1,0,0,1,1,1,1,1,1
0,0,0,0,0,1,0,0,2,1,0,0,1,1,1,1,1,1
0,0,0,0,0,1,0,0,2,1,0,0,1,1,1,1,1,1
0,0,0,0,0,1,0,0,1,0,0,0,1,1,1,1,1,1
0,0,0,0,0,1,0,0,1,0,0,0,1,1,1,1,1,1
0,0,0,0,0,1,0,0,2,1,0,0,1,1,1,1,1,1
0,0,0,0,0,1,0,0,2,1,0,0,1,1,1,1,1,1
0,0,0,0,0,1,0,0,2,1,0,0,1,1,1,1,1,1
0,0,0,0,0,1,0,0,1,0,0,0,1,1,1,1,1,1
0,0,0,0,0,1,0,0,1,0,0,0,1,1,1,1,1,1
0,0,0,0,0,0,0,1,3,1,0,1,1,1,1,1,1,1
1,0,0,0,0,0,0,0,1,0,0,0,1,1,1,1,1,1
0,0,0,0,0,0,0,1,4,1,0,1,1,1,1,1,1,1
0,0,1,0,0,0,0,0,1,0,0,0,1,1,1,1,1,1
1,0,0,0,0,0,0,0,1,0,0,0,1,1,1,1,1,1
1,0,0,0,0,0,0,0,1,0,0,0,1,1,1,1,1,1
0,0,0,0,0,0,1,0,2,1,0,0,1,1,1,1,1,1
0,0,0,0,0,0,1,0,2,1,0,0,1,1,1,1,1,1
1,0,0,0,0,0,0,0,1,0,0,0,1,1,1,1,1,1
1,0,0,0,0,0,0,0,2,1,0,0,1,1,1,1,1,1
0,0,1,0,0,0,0,0,1,0,0,0,1,1,1,1,1,1
0,0,0,0,0,1,0,0,2,1,0,0,1,1,1,1,1,1
0,1,0,0,0,0,0,0,2,1,0,0,1,1,1,1,1,1
1,0,0,0,0,0,0,0,1,0,0,0,1,1,1,1,1,1
0,0,0,0,0,0,0,1,2,1,0,1,1,1,1,1,1,1
0,0,0,0,0,0,0,1,4,1,0,1,1,1,1,1,1,1
0,0,0,0,0,0,1,0,1,0,0,0,1,1,1,1,1,1
0,0,1,0,0,0,0,0,1,0,0,0,1,1,1,1,1,1
1,0,0,0,0,0,0,0,1,0,0,0,1,1,1,1,1,1
0,0,0,0,0,1,0,0,2,1,0,0,1,1,1,1,1,1
1,0,0,0,0,0,0,0,1,0,0,0,1,1,1,1,1,1
0,0,0,0,0,1,0,0,1,0,0,0,1,1,1,1,1,1
0,0,0,0,0,1,0,0,1,0,0,0,1,1,1,1,1,1
0,0,0,0,0,1,0,0,1,0,0,0,1,1,1,1,1,1
1,0,0,0,0,0,0,0,1,0,0,0,1,1,1,1,1,1
0,0,0,0,0,0,0,1,2,1,0,1,1,1,1,1,1,1
0,0,1,0,0,0,0,0,1,0,0,0,1,1,1,1,1,1
1,0,0,0,0,0,0,0,3,1,0,0,1,1,1,1,1,1
1,0,0,0,0,0,0,0,1,0,0,0,1,1,1,1,1,1
0,0,0,0,0,0,1,0,1,0,0,0,1,1,1,1,1,1
1,0,0,0,0,0,0,0,1,0,0,0,1,1,1,1,1,1
0,0,0,0,0,0,1,0,1,0,0,0,1,1,1,1,1,1
1,0,0,0,0,0,0,0,1,0,0,0,1,1,1,1,1,1
0,1,0,0,0,0,0,0,2,1,0,0,1,1,1,1,1,1
0,0,1,0,0,0,0,0,1,0,0,0,1,1,1,1,1,1
0,0,0,0,0,0,1,0,2,1,0,0,1,1,1,1,1,1
0,0,0,0,0,0,0,1,2,1,0,1,1,1,1,1,1,1
0,0,0,0,0,0,0,1,4,1,0,1,1,1,1,1,1,1
0,0,0,0,0,0,1,0,1,0,0,0,1,1,1,1,1,1
1,0,0,0,0,0,0,0,1,0,0,0,1,1,1,1,1,1
0,0,1,0,0,0,0,0,1,0,0,0,1,1,1,1,1,1
1,0,0,0,0,0,0,0,1,0,0,0,1,1,1,1,1,1
0,0,0,0,0,0,1,0,1,0,0,0,1,1,1,1,1,1
1,0,0,0,0,0,0,0,2,1,0,0,1,1,1,1,1,1
0,0,0,0,0,1,0,0,2,1,0,0,1,1,1,1,1,1
0,0,0,0,0,0,1,0,1,0,0,0,1,1,1,1,1,1
0,0,1,0,0,0,0,0,1,0,0,0,1,1,1,1,1,1
0,0,0,0,0,1,0,0,1,0,0,0,1,1,1,1,1,1
0,0,0,0,0,1,0,0,1,0,0,0,1,1,1,1,1,1
0,0,0,0,0,0,1,0,3,1,0,0,1,1,1,1,1,1
1,0,0,0,0,0,0,0,1,0,0,0,1,1,1,1,1,1
1,0,0,0,0,0,0,0,1,0,0,0,1,1,1,1,1,1
0,0,1,0,0,0,0,0,1,0,0,0,1,1,1,1,1,1
1,0,0,0,0,0,0,0,1,0,0,0,1,1,1,1,1,1
0,0,0,0,0,0,1,0,1,0,0,0,1,1,1,1,1,1
0,0,0,0,0,0,0,1,3,1,0,1,1,1,1,1,1,1
1,0,0,0,0,0,0,0,1,0,0,0,1,1,1,1,1,1
0,0,0,0,0,0,1,0,1,0,0,0,1,1,1,1,1,1
1,0,0,0,0,0,0,0,1,0,0,0,1,1,1,1,1,1
1,0,0,0,0,0,0,0,1,0,0,0,1,1,1,1,1,1
0,0,0,0,0,0,0,1,2,1,0,1,1,1,1,1,1,1
0,0,0,0,0,0,1,0,1,0,0,0,1,1,1,1,1,1
0,0,0,0,0,1,0,0,1,0,0,0,1,1,1,1,1,1
0,0,0,0,0,1,0,0,1,0,0,0,1,1,1,1,1,1
0,0,0,0,0,1,0,0,5,1,0,0,1,1,1,1,1,1
0,0,1,0,0,0,0,0,1,0,0,0,1,1,1,1,1,1
1,0,0,0,0,0,0,0,1,0,0,0,1,1,1,1,1,1
0,0,1,0,0,0,0,0,1,0,0,0,1,1,1,1,1,1
0,0,0,0,0,0,0,1,3,1,0,1,1,1,1,1,1,1
0,0,0,0,0,0,1,0,2,1,0,0,1,1,1,1,1,1
0,0,1,0,0,0,0,0,1,0,0,0,1,1,1,1,1,1
0,0,1,0,0,0,0,0,1,0,0,0,1,1,1,1,1,1
0,0,0,0,0,1,0,0,2,1,0,0,1,1,1,1,1,1
0,0,0,0,0,1,0,0,3,1,0,0,1,1,1,1,1,1
1,0,0,0,0,0,0,0,2,1,0,0,1,1,1,1,1,1
0,0,0,0,0,0,1,0,3,1,0,0,1,1,1,1,1,1
0,0,0,0,0,0,1,0,2,1,0,0,1,1,1,1,1,1
0,0,0,0,0,0,1,0,1,0,0,0,1,1,1,1,1,1
0,1,0,0,0,0,0,0,5,1,0,0,1,1,1,1,1,1
0,0,0,0,0,1,0,0,1,0,0,0,1,1,1,1,1,1
0,1,0,0,0,0,0,0,2,1,0,0,1,1,1,1,1,1
0,0,0,0,0,0,1,0,1,0,0,0,1,1,1,1,1,1
1,0,0,0,0,0,0,0,2,1,0,0,1,1,1,1,1,1
0,0,0,0,0,0,1,0,1,0,0,0,1,1,1,1,1,1
1,0,0,0,0,0,0,0,1,0,0,0,1,1,1,1,1,1
0,0,0,0,0,0,1,0,1,0,0,0,1,1,1,1,1,1
1,0,0,0,0,0,0,0,1,0,0,0,1,1,1,1,1,1
1,0,0,0,0,0,0,0,1,0,0,0,1,1,1,1,1,1
0,0,0,0,0,0,1,0,1,0,0,0,1,1,1,1,1,1
1,0,0,0,0,0,0,0,1,0,0,0,1,1,1,1,1,1
1,0,0,0,0,0,0,0,3,1,0,0,1,1,1,1,1,1
0,0,0,0,0,0,1,0,1,0,0,0,1,1,1,1,1,1
1,0,0,0,0,0,0,0,1,0,0,0,1,1,1,1,1,1
1,0,0,0,0,0,0,0,1,0,0,0,1,1,1,1,1,1
1,0,0,0,0,0,0,0,1,0,0,0,1,1,1,1,1,1
0,0,0,0,0,0,1,0,1,0,0,0,1,1,1,1,1,1
1,0,0,0,0,0,0,0,1,0,0,0,1,1,1,1,1,1
1,0,0,0,0,0,0,0,1,0,0,0,1,1,1,1,1,1
0,0,0,0,0,1,0,0,1,0,0,0,1,1,1,1,1,1
1,0,0,0,0,0,0,0,1,0,0,0,1,1,1,1,1,1
0,0,0,0,0,0,0,1,2,1,0,1,1,1,1,1,1,1
1,0,0,0,0,0,0,0,1,0,0,0,1,1,1,1,1,1
1,0,0,0,0,0,0,0,1,0,0,0,1,1,1,1,1,1
0,1,0,0,0,0,0,0,2,1,0,0,1,1,1,1,1,1
1,0,0,0,0,0,0,0,1,0,0,0,1,1,1,1,1,1
1,0,0,0,0,0,0,0,1,0,0,0,1,1,1,1,1,1
0,0,0,0,0,0,0,1,3,1,0,1,1,1,1,1,1,1
1,0,0,0,0,0,0,0,1,0,0,0,1,1,1,0,1,1
0,0,1,0,0,0,0,0,1,0,0,0,1,1,1,1,1,1
1,0,0,0,0,0,0,0,1,0,0,0,1,1,1,1,1,1
1,0,0,0,0,0,0,0,1,0,0,0,1,1,1,1,1,1
0,0,0,0,0,0,0,1,2,1,0,1,1,1,1,1,1,1
1,0,0,0,0,0,0,0,2,1,0,0,1,1,1,1,1,1
0,0,0,0,0,0,1,0,1,0,0,0,1,1,1,1,1,1
0,0,0,0,0,0,0,1,4,1,0,1,1,1,1,1,1,1
0,0,0,0,0,0,1,0,1,0,0,0,1,1,1,1,1,1
0,0,0,0,0,0,1,0,1,0,0,0,1,1,1,1,1,1
0,0,0,0,0,1,0,0,1,0,0,0,1,1,1,1,1,1
1,0,0,0,0,0,0,0,1,0,0,0,1,1,1,1,1,1
1,0,0,0,0,0,0,0,1,0,0,0,1,1,1,1,1,1
1,0,0,0,0,0,0,0,1,0,0,0,1,1,1,1,1,1
0,0,0,0,0,0,0,1,2,1,0,1,1,1,1,1,1,1
1,0,0,0,0,0,0,0,2,1,0,0,1,1,1,1,1,1
0,0,0,0,0,0,0,1,3,1,0,1,1,1,1,1,1,1
1,0,0,0,0,0,0,0,1,0,0,0,1,1,1,1,1,1
0,0,0,0,0,0,1,0,2,1,0,0,1,1,1,1,1,1
0,0,0,0,0,0,0,1,3,1,0,1,1,1,1,1,1,1
0,0,0,0,0,0,1,0,4,1,0,0,1,1,1,1,1,1
1,0,0,0,0,0,0,0,1,0,0,0,1,1,1,1,1,1
0,0,0,0,0,0,1,0,2,1,0,0,1,1,1,1,1,1
0,0,0,0,0,0,0,1,2,1,0,1,1,1,1,1,1,1
0,0,0,0,0,0,1,0,3,1,0,0,1,1,1,1,1,1
0,1,0,0,0,0,0,0,2,1,0,0,1,1,1,1,1,1
0,0,0,0,0,0,1,0,1,0,0,0,1,1,1,1,1,1
0,0,0,0,0,0,1,0,4,1,0,0,1,1,1,1,1,1
1,0,0,0,0,0,0,0,1,0,0,0,1,1,1,1,1,1
0,0,0,0,0,0,1,0,1,0,0,0,1,1,1,1,1,1
0,0,0,0,0,0,1,0,1,0,0,0,1,1,1,1,1,1
1,0,0,0,0,0,0,0,1,0,0,0,1,1,1,1,1,1
0,0,0,0,0,0,1,0,3,1,0,0,1,1,1,1,1,1
0,0,0,0,0,0,0,1,3,1,0,1,1,1,1,1,1,1
0,0,0,0,0,0,1,0,1,0,0,0,1,1,1,1,1,1
0,0,0,0,0,1,0,0,1,0,0,0,1,1,1,1,1,1
1,0,0,0,0,0,0,0,1,0,0,0,1,1,1,1,1,1
0,0,1,0,0,0,0,0,1,0,0,0,1,1,1,1,1,1
0,0,0,0,0,0,1,0,1,0,0,0,1,1,1,1,1,1
0,1,0,0,0,0,0,0,2,1,0,0,1,1,1,1,1,1
1,0,0,0,0,0,0,0,2,1,0,0,1,1,1,1,1,1
0,0,0,0,0,0,0,1,2,1,0,1,1,1,1,1,1,1
0,0,0,0,0,0,1,0,1,0,0,0,1,1,1,1,1,1
0,0,0,0,0,0,1,0,1,0,0,0,1,1,1,1,1,1
0,0,1,0,0,0,0,0,1,0,0,0,1,1,1,1,1,1
0,0,0,0,0,0,1,0,3,1,0,0,1,1,1,1,1,1
1,0,0,0,0,0,0,0,1,0,0,0,1,1,1,1,1,1
1,0,0,0,0,0,0,0,1,0,0,0,1,1,1,0,1,1
0,0,0,0,0,0,1,0,1,0,0,0,1,1,1,1,1,1
0,0,1,0,0,0,0,0,2,1,0,0,1,1,1,1,1,1
0,0,0,0,0,1,0,0,2,1,0,0,1,1,1,1,1,1
0,0,0,0,0,0,0,1,5,1,0,1,1,1,1,1,1,1
1,0,0,0,0,0,0,0,1,0,0,0,1,1,1,1,1,1
1,0,0,0,0,0,0,0,2,1,0,0,1,1,1,1,1,1
1,0,0,0,0,0,0,0,2,1,0,0,1,1,1,1,1,1
0,0,0,0,0,1,0,0,3,1,0,0,1,1,1,1,1,1
0,0,0,0,0,0,0,1,3,1,0,1,1,1,1,1,1,1
0,0,0,0,0,1,0,0,3,1,0,0,1,1,1,1,1,1
0,0,0,0,0,1,0,0,1,0,0,0,1,1,1,1,1,1
0,0,0,0,0,0,1,0,1,0,0,0,1,1,1,1,1,1
0,0,0,0,0,0,0,1,2,1,0,1,1,1,1,1,1,1
0,1,0,0,0,0,0,0,2,1,0,0,1,1,1,1,1,1
1,0,0,0,0,0,0,0,1,0,0,0,1,1,1,1,1,1
0,0,1,0,0,0,0,0,3,1,0,0,1,1,1,1,1,1
1,0,0,0,0,0,0,0,1,0,0,0,1,1,1,1,1,1
0,1,0,0,0,0,0,0,3,1,0,0,1,1,1,1,1,1
0,0,0,0,0,1,0,0,2,1,0,0,1,1,1,1,1,1
0,0,0,0,0,0,1,0,3,1,0,0,1,1,1,1,1,1
0,0,0,0,0,0,0,1,2,1,0,1,1,1,1,1,1,1
0,0,0,0,0,0,1,0,1,0,0,0,1,1,1,1,1,1
0,0,0,0,0,0,1,0,3,1,0,0,1,1,1,1,1,1
1,0,0,0,0,0,0,0,1,0,0,0,1,1,1,1,1,1
1,0,0,0,0,0,0,0,1,0,0,0,1,1,1,1,1,1
0,0,1,0,0,0,0,0,1,0,0,0,1,1,1,1,1,1
1,0,0,0,0,0,0,0,1,0,0,0,1,1,1,1,1,1
1,0,0,0,0,0,0,0,3,1,0,0,1,1,1,1,1,1
0,0,0,0,0,0,1,0,1,0,0,0,1,1,1,1,1,1
0,0,0,0,0,1,0,0,2,1,0,0,1,1,1,1,1,1
0,0,0,0,0,0,1,0,1,0,0,0,1,1,1,1,1,1
0,0,0,0,0,0,1,0,1,0,0,0,1,1,1,1,1,1
0,0,0,0,0,1,0,0,2,1,0,0,1,1,1,1,1,1
0,0,1,0,0,0,0,0,1,0,0,0,1,1,1,1,1,1
0,0,0,0,0,0,1,0,5,1,0,0,1,1,1,1,1,1
0,0,0,0,0,0,0,1,3,1,0,1,1,1,1,1,1,1
0,0,1,0,0,0,0,0,1,0,0,0,1,1,1,1,1,1
0,0,0,0,0,0,0,1,2,1,0,1,1,1,1,1,1,1
0,0,0,0,0,0,0,1,6,1,0,1,1,1,1,1,1,1
0,0,0,0,0,1,0,0,2,1,0,0,1,1,1,1,1,1
1,0,0,0,0,0,0,0,1,0,0,0,1,1,0,0,1,1
0,0,0,0,0,0,0,1,3,1,0,1,1,1,1,1,1,1
0,0,0,0,0,1,0,0,1,0,0,0,1,1,1,1,1,1
0,0,0,0,0,0,1,0,3,1,0,0,1,1,1,1,1,1
0,0,0,0,0,0,0,1,4,1,0,1,1,1,1,1,1,1
0,0,0,0,0,0,1,0,1,0,0,0,1,1,1,1,1,1
0,0,1,0,0,0,0,0,1,0,0,0,1,1,1,1,1,1
0,0,0,0,0,0,1,0,6,1,0,0,1,1,1,1,1,1
0,0,0,0,0,0,1,0,1,0,0,0,1,1,1,1,1,1
0,0,0,0,0,0,1,0,1,0,0,0,1,1,1,1,1,1
0,0,0,0,0,1,0,0,2,1,0,0,1,1,1,1,1,1
0,0,0,0,0,0,0,1,5,1,0,1,1,1,1,1,1,1
1,0,0,0,0,0,0,0,1,0,0,0,1,1,1,1,1,1
0,0,1,0,0,0,0,0,1,0,0,0,1,1,1,1,1,1
0,0,1,0,0,0,0,0,1,0,0,0,1,1,1,1,1,1
0,0,1,0,0,0,0,0,1,0,0,0,1,1,1,1,1,1
0,0,0,0,0,0,1,0,1,0,0,0,1,1,1,1,1,1
0,1,0,0,0,0,0,0,2,1,0,0,1,1,1,1,1,1
0,0,0,0,0,0,1,0,2,1,0,0,1,1,1,1,1,1
0,0,1,0,0,0,0,0,1,0,0,0,1,1,1,1,1,1
1,0,0,0,0,0,0,0,1,0,0,0,1,1,1,1,1,1
1,0,0,0,0,0,0,0,1,0,0,0,1,1,1,1,1,1
0,0,0,0,0,0,0,1,2,1,0,1,1,1,1,1,1,1
1,0,0,0,0,0,0,0,1,0,0,0,1,1,1,1,1,1
0,0,0,0,0,0,1,0,2,1,0,0,1,1,1,1,1,1
1,0,0,0,0,0,0,0,1,0,0,0,1,1,1,1,1,1
1,0,0,0,0,0,0,0,1,0,0,0,1,1,1,1,1,1
0,0,0,0,0,0,0,1,2,1,0,1,1,1,1,1,1,1
0,0,0,0,0,0,1,0,2,1,0,0,1,1,1,1,1,1
1,0,0,0,0,0,0,0,1,0,0,0,1,1,1,1,1,1
0,0,1,0,0,0,0,0,2,1,0,0,1,1,1,1,1,1
0,0,0,0,0,0,1,0,1,0,0,0,1,1,1,1,1,1
1,0,0,0,0,0,0,0,1,0,0,0,1,1,1,1,1,1
0,0,1,0,0,0,0,0,1,0,0,0,1,1,1,1,1,1
0,0,0,0,0,0,1,0,2,1,0,0,1,1,1,1,1,1
1,0,0,0,0,0,0,0,1,0,0,0,1,1,1,1,1,1
1,0,0,0,0,0,0,0,1,0,0,0,1,1,1,1,1,1
0,0,0,0,0,0,0,1,3,1,0,1,1,1,1,1,1,1
1,0,0,0,0,0,0,0,1,0,0,0,1,1,1,1,1,1
1,0,0,0,0,0,0,0,1,0,0,0,1,1,1,1,1,1
0,0,1,0,0,0,0,0,3,1,1,0,1,1,1,1,1,1
0,0,0,0,0,0,1,0,1,0,0,0,1,1,1,1,1,1
1,0,0,0,0,0,0,0,1,0,0,0,1,1,1,1,1,1
0,0,0,0,0,0,1,0,4,1,0,0,1,1,1,1,1,1
1,0,0,0,0,0,0,0,1,0,0,0,1,1,1,1,1,1
0,0,1,0,0,0,0,0,1,0,0,0,1,1,1,1,1,1
1,0,0,0,0,0,0,0,1,0,0,0,1,1,1,1,1,1
1,0,0,0,0,0,0,0,1,0,0,0,1,1,1,1,1,1
0,0,0,0,0,0,1,0,1,0,0,0,1,1,1,1,1,1
1,0,0,0,0,0,0,0,2,1,0,0,1,1,1,1,1,1
0,0,0,0,0,0,1,0,1,0,0,0,1,1,1,1,1,1
1,0,0,0,0,0,0,0,1,0,0,0,1,1,1,1,1,1
0,0,0,0,0,0,1,0,4,1,0,0,1,1,1,1,1,1
1,0,0,0,0,0,0,0,1,0,0,0,1,1,1,1,1,1
0,0,0,0,0,1,0,0,1,0,0,0,1,1,1,1,1,1
0,0,0,0,0,0,1,0,2,1,0,0,1,1,1,1,1,1
0,0,0,0,0,0,1,0,2,1,0,0,1,1,1,1,1,1
1,0,0,0,0,0,0,0,1,0,0,0,1,1,1,1,1,1
1,0,0,0,0,0,0,0,1,0,0,0,1,1,1,1,1,1
1,0,0,0,0,0,0,0,1,0,0,0,1,1,1,1,1,1
1,0,0,0,0,0,0,0,1,0,0,0,1,1,1,1,1,1
1,0,0,0,0,0,0,0,2,1,0,0,1,1,1,1,1,1
1,0,0,0,0,0,0,0,1,0,0,0,1,1,1,1,1,1
0,0,0,0,0,0,1,0,1,0,0,0,1,1,1,1,1,1
1,0,0,0,0,0,0,0,1,0,0,0,1,1,1,1,1,1
0,0,0,0,0,0,1,0,3,1,0,0,1,1,1,1,1,1
0,0,0,0,0,0,1,0,2,1,0,0,1,1,1,1,1,1
0,0,1,0,0,0,0,0,1,0,0,0,1,1,1,1,1,1
0,0,0,0,0,0,1,0,2,1,0,0,1,1,1,1,1,1
0,0,0,0,0,1,0,0,1,0,0,0,1,1,1,1,1,1
1,0,0,0,0,0,0,0,1,0,0,0,1,1,1,1,1,1
1,0,0,0,0,0,0,0,2,1,0,0,1,1,1,1,1,1
0,0,0,0,0,0,0,1,2,1,0,1,1,1,1,1,1,1
0,0,0,0,0,0,1,0,1,0,0,0,1,1,1,1,1,1
1,0,0,0,0,0,0,0,1,0,0,0,1,1,1,1,1,1
0,0,0,0,0,0,1,0,1,0,0,0,1,1,1,1,1,1
0,0,1,0,0,0,0,0,1,0,0,0,1,1,1,1,1,1
0,0,0,0,0,0,1,0,1,0,0,0,1,1,1,1,1,1
0,0,0,0,0,0,0,1,3,1,0,1,1,1,1,1,1,1
0,0,0,0,0,0,1,0,1,0,0,0,1,1,1,1,1,1
0,0,0,0,0,0,1,0,1,0,0,0,1,1,1,1,1,1
1,0,0,0,0,0,0,0,1,0,0,0,1,1,1,1,1,1
0,0,0,0,0,0,1,0,2,1,0,0,1,1,1,1,1,1
0,0,0,0,0,0,1,0,1,0,0,0,1,1,1,1,1,1
1,0,0,0,0,0,0,0,1,0,0,0,1,1,1,1,1,1
0,0,1,0,0,0,0,0,1,0,0,0,1,1,1,1,1,1
0,0,0,0,0,0,0,1,2,1,0,1,1,1,1,1,1,1
0,0,0,0,0,0,1,0,3,1,0,0,1,1,1,1,1,1
0,0,0,0,0,1,0,0,1,0,0,0,1,1,1,1,1,1
1,0,0,0,0,0,0,0,1,0,0,0,1,1,1,0,1,1
0,1,0,0,0,0,0,0,3,1,0,0,1,1,1,1,1,1
1,0,0,0,0,0,0,0,1,0,0,0,1,1,1,1,1,1
1,0,0,0,0,0,0,0,1,0,0,0,1,1,1,1,1,1
1,0,0,0,0,0,0,0,1,0,0,0,1,1,1,1,1,1
1,0,0,0,0,0,0,0,1,0,0,0,1,1,1,1,1,1
0,0,0,0,0,0,0,1,3,1,0,1,1,1,1,1,1,1
0,0,0,0,0,0,0,1,5,1,0,1,1,1,1,1,1,1
0,0,0,0,0,1,0,0,2,1,0,0,1,1,1,1,1,1
0,0,0,1,0,0,0,0,1,0,0,0,1,1,1,1,1,1
0,0,0,0,0,1,0,0,2,1,0,0,1,1,1,1,1,1
0,0,0,1,0,0,0,0,1,0,0,0,1,1,1,1,1,1
0,0,0,1,0,0,0,0,1,0,0,0,1,1,1,1,1,1
0,0,0,1,0,0,0,0,1,0,0,0,1,1,1,1,1,1
0,0,0,1,0,0,0,0,1,0,0,0,1,1,1,1,1,1
0,0,0,0,0,1,0,0,2,1,0,0,1,1,1,1,1,1
0,0,0,1,0,0,0,0,1,0,0,0,1,1,1,1,1,1
0,0,0,1,0,0,0,0,1,0,0,0,1,1,1,1,1,1
0,0,0,1,0,0,0,0,2,1,0,0,1,1,1,1,1,1
0,0,0,1,0,0,0,0,3,1,0,0,1,1,1,1,1,1
0,0,0,1,0,0,0,0,2,1,0,0,1,1,1,1,1,1
0,0,0,1,0,0,0,0,1,0,0,0,1,1,1,1,1,1
0,0,0,1,0,0,0,0,1,0,0,0,1,1,1,1,1,1
0,0,0,1,0,0,0,0,1,0,0,0,1,1,1,1,1,1
0,0,0,1,0,0,0,0,2,1,0,0,1,1,1,1,1,1
0,0,0,1,0,0,0,0,3,1,0,0,1,1,1,1,1,1
0,0,0,0,0,1,0,0,1,0,0,0,1,1,1,1,1,1
0,0,0,1,0,0,0,0,1,0,0,0,1,1,1,1,1,1
0,0,0,1,0,0,0,0,1,0,0,0,1,1,1,1,1,1
0,0,0,1,0,0,0,0,2,1,0,0,1,1,1,1,1,1
0,0,0,1,0,0,0,0,1,0,0,0,1,1,1,1,1,1
0,0,0,1,0,0,0,0,1,0,0,0,1,1,1,1,1,1
0,0,0,1,0,0,0,0,1,0,0,0,1,1,1,1,1,1
0,0,0,1,0,0,0,0,1,0,0,0,1,1,1,1,1,1
0,0,0,0,0,1,0,0,2,1,0,0,1,1,1,1,1,1
0,0,0,1,0,0,0,0,1,0,0,0,1,1,1,1,1,1
0,0,0,1,0,0,0,0,3,1,0,0,1,1,1,1,1,1
0,0,0,1,0,0,0,0,1,0,0,0,1,1,1,1,1,1
0,0,0,1,0,0,0,0,3,1,0,0,1,1,1,1,1,1
0,0,0,0,0,1,0,0,1,0,0,0,1,1,1,1,1,1
0,0,0,1,0,0,0,0,1,0,0,0,1,1,1,1,1,1
0,0,0,0,0,1,0,0,2,1,0,0,1,1,1,1,1,1
0,0,0,1,0,0,0,0,1,0,0,0,1,1,1,1,1,1
0,0,0,1,0,0,0,0,2,1,0,0,1,1,1,1,1,1
0,0,0,1,0,0,0,0,1,0,0,0,1,1,1,1,1,1
0,0,0,1,0,0,0,0,3,1,0,0,1,1,1,1,1,1
0,0,0,1,0,0,0,0,2,1,0,0,1,1,1,1,1,1
0,0,0,1,0,0,0,0,2,1,0,0,1,1,1,1,1,1
0,0,0,1,0,0,0,0,1,0,0,0,1,1,1,1,1,1
0,0,0,1,0,0,0,0,2,1,0,0,1,1,1,1,1,1
0,0,0,1,0,0,0,0,1,0,0,0,1,1,1,1,1,1
0,0,0,1,0,0,0,0,1,0,0,0,1,1,1,1,1,1
0,0,0,1,0,0,0,0,3,1,0,0,1,1,1,1,1,1
0,0,0,1,0,0,0,0,1,0,0,0,1,1,1,1,1,1
0,0,0,1,0,0,0,0,3,1,0,0,1,1,1,1,1,1
0,0,0,0,0,1,0,0,1,0,0,0,1,1,1,1,1,1
0,0,0,1,0,0,0,0,1,0,0,0,1,1,1,1,1,1
0,0,0,1,0,0,0,0,1,0,0,0,1,1,1,1,1,1
0,0,0,0,0,1,0,0,1,0,0,0,1,1,1,1,1,1
0,0,0,1,0,0,0,0,1,0,0,0,1,1,1,1,1,1
0,0,0,1,0,0,0,0,1,0,0,0,1,1,1,1,1,1
0,0,0,1,0,0,0,0,1,0,0,0,1,1,1,1,1,1
0,0,0,1,0,0,0,0,1,0,0,0,1,1,1,1,1,1
0,0,0,0,0,1,0,0,1,0,0,0,1,1,1,1,1,1
0,0,0,1,0,0,0,0,3,1,0,0,1,1,1,1,1,1
0,0,0,1,0,0,0,0,1,0,0,0,1,1,1,1,1,1
0,0,0,1,0,0,0,0,2,1,0,0,1,1,1,1,1,1
0,0,0,1,0,0,0,0,3,1,0,0,1,1,1,1,1,1
0,0,0,0,0,1,0,0,1,0,0,0,1,1,1,1,1,1
0,0,0,1,0,0,0,0,1,0,0,0,1,1,1,1,1,1
0,0,0,1,0,0,0,0,2,1,0,0,1,1,1,1,1,1
0,0,0,1,0,0,0,0,1,0,0,0,1,1,1,1,1,1
0,0,0,1,0,0,0,0,2,1,0,0,1,1,1,1,1,1
0,0,0,1,0,0,0,0,3,1,0,0,1,1,1,1,1,1
0,0,0,1,0,0,0,0,2,1,0,0,1,1,1,1,1,1
0,0,1,0,0,0,0,0,1,0,0,0,1,1,1,1,1,1
1,0,0,0,0,0,0,0,1,0,0,0,1,1,1,0,1,1
0,0,1,0,0,0,0,0,1,0,0,0,1,1,1,1,1,1
0,0,0,0,0,0,0,1,5,1,0,1,1,1,1,1,1,1
0,0,0,0,0,1,0,0,1,0,0,0,1,1,1,1,1,1
0,0,0,0,1,0,0,0,2,1,0,0,1,1,1,1,1,1
0,0,0,0,0,1,0,0,2,1,0,0,1,1,1,1,1,1
0,0,0,0,0,1,0,0,2,1,0,0,1,1,1,1,1,1
0,0,0,0,0,1,0,0,3,1,0,0,1,1,1,1,1,1
0,0,0,0,0,1,0,0,3,1,0,0,1,1,1,1,1,1
0,0,0,0,0,1,0,0,1,0,0,0,1,1,1,1,1,1
0,0,0,0,0,1,0,0,1,0,0,0,1,1,1,1,1,1
0,0,0,0,0,1,0,0,3,1,0,0,1,1,1,1,1,1
0,0,0,0,0,1,0,0,1,0,0,0,1,1,1,1,1,1
0,0,0,0,0,1,0,0,2,1,0,0,1,1,1,1,1,1
0,0,0,0,0,1,0,0,3,1,0,0,1,1,1,1,1,1
0,0,0,0,0,1,0,0,1,0,0,0,1,1,1,1,1,1
0,0,0,0,1,0,0,0,3,1,0,0,1,1,1,1,1,1
0,0,0,0,0,1,0,0,4,1,0,0,1,1,1,1,1,1
0,0,0,0,0,1,0,0,2,1,0,0,1,1,1,1,1,1
0,0,0,0,1,0,0,0,4,1,0,0,1,1,1,1,1,1
0,0,0,0,0,1,0,0,1,0,0,0,1,1,1,1,1,1
0,0,0,0,0,1,0,0,1,0,0,0,1,1,1,1,1,1
0,0,0,0,0,1,0,0,1,0,0,0,1,1,1,1,1,1
0,0,0,0,1,0,0,0,3,1,0,0,1,1,1,1,1,1
0,0,0,0,0,1,0,0,1,0,0,0,1,1,1,1,1,1
0,0,0,0,0,1,0,0,3,1,0,0,1,1,1,1,1,1
0,0,0,0,0,1,0,0,1,0,0,0,1,1,1,1,1,1
0,0,0,0,0,1,0,0,1,0,0,0,1,1,1,1,1,1
0,0,0,0,0,1,0,0,1,0,0,0,1,1,1,1,1,1
0,0,0,0,0,1,0,0,1,0,0,0,1,1,1,1,1,1
0,0,0,0,0,1,0,0,1,0,0,0,1,1,1,1,1,1
0,0,0,0,0,1,0,0,1,0,0,0,1,1,1,1,1,1
0,0,0,0,0,1,0,0,1,0,0,0,1,1,1,1,1,1
0,0,0,0,0,1,0,0,1,0,0,0,1,1,1,1,1,1
0,0,0,0,0,1,0,0,1,0,0,0,1,1,1,1,1,1
0,0,0,0,0,1,0,0,2,1,0,0,1,1,1,1,1,1
0,0,0,0,0,1,0,0,1,0,0,0,1,1,1,1,1,1
0,0,0,0,0,1,0,0,1,0,0,0,1,1,1,1,1,1
0,0,0,0,0,1,0,0,1,0,0,0,1,1,1,1,1,1
0,0,0,0,0,1,0,0,1,0,0,0,1,1,1,1,1,1
0,0,0,0,0,1,0,0,1,0,0,0,1,1,1,1,1,1
0,0,0,0,0,1,0,0,1,0,0,0,1,1,1,1,1,1
0,0,0,0,0,1,0,0,1,0,0,0,1,1,1,1,1,1
0,0,0,0,0,1,0,0,1,0,0,0,1,1,1,1,1,1
0,0,0,0,0,1,0,0,1,0,0,0,1,1,1,1,1,1
0,1,0,0,0,0,0,0,2,1,0,0,1,1,1,1,1,1
1,0,0,0,0,0,0,0,1,0,0,0,1,1,1,1,1,1
0,1,0,0,0,0,0,0,2,1,0,0,1,1,1,1,1,1
1,0,0,0,0,0,0,0,2,1,0,0,1,1,1,1,1,1
1,0,0,0,0,0,0,0,2,1,0,0,1,1,1,1,1,1
1,0,0,0,0,0,0,0,2,1,0,0,1,1,1,1,1,1
0,0,0,0,0,0,0,1,2,1,0,1,1,1,1,1,1,1
0,0,1,0,0,0,0,0,1,0,0,0,1,1,1,1,1,1
0,1,0,0,0,0,0,0,2,1,0,0,1,1,1,1,1,1
0,0,0,0,0,1,0,0,1,0,0,0,1,1,1,1,1,1
1,0,0,0,0,0,0,0,1,0,0,0,1,1,1,1,1,1
1,0,0,0,0,0,0,0,1,0,0,0,1,1,1,1,1,1
0,1,0,0,0,0,0,0,4,1,0,0,1,1,1,1,1,1
1,0,0,0,0,0,0,0,1,0,0,0,1,1,1,1,1,1
1,0,0,0,0,0,0,0,1,0,0,0,1,1,1,1,1,1
0,1,0,0,0,0,0,0,2,1,0,0,1,1,1,1,1,1
1,0,0,0,0,0,0,0,1,0,0,0,1,1,1,1,1,1
0,0,0,0,0,0,1,0,1,0,0,0,1,1,1,1,1,1
1,0,0,0,0,0,0,0,1,0,0,0,1,1,1,1,1,1
1,0,0,0,0,0,0,0,2,1,0,0,1,1,1,1,1,1
0,0,0,0,0,0,1,0,2,1,0,0,1,1,1,1,1,1
0,0,0,0,0,0,1,0,1,0,0,0,1,1,1,1,1,1
0,0,1,0,0,0,0,0,1,0,0,0,1,1,1,1,1,1
1,0,0,0,0,0,0,0,1,0,0,0,1,1,1,1,1,1
0,0,1,0,0,0,0,0,2,1,0,0,1,1,1,1,1,1
0,0,1,0,0,0,0,0,1,0,0,0,1,1,1,1,1,1
1,0,0,0,0,0,0,0,2,1,0,0,1,1,1,1,1,1
0,0,1,0,0,0,0,0,1,0,0,0,1,1,1,1,1,1
0,1,0,0,0,0,0,0,2,1,0,0,1,1,1,1,1,1
1,0,0,0,0,0,0,0,2,1,0,0,1,1,1,1,1,1
1,0,0,0,0,0,0,0,1,0,0,0,1,1,1,1,1,1
0,0,1,0,0,0,0,0,1,0,0,0,1,1,1,1,1,1
0,0,0,0,0,0,1,0,1,0,0,0,1,1,1,1,1,1
0,0,1,0,0,0,0,0,1,0,0,0,1,1,1,1,1,1
1,0,0,0,0,0,0,0,1,0,0,0,1,1,1,1,1,1
1,0,0,0,0,0,0,0,1,0,0,0,1,1,1,1,1,1
1,0,0,0,0,0,0,0,2,1,0,0,1,1,1,1,1,1
0,0,0,0,0,0,0,1,2,1,0,1,1,1,1,1,1,1
0,0,0,0,0,0,1,0,1,0,0,0,1,1,1,1,1,1
0,0,0,0,0,0,1,0,1,0,0,0,1,1,1,1,1,1
1,0,0,0,0,0,0,0,1,0,0,0,1,1,1,1,1,1
0,0,0,0,0,0,1,0,1,0,0,0,1,1,1,1,1,1
0,0,1,0,0,0,0,0,2,1,0,0,1,1,1,1,1,1
0,0,0,0,0,1,0,0,3,1,0,0,1,1,1,1,1,1
0,0,0,0,0,1,0,0,1,0,0,0,1,1,1,1,1,1
0,0,0,0,0,0,1,0,2,1,0,0,1,1,1,1,1,1
0,0,0,0,0,0,0,1,2,1,0,1,1,1,1,1,1,1
0,0,0,0,0,0,0,1,3,1,0,1,1,1,1,1,1,1
0,0,0,0,0,0,1,0,2,1,0,0,1,1,1,1,1,1
0,0,1,0,0,0,0,0,2,1,0,0,1,1,1,1,1,1
0,0,0,0,0,0,1,0,1,0,0,0,1,1,1,1,1,1
0,0,0,0,0,0,0,1,2,1,0,1,1,1,1,1,1,1
0,0,0,0,0,0,1,0,3,1,0,0,1,1,1,1,1,1
0,0,0,0,0,0,1,0,1,0,0,0,1,1,1,1,1,1
0,0,0,0,0,0,0,1,6,1,0,1,1,1,1,1,1,1
0,0,1,0,0,0,0,0,1,0,0,0,1,1,1,1,1,1
0,1,0,0,0,0,0,0,2,1,0,0,1,1,1,1,1,1
0,0,1,0,0,0,0,0,1,0,0,0,1,1,1,1,1,1
0,0,0,0,0,0,0,1,2,1,0,1,1,1,1,1,1,1
0,0,0,0,0,0,1,0,1,0,0,0,1,1,1,1,1,1
1,0,0,0,0,0,0,0,1,0,0,0,1,1,1,1,1,1
1,0,0,0,0,0,0,0,1,0,0,0,1,1,1,1,1,1
1,0,0,0,0,0,0,0,1,0,0,0,1,1,1,1,1,1
0,1,0,0,0,0,0,0,2,1,0,0,1,1,1,1,1,1
1,0,0,0,0,0,0,0,1,0,0,0,1,1,1,1,1,1
1,0,0,0,0,0,0,0,1,0,0,0,1,1,0,0,1,1
0,0,0,0,0,0,0,1,4,1,0,1,1,1,1,1,1,1
0,0,1,0,0,0,0,0,1,0,0,0,1,1,1,1,1,1
1,0,0,0,0,0,0,0,2,1,0,0,1,1,1,1,1,1
1,0,0,0,0,0,0,0,1,0,0,0,1,1,1,1,1,1
1,0,0,0,0,0,0,0,1,0,0,0,1,1,1,1,1,1
0,0,1,0,0,0,0,0,1,0,0,0,1,1,1,1,1,1
0,0,1,0,0,0,0,0,1,0,0,0,1,1,1,1,1,1
1,0,0,0,0,0,0,0,1,0,0,0,1,1,1,1,1,1
0,0,1,0,0,0,0,0,1,0,0,0,1,1,1,1,1,1
0,0,1,0,0,0,0,0,1,0,0,0,1,1,1,1,1,1
0,0,0,0,0,0,0,1,2,1,0,1,1,1,1,1,1,1
1,0,0,0,0,0,0,0,1,0,0,0,1,1,0,0,1,1
0,0,0,0,0,0,1,0,1,0,0,0,1,1,0,0,1,1
1,0,0,0,0,0,0,0,1,0,0,0,1,1,0,0,1,1
1,0,0,0,0,0,0,0,1,0,0,0,1,1,0,0,1,1
1,0,0,0,0,0,0,0,1,0,0,0,1,1,0,0,1,1
1,0,0,0,0,0,0,0,1,0,0,0,1,1,0,0,1,1
1,0,0,0,0,0,0,0,1,0,0,0,1,1,0,0,1,1
1,0,0,0,0,0,0,0,1,0,0,0,1,1,0,0,1,1
1,0,0,0,0,0,0,0,1,0,0,0,1,1,0,0,1,1
1,0,0,0,0,0,0,0,1,0,0,0,1,1,0,0,1,1
1,0,0,0,0,0,0,0,1,0,0,0,1,1,0,0,1,1
1,0,0,0,0,0,0,0,1,0,0,0,1,1,0,0,1,1
0,0,0,0,0,0,1,0,1,0,0,0,1,1,0,0,1,1
1,0,0,0,0,0,0,0,1,0,0,0,1,1,0,0,1,1
1,0,0,0,0,0,0,0,1,0,0,0,1,1,0,0,1,1
1,0,0,0,0,0,0,0,1,0,0,0,1,1,0,0,1,1
0,0,0,0,0,0,0,1,2,1,0,1,1,1,1,1,1,1
0,0,0,0,0,1,0,0,1,0,0,0,1,1,1,1,1,1
0,0,0,0,0,0,0,1,2,1,0,1,1,1,1,1,1,1
0,0,0,0,0,0,0,1,3,1,0,1,1,1,1,1,1,1
0,0,0,0,0,1,0,0,1,0,0,0,1,1,1,1,1,1
0,0,0,0,0,0,1,0,1,0,0,0,1,1,1,1,1,1
1,0,0,0,0,0,0,0,2,1,0,0,1,1,1,1,1,1
1,0,0,0,0,0,0,0,1,0,0,0,1,1,1,1,1,1
0,0,0,0,0,0,1,0,1,0,0,0,1,1,1,1,1,1
0,0,0,0,0,0,1,0,3,1,0,0,1,1,1,1,1,1
0,0,1,0,0,0,0,0,1,0,0,0,1,1,1,1,1,1
0,0,0,0,0,0,0,1,3,1,0,1,1,1,1,1,1,1
0,0,0,0,0,0,0,1,3,1,0,1,1,1,1,1,1,1
1,0,0,0,0,0,0,0,1,0,0,0,1,1,1,1,1,1
1,0,0,0,0,0,0,0,1,0,0,0,1,1,1,1,1,1
1,0,0,0,0,0,0,0,2,1,0,0,1,1,1,1,1,1
1,0,0,0,0,0,0,0,1,0,0,0,1,1,1,1,1,1
1,0,0,0,0,0,0,0,1,0,0,0,1,1,1,1,1,1
0,0,1,0,0,0,0,0,1,0,0,0,1,1,1,1,1,1
0,0,1,0,0,0,0,0,1,0,0,0,1,1,1,1,1,1
1,0,0,0,0,0,0,0,1,0,0,0,1,1,1,1,1,1
1,0,0,0,0,0,0,0,1,0,0,0,1,1,1,1,1,1
0,0,0,0,0,0,1,0,1,0,0,0,1,1,1,1,1,1
0,0,0,0,0,0,1,0,1,0,0,0,1,1,1,1,1,1
0,0,0,0,0,0,1,0,1,0,0,0,1,1,1,1,1,1
1,0,0,0,0,0,0,0,1,0,0,0,1,1,1,1,1,1
1,0,0,0,0,0,0,0,1,0,0,0,1,1,1,1,1,1
1,0,0,0,0,0,0,0,1,0,0,0,1,1,1,1,1,1
1,0,0,0,0,0,0,0,1,0,0,0,1,1,1,1,1,1
0,0,0,0,0,0,1,0,1,0,0,0,1,1,1,1,1,1
0,0,1,0,0,0,0,0,1,0,0,0,1,1,1,1,1,1
0,0,0,0,0,0,1,0,1,0,0,0,1,1,1,1,1,1
1,0,0,0,0,0,0,0,1,0,0,0,1,1,1,1,1,1
0,0,0,0,0,0,0,1,3,1,0,1,1,1,1,1,1,1
0,0,0,0,0,0,1,0,1,0,0,0,1,1,1,1,1,1
0,0,0,0,0,0,1,0,1,0,0,0,1,1,1,1,1,1
0,0,0,0,0,0,1,0,1,0,0,0,1,1,1,1,1,1
0,1,0,0,0,0,0,0,3,1,0,0,1,1,1,1,1,1
0,0,0,0,0,0,1,0,1,0,0,0,1,1,1,1,1,1
1,0,0,0,0,0,0,0,2,1,0,0,1,1,1,1,1,1
0,1,0,0,0,0,0,0,2,1,0,0,1,1,1,1,1,1
1,0,0,0,0,0,0,0,1,0,0,0,1,1,1,1,1,1
0,0,1,0,0,0,0,0,1,0,0,0,1,1,1,1,1,1
0,1,0,0,0,0,0,0,2,1,0,0,1,1,1,1,1,1
1,0,0,0,0,0,0,0,1,0,0,0,1,1,1,1,1,1
1,0,0,0,0,0,0,0,2,1,0,0,1,1,1,1,1,1
0,0,0,0,0,0,1,0,1,0,0,0,1,1,1,1,1,1
0,0,0,0,0,1,0,0,1,0,0,0,1,1,1,1,1,1
1,0,0,0,0,0,0,0,1,0,0,0,1,1,1,1,1,1
0,0,0,0,0,0,1,0,1,0,0,0,1,1,1,1,1,1
1,0,0,0,0,0,0,0,1,0,0,0,1,1,1,1,1,1
1,0,0,0,0,0,0,0,2,1,0,0,1,1,1,1,1,1
0,0,0,0,0,0,1,0,2,1,0,0,1,1,1,1,1,1
0,0,0,0,0,0,1,0,2,1,0,0,1,1,1,1,1,1
1,0,0,0,0,0,0,0,1,0,0,0,1,1,1,1,1,1
1,0,0,0,0,0,0,0,2,1,0,0,1,1,1,1,1,1
0,0,0,0,0,0,0,1,2,1,0,1,1,1,1,1,1,1
1,0,0,0,0,0,0,0,1,0,0,0,1,1,1,1,1,1
0,1,0,0,0,0,0,0,3,1,0,0,1,1,1,1,1,1
0,1,0,0,0,0,0,0,3,1,0,0,1,1,1,1,1,1
0,0,0,0,0,0,1,0,3,1,0,0,1,1,1,1,1,1
1,0,0,0,0,0,0,0,1,0,0,0,1,1,1,1,1,1
1,0,0,0,0,0,0,0,1,0,0,0,1,1,1,1,1,1
0,0,0,0,0,0,0,1,2,1,0,1,1,1,1,1,1,1
0,0,0,0,0,0,1,0,1,0,0,0,1,1,1,1,1,1
0,0,1,0,0,0,0,0,1,0,0,0,1,1,1,1,1,1
1,0,0,0,0,0,0,0,1,0,0,0,1,1,1,1,1,1
0,0,0,0,0,0,1,0,1,0,0,0,1,1,1,1,1,1
1,0,0,0,0,0,0,0,1,0,0,0,1,1,1,1,1,1
1,0,0,0,0,0,0,0,1,0,0,0,1,1,1,1,1,1
0,0,0,0,0,0,1,0,1,0,0,0,1,1,1,1,1,1
0,0,0,0,0,0,1,0,1,0,0,0,1,1,1,1,1,1
0,0,0,0,0,0,1,0,1,0,0,0,1,1,1,1,1,1
1,0,0,0,0,0,0,0,1,0,0,0,1,1,1,1,1,1
0,0,0,0,0,0,0,1,2,1,0,1,1,1,1,1,1,1
1,0,0,0,0,0,0,0,1,0,0,0,1,1,1,1,1,1
1,0,0,0,0,0,0,0,1,0,0,0,1,1,1,1,1,1
1,0,0,0,0,0,0,0,1,0,0,0,1,1,1,1,1,1
0,0,0,0,0,0,0,1,2,1,0,1,1,1,1,1,1,1
0,0,0,0,0,0,1,0,1,0,0,0,1,1,1,1,1,1
0,0,0,0,0,0,1,0,1,0,0,0,1,1,1,1,1,1
0,0,0,0,0,0,1,0,3,1,0,0,1,1,1,1,1,1
1,0,0,0,0,0,0,0,1,0,0,0,1,1,1,1,1,1
0,0,1,0,0,0,0,0,1,0,0,0,1,1,1,1,1,1
1,0,0,0,0,0,0,0,1,0,0,0,1,1,1,1,1,1
0,0,1,0,0,0,0,0,1,0,0,0,1,1,1,1,1,1
0,0,1,0,0,0,0,0,1,0,0,0,1,1,1,1,1,1
1,0,0,0,0,0,0,0,1,0,0,0,1,1,1,1,1,1
0,0,0,0,0,0,1,0,1,0,0,0,1,1,1,1,1,1
1,0,0,0,0,0,0,0,1,0,0,0,1,1,1,1,1,1
0,0,0,0,0,1,0,0,2,1,0,0,1,1,1,1,1,1
0,0,0,0,0,0,1,0,1,0,0,0,1,1,1,1,1,1
0,0,0,0,0,0,1,0,1,0,0,0,1,1,1,1,1,1
0,0,0,0,0,0,1,0,1,0,0,0,1,1,1,1,1,1
1,0,0,0,0,0,0,0,1,0,0,0,1,1,1,1,1,1
0,0,1,0,0,0,0,0,1,0,0,0,1,1,1,1,1,1
1,0,0,0,0,0,0,0,1,0,0,0,1,1,1,1,1,1
1,0,0,0,0,0,0,0,1,0,0,0,1,1,1,1,1,1
0,0,0,0,0,0,1,0,2,1,0,0,1,1,1,1,1,1
0,0,1,0,0,0,0,0,1,0,0,0,1,1,1,1,1,1
0,0,0,0,0,0,1,0,1,0,0,0,1,1,1,1,1,1
1,0,0,0,0,0,0,0,1,0,0,0,1,1,1,1,1,1
1,0,0,0,0,0,0,0,2,1,0,0,1,1,1,1,1,1
1,0,0,0,0,0,0,0,1,0,0,0,1,1,1,1,1,1
0,1,0,0,0,0,0,0,2,1,0,0,1,1,1,1,1,1
0,0,0,0,0,0,0,1,2,1,0,1,1,1,1,1,1,1
0,0,0,0,0,0,1,0,1,0,0,0,1,1,1,1,1,1
0,0,0,0,0,0,1,0,1,0,0,0,1,1,1,1,1,1
0,0,1,0,0,0,0,0,2,1,0,0,1,1,1,1,1,1
1,0,0,0,0,0,0,0,1,0,0,0,1,1,1,1,1,1
0,0,1,0,0,0,0,0,1,0,0,0,1,1,1,1,1,1
1,0,0,0,0,0,0,0,1,0,0,0,1,1,1,1,1,1
0,0,0,0,0,0,1,0,1,0,0,0,1,1,1,1,1,1
0,0,0,0,0,1,0,0,1,0,0,0,1,1,1,1,1,1
1,0,0,0,0,0,0,0,1,0,0,0,1,1,1,1,1,1
0,0,0,0,0,0,1,0,3,1,0,0,1,1,1,1,1,1
1,0,0,0,0,0,0,0,1,0,0,0,1,1,1,1,1,1
1,0,0,0,0,0,0,0,1,0,0,0,1,1,1,1,1,1
0,1,0,0,0,0,0,0,4,1,0,0,1,1,1,1,1,1
0,0,0,0,0,0,1,0,1,0,0,0,1,1,1,1,1,1
1,0,0,0,0,0,0,0,1,0,0,0,1,1,1,1,1,1
0,0,1,0,0,0,0,0,1,0,0,0,1,1,1,1,1,1
0,0,1,0,0,0,0,0,1,0,0,0,1,1,1,1,1,1
1,0,0,0,0,0,0,0,1,0,0,0,1,1,1,1,1,1
1,0,0,0,0,0,0,0,1,0,0,0,1,1,1,1,1,1
0,0,1,0,0,0,0,0,1,0,0,0,1,1,1,1,1,1
0,0,0,0,0,0,1,0,1,0,0,0,1,1,1,1,1,1
1,0,0,0,0,0,0,0,1,0,0,0,1,1,1,1,1,1
1,0,0,0,0,0,0,0,1,0,0,0,1,1,1,1,1,1
1,0,0,0,0,0,0,0,1,0,0,0,1,1,1,1,1,1
1,0,0,0,0,0,0,0,1,0,0,0,1,1,1,1,1,1
0,1,0,0,0,0,0,0,2,1,0,0,1,1,1,1,1,1
1,0,0,0,0,0,0,0,1,0,0,0,1,1,1,1,1,1
0,0,0,0,0,0,1,0,2,1,0,0,1,1,1,1,1,1
0,0,0,0,0,0,1,0,4,1,0,0,1,1,1,1,1,1
0,0,0,0,0,0,0,1,2,1,0,1,1,1,1,1,1,1
0,0,1,0,0,0,0,0,1,0,0,0,1,1,1,1,1,1
1,0,0,0,0,0,0,0,1,0,0,0,1,1,1,1,1,1
0,0,0,0,0,1,0,0,1,0,0,0,1,1,1,1,1,1
0,0,0,0,0,0,0,1,2,1,0,1,1,1,1,1,1,1
1,0,0,0,0,0,0,0,2,1,0,0,1,1,1,1,1,1
1,0,0,0,0,0,0,0,2,1,0,0,1,1,1,1,1,1
1,0,0,0,0,0,0,0,2,1,0,0,1,1,1,1,1,1
0,0,0,0,0,0,0,1,4,1,0,1,1,1,1,1,1,1
1,0,0,0,0,0,0,0,1,0,0,0,1,1,1,1,1,1
1,0,0,0,0,0,0,0,1,0,0,0,1,1,1,1,1,1
0,0,0,0,0,0,1,0,1,0,0,0,1,1,1,1,1,1
1,0,0,0,0,0,0,0,1,0,0,0,1,1,1,1,1,1
0,0,1,0,0,0,0,0,1,0,0,0,1,1,1,1,1,1
0,1,0,0,0,0,0,0,3,1,0,0,1,1,1,1,1,1
1,0,0,0,0,0,0,0,1,0,0,0,1,1,1,1,1,1
0,0,0,0,0,0,0,1,4,1,0,1,1,1,1,1,1,1
1,0,0,0,0,0,0,0,1,0,0,0,1,1,1,1,1,1
1,0,0,0,0,0,0,0,1,0,0,0,1,1,1,1,1,1
1,0,0,0,0,0,0,0,1,0,0,0,1,1,1,1,1,1
0,0,0,0,0,0,1,0,1,0,0,0,1,1,1,1,1,1
1,0,0,0,0,0,0,0,1,0,0,0,1,1,1,1,1,1
1,0,0,0,0,0,0,0,1,0,0,0,1,1,1,1,1,1
1,0,0,0,0,0,0,0,1,0,0,0,1,1,1,1,1,1
1,0,0,0,0,0,0,0,1,0,0,0,1,1,1,1,1,1
1,0,0,0,0,0,0,0,1,0,0,0,1,1,1,1,1,1
1,0,0,0,0,0,0,0,1,0,0,0,1,1,1,1,1,1
1,0,0,0,0,0,0,0,1,0,0,0,1,1,0,0,1,1
0,0,1,0,0,0,0,0,1,0,0,0,1,1,1,1,1,1
0,0,0,0,0,0,0,1,2,1,0,1,1,1,1,1,1,1
0,0,0,0,0,0,1,0,1,0,0,0,1,1,1,1,1,1
0,0,0,0,0,0,1,0,1,0,0,0,1,1,1,1,1,1
0,0,0,0,0,0,1,0,1,0,0,0,1,1,1,1,1,1
0,0,0,0,0,0,1,0,1,0,0,0,1,1,1,1,1,1
0,0,0,0,0,0,1,0,1,0,0,0,1,1,1,1,1,1
0,0,0,0,0,0,1,0,1,0,0,0,1,1,1,1,1,1
0,0,0,0,0,0,1,0,1,0,0,0,1,1,1,1,1,1
0,0,0,0,0,0,1,0,1,0,0,0,1,1,1,1,1,1
0,0,0,0,0,0,1,0,1,0,0,0,1,1,1,1,1,1
0,0,0,0,0,0,1,0,1,0,0,0,1,1,1,1,1,1
0,0,0,0,0,0,0,1,2,1,0,1,1,1,1,1,1,1
0,0,0,0,0,0,0,1,2,1,0,1,1,1,1,1,1,1
0,0,0,0,0,0,1,0,1,0,0,0,1,1,1,1,1,1
0,0,0,0,0,0,1,0,1,0,0,0,1,1,1,1,1,1
0,0,0,0,0,0,1,0,1,0,0,0,1,1,1,1,1,1
0,0,0,0,0,0,1,0,1,0,0,0,1,1,1,1,1,1
0,0,0,0,0,0,1,0,1,0,0,0,1,1,1,1,1,1
0,0,0,0,0,0,1,0,1,0,0,0,1,1,1,1,1,1
0,0,0,0,0,0,1,0,5,1,0,0,1,1,1,1,1,1
0,0,0,0,0,0,1,0,2,1,0,0,1,1,1,1,1,1
0,0,0,0,0,0,0,1,2,1,0,1,1,1,1,1,1,1
0,0,0,0,0,0,1,0,5,1,0,0,1,1,1,1,1,1
0,0,0,0,0,0,0,1,2,1,0,1,1,1,1,1,1,1
0,0,0,0,0,0,0,1,2,1,0,1,1,1,1,1,1,1
0,0,1,0,0,0,0,0,1,0,0,0,1,1,1,1,1,1
0,1,0,0,0,0,0,0,5,1,0,0,1,1,1,1,1,1
0,0,0,0,0,1,0,0,3,1,0,0,1,1,1,1,1,1
0,0,0,0,0,0,1,0,2,1,0,0,1,1,1,1,1,1
0,0,1,0,0,0,0,0,1,0,0,0,1,1,1,1,1,1
0,0,0,0,0,0,1,0,3,1,0,0,1,1,1,1,1,1
1,0,0,0,0,0,0,0,1,0,0,0,1,1,1,1,1,1
0,1,0,0,0,0,0,0,3,1,0,0,1,1,1,1,1,1
1,0,0,0,0,0,0,0,1,0,0,0,1,1,1,1,1,1
1,0,0,0,0,0,0,0,1,0,0,0,1,1,1,1,1,1
1,0,0,0,0,0,0,0,1,0,0,0,1,1,1,1,1,1
1,0,0,0,0,0,0,0,1,0,0,0,1,1,1,1,1,1
0,0,0,0,0,0,1,0,2,1,0,0,1,1,1,1,1,1
1,0,0,0,0,0,0,0,2,1,0,0,1,1,1,1,1,1
0,0,0,0,0,0,0,1,2,1,0,1,1,1,1,1,1,1
1,0,0,0,0,0,0,0,2,1,0,0,1,1,1,1,1,1
0,0,0,0,0,0,0,1,2,1,0,1,1,1,1,1,1,1
1,0,0,0,0,0,0,0,1,0,0,0,1,1,1,1,1,1
0,0,1,0,0,0,0,0,1,0,0,0,1,1,1,1,1,1
0,0,1,0,0,0,0,0,1,0,0,0,1,1,1,1,1,1
1,0,0,0,0,0,0,0,1,0,0,0,1,1,1,1,1,1
0,0,0,0,0,1,0,0,1,0,0,0,1,1,1,1,1,1
0,0,1,0,0,0,0,0,1,0,0,0,1,1,1,1,1,1
0,1,0,0,0,0,0,0,2,1,0,0,1,1,1,1,1,1
0,0,0,0,0,0,1,0,1,0,0,0,1,1,1,1,1,1
1,0,0,0,0,0,0,0,2,1,0,0,1,1,1,1,1,1
0,0,0,0,0,0,0,1,2,1,0,1,1,1,1,1,1,1
0,1,0,0,0,0,0,0,2,1,0,0,1,1,1,1,1,1
0,0,1,0,0,0,0,0,1,0,0,0,1,1,1,1,1,1
0,0,0,0,0,0,1,0,1,0,0,0,1,1,1,1,1,1
1,0,0,0,0,0,0,0,1,0,0,0,1,1,1,1,1,1
0,0,0,0,0,0,1,0,2,1,0,0,1,1,1,1,1,1
1,0,0,0,0,0,0,0,1,0,0,0,1,1,1,1,1,1
1,0,0,0,0,0,0,0,1,0,0,0,1,1,1,1,1,1
0,0,1,0,0,0,0,0,1,0,0,0,1,1,1,1,1,1
0,0,0,0,0,1,0,0,2,1,0,0,1,1,1,1,1,1
0,0,0,0,0,0,1,0,1,0,0,0,1,1,1,1,1,1
0,0,0,0,0,0,1,0,1,0,0,0,1,1,1,1,1,1
1,0,0,0,0,0,0,0,1,0,0,0,1,1,1,1,1,1
1,0,0,0,0,0,0,0,1,0,0,0,1,1,1,1,1,1
0,0,0,0,0,0,1,0,1,0,0,0,1,1,1,1,1,1
0,0,0,0,0,0,1,0,1,0,0,0,1,1,1,1,1,1
0,0,0,0,0,0,1,0,1,0,0,0,1,1,1,1,1,1
0,0,1,0,0,0,0,0,1,0,0,0,1,1,1,1,1,1
1,0,0,0,0,0,0,0,1,0,0,0,1,1,1,1,1,1
0,0,1,0,0,0,0,0,1,0,0,0,1,1,1,1,1,1
1,0,0,0,0,0,0,0,1,0,0,0,1,1,1,1,1,1
0,0,0,0,0,0,1,0,1,0,0,0,1,1,1,1,1,1
1,0,0,0,0,0,0,0,1,0,0,0,1,1,1,1,1,1
0,0,0,0,0,0,1,0,1,0,0,0,1,1,1,1,1,1
1,0,0,0,0,0,0,0,2,1,0,0,1,1,1,1,1,1
1,0,0,0,0,0,0,0,1,0,0,0,1,1,1,1,1,1
0,0,0,0,0,0,1,0,2,1,0,0,1,1,1,1,1,1
1,0,0,0,0,0,0,0,1,0,0,0,1,1,1,1,1,1
0,0,0,0,0,0,1,0,1,0,0,0,1,1,1,1,1,1
0,0,1,0,0,0,0,0,1,0,0,0,1,1,1,1,1,1
1,0,0,0,0,0,0,0,1,0,0,0,1,1,1,1,1,1
0,0,1,0,0,0,0,0,1,0,0,0,1,1,1,1,1,1
0,0,0,0,0,0,1,0,3,1,0,0,1,1,1,1,1,1
0,0,0,0,0,0,1,0,2,1,0,0,1,1,1,1,1,1
0,0,0,0,0,0,1,0,2,1,0,0,1,1,1,1,1,1
1,0,0,0,0,0,0,0,1,0,0,0,1,1,1,1,1,1
1,0,0,0,0,0,0,0,1,0,0,0,1,1,1,1,1,1
0,0,1,0,0,0,0,0,1,0,0,0,1,1,1,1,1,1
0,0,0,0,0,0,1,0,1,0,0,0,1,1,1,1,1,1
0,0,0,0,0,0,1,0,1,0,0,0,1,1,1,1,1,1
0,0,0,0,0,0,0,1,2,1,0,1,1,1,1,1,1,1
0,0,0,0,0,0,1,0,4,1,0,0,1,1,1,1,1,1
0,0,1,0,0,0,0,0,2,1,0,0,1,1,1,1,1,1
0,0,0,0,0,0,1,0,1,0,0,0,1,1,1,1,1,1
0,0,1,0,0,0,0,0,1,0,0,0,1,1,1,1,1,1
0,0,0,0,0,0,1,0,1,0,0,0,1,1,1,1,1,1
0,1,0,0,0,0,0,0,3,1,0,0,1,1,1,1,1,1
0,0,0,0,0,0,0,1,2,1,0,1,1,1,1,1,1,1
1,0,0,0,0,0,0,0,1,0,0,0,1,1,1,1,1,1
0,0,1,0,0,0,0,0,1,0,0,0,1,1,1,1,1,1
0,0,0,0,0,0,1,0,1,0,0,0,1,1,1,1,1,1
1,0,0,0,0,0,0,0,1,0,0,0,1,1,1,1,1,1
0,0,0,0,0,0,1,0,2,1,0,0,1,1,1,1,1,1
0,0,0,0,0,0,1,0,1,0,0,0,1,1,1,1,1,1
1,0,0,0,0,0,0,0,1,0,0,0,1,1,1,1,1,1
0,0,0,0,0,0,1,0,1,0,0,0,1,1,1,1,1,1
0,0,0,0,0,0,1,0,1,0,0,0,1,1,1,1,1,1
1,0,0,0,0,0,0,0,1,0,0,0,1,1,1,1,1,1
0,0,0,0,0,0,1,0,1,0,0,0,1,1,1,1,1,1
0,1,0,0,0,0,0,0,2,1,0,0,1,1,1,1,1,1
0,0,1,0,0,0,0,0,1,0,0,0,1,1,1,1,1,1
0,0,1,0,0,0,0,0,1,0,0,0,1,1,1,1,1,1
0,0,0,0,0,0,1,0,1,0,0,0,1,1,1,1,1,1
0,0,1,0,0,0,0,0,1,0,0,0,1,1,1,1,1,1
0,0,0,0,0,0,1,0,1,0,0,0,1,1,1,1,1,1
1,0,0,0,0,0,0,0,1,0,0,0,1,1,1,1,1,1
0,0,0,0,0,0,1,0,1,0,0,0,1,1,1,1,1,1
0,0,0,0,0,0,1,0,1,0,0,0,1,1,1,1,1,1
0,0,0,0,0,0,0,1,3,1,0,1,1,1,1,1,1,1
1,0,0,0,0,0,0,0,2,1,0,0,1,1,1,1,1,1
0,0,0,0,0,0,1,0,1,0,0,0,1,1,1,1,1,1
0,0,0,0,0,0,0,1,4,1,0,1,1,1,1,1,1,1
0,0,0,0,0,0,1,0,1,0,0,0,1,1,1,1,1,1
0,0,0,0,0,0,0,1,2,1,0,1,1,1,1,1,1,1
0,0,0,0,0,0,1,0,1,0,0,0,1,1,1,1,1,1
1,0,0,0,0,0,0,0,2,1,0,0,1,1,1,1,1,1
0,0,0,0,0,1,0,0,1,0,0,0,1,1,1,1,1,1
0,0,1,0,0,0,0,0,2,1,0,0,1,1,1,1,1,1
1,0,0,0,0,0,0,0,1,0,0,0,1,1,1,1,1,1
0,0,0,0,0,0,1,0,1,0,0,0,1,1,1,1,1,1
0,0,0,0,0,0,0,1,2,1,0,1,1,1,1,1,1,1
0,0,0,0,0,0,1,0,1,0,0,0,1,1,1,1,1,1
0,1,0,0,0,0,0,0,2,1,0,0,1,1,1,1,1,1
0,0,0,0,0,0,0,1,4,1,0,1,1,1,1,1,1,1
1,0,0,0,0,0,0,0,1,0,0,0,1,1,1,1,1,1
0,0,0,0,0,0,1,0,1,0,0,0,1,1,1,1,1,1
1,0,0,0,0,0,0,0,1,0,0,0,1,1,1,1,1,1
1,0,0,0,0,0,0,0,2,1,0,0,1,1,1,1,1,1
0,1,0,0,0,0,0,0,2,1,0,0,1,1,1,1,1,1
0,0,0,0,0,0,1,0,1,0,0,0,1,1,1,1,1,1
1,0,0,0,0,0,0,0,3,1,0,0,1,1,1,1,1,1
0,0,0,0,0,0,1,0,2,1,0,0,1,1,1,1,1,1
0,0,0,0,0,0,1,0,2,1,0,0,1,1,1,1,1,1
0,0,0,0,0,0,1,0,3,1,0,0,1,1,1,1,1,1
0,1,0,0,0,0,0,0,6,1,0,0,1,1,1,1,1,1
1,0,0,0,0,0,0,0,1,0,0,0,1,1,1,1,1,1
0,0,0,0,0,1,0,0,1,0,0,0,1,1,1,1,1,1
0,0,0,0,0,0,1,0,2,1,0,0,1,1,1,1,1,1
0,0,0,0,0,0,1,0,1,0,0,0,1,1,1,1,1,1
1,0,0,0,0,0,0,0,3,1,0,0,1,1,1,1,1,1
0,0,1,0,0,0,0,0,1,0,0,0,1,1,1,1,1,1
0,0,0,0,0,0,1,0,1,0,0,0,1,1,1,1,1,1
1,0,0,0,0,0,0,0,1,0,0,0,1,1,1,1,1,1
1,0,0,0,0,0,0,0,1,0,0,0,1,1,1,1,1,1
0,0,0,0,0,0,1,0,2,1,0,0,1,1,1,1,1,1
0,0,0,0,0,0,1,0,2,1,0,0,1,1,1,1,1,1
0,0,0,0,0,0,1,0,1,0,0,0,1,1,1,1,1,1
0,0,0,0,0,0,1,0,4,1,0,0,1,1,1,1,1,1
1,0,0,0,0,0,0,0,1,0,0,0,1,1,1,1,1,1
1,0,0,0,0,0,0,0,1,0,0,0,1,1,1,1,1,1
1,0,0,0,0,0,0,0,1,0,0,0,1,1,1,1,1,1
1,0,0,0,0,0,0,0,1,0,0,0,1,1,1,1,1,1
1,0,0,0,0,0,0,0,1,0,0,0,1,1,1,1,1,1
1,0,0,0,0,0,0,0,2,1,0,0,1,1,1,1,1,1
0,0,0,0,0,0,1,0,2,1,0,0,1,1,1,1,1,1
0,1,0,0,0,0,0,0,2,1,0,0,1,1,1,1,1,1
0,0,0,0,0,1,0,0,1,0,0,0,1,1,1,1,1,1
1,0,0,0,0,0,0,0,4,1,0,0,1,1,1,1,1,1
1,0,0,0,0,0,0,0,1,0,0,0,1,1,1,1,1,1
1,0,0,0,0,0,0,0,1,0,0,0,1,1,1,1,1,1
1,0,0,0,0,0,0,0,1,0,0,0,1,1,1,1,1,1
1,0,0,0,0,0,0,0,3,1,0,0,1,1,1,1,1,1
0,0,0,0,0,1,0,0,2,1,0,0,1,1,1,1,1,1
1,0,0,0,0,0,0,0,1,0,0,0,1,1,1,1,1,1
0,0,0,0,0,0,1,0,1,0,0,0,1,1,1,1,1,1
0,0,0,0,0,0,1,0,1,0,0,0,1,1,1,1,1,1
0,0,1,0,0,0,0,0,1,0,0,0,1,1,1,1,1,1
1,0,0,0,0,0,0,0,1,0,0,0,1,1,1,1,1,1
1,0,0,0,0,0,0,0,2,1,0,0,1,1,1,1,1,1
0,0,1,0,0,0,0,0,1,0,0,0,1,1,1,1,1,1
0,1,0,0,0,0,0,0,3,1,0,0,1,1,1,1,1,1
0,0,1,0,0,0,0,0,1,0,0,0,1,1,1,1,1,1
0,1,0,0,0,0,0,0,3,1,0,0,1,1,1,1,1,1
0,1,0,0,0,0,0,0,2,1,0,0,1,1,1,1,1,1
0,0,1,0,0,0,0,0,1,0,0,0,1,1,1,1,1,1
0,0,1,0,0,0,0,0,1,0,0,0,1,1,1,1,1,1
0,0,0,0,0,0,1,0,1,0,0,0,1,1,1,1,1,1
0,0,0,0,0,0,1,0,1,0,0,0,1,1,1,1,1,1
1,0,0,0,0,0,0,0,1,0,0,0,1,1,1,1,1,1
0,0,0,0,0,0,0,1,3,1,0,1,1,1,1,1,1,1
0,1,0,0,0,0,0,0,2,1,0,0,1,1,1,1,1,1
0,0,0,0,0,0,1,0,1,0,0,0,1,1,1,1,1,1
0,0,1,0,0,0,0,0,1,0,0,0,1,1,1,1,1,1
0,0,1,0,0,0,0,0,2,1,0,0,1,1,1,1,1,1
0,0,1,0,0,0,0,0,1,0,0,0,1,1,1,1,1,1
0,0,0,0,0,0,1,0,1,0,0,0,1,1,1,1,1,1
1,0,0,0,0,0,0,0,1,0,0,0,1,1,1,1,1,1
0,0,0,0,0,0,1,0,1,0,0,0,1,1,1,1,1,1
0,0,1,0,0,0,0,0,2,1,0,0,1,1,1,1,1,1
0,0,0,0,0,0,1,0,1,0,0,0,1,1,1,1,1,1
0,0,0,0,0,0,1,0,1,0,0,0,1,1,1,1,1,1
1,0,0,0,0,0,0,0,2,1,0,0,1,1,1,1,1,1
1,0,0,0,0,0,0,0,2,1,0,0,1,1,1,1,1,1
0,0,1,0,0,0,0,0,1,0,0,0,1,1,1,1,1,1
0,0,0,0,0,0,1,0,2,1,0,0,1,1,1,1,1,1
0,0,1,0,0,0,0,0,3,1,0,0,1,1,1,1,1,1
0,0,1,0,0,0,0,0,1,0,0,0,1,1,1,1,1,1
0,0,0,0,0,0,0,1,3,1,0,1,1,1,1,1,1,1
0,0,0,0,0,0,1,0,1,0,0,0,1,1,1,1,1,1
0,0,0,0,0,0,1,0,1,0,0,0,1,1,1,1,1,1
0,1,0,0,0,0,0,0,3,1,0,0,1,1,1,1,1,1
0,0,1,0,0,0,0,0,2,1,1,0,1,1,1,1,1,1
0,0,0,0,0,0,1,0,1,0,0,0,1,1,1,1,1,1
0,0,0,0,0,0,1,0,2,1,0,0,1,1,1,1,1,1
0,0,0,0,0,0,1,0,1,0,0,0,1,1,1,1,1,1
0,0,1,0,0,0,0,0,1,0,0,0,1,1,1,1,1,1
0,0,0,0,0,0,1,0,2,1,0,0,1,1,1,1,1,1
0,0,0,0,0,0,1,0,1,0,0,0,1,1,1,1,1,1
0,0,0,0,0,0,0,1,2,1,0,1,1,1,1,1,1,1
0,0,0,0,0,0,1,0,2,1,0,0,1,1,1,1,1,1
0,0,0,0,0,0,1,0,1,0,0,0,1,1,1,1,1,1
0,0,0,0,0,0,0,1,2,1,0,1,1,1,1,1,1,1
0,0,0,0,0,0,1,0,2,1,0,0,1,1,1,1,1,1
0,0,0,0,0,0,1,0,1,0,0,0,1,1,1,1,1,1
0,0,0,0,0,0,1,0,1,0,0,0,1,1,1,1,1,1
0,0,0,0,0,0,1,0,2,1,0,0,1,1,1,1,1,1
0,0,1,0,0,0,0,0,1,0,0,0,1,1,1,1,1,1
0,0,0,0,0,0,1,0,1,0,0,0,1,1,1,1,1,1
0,0,1,0,0,0,0,0,3,1,1,0,1,1,1,1,1,1
0,0,0,0,0,0,1,0,1,0,0,0,1,1,1,1,1,1
0,0,0,0,0,0,1,0,2,1,0,0,1,1,1,1,1,1
0,0,0,0,0,0,0,1,2,1,0,1,1,1,1,1,1,1
0,0,0,0,0,0,0,1,3,1,0,1,1,1,1,1,1,1
1,0,0,0,0,0,0,0,1,0,0,0,1,1,1,1,1,1
0,0,0,0,0,0,1,0,2,1,0,0,1,1,1,1,1,1
1,0,0,0,0,0,0,0,2,1,0,0,1,1,1,1,1,1
0,0,0,0,0,1,0,0,1,0,0,0,1,1,1,1,1,1
0,0,0,0,0,0,1,0,1,0,0,0,1,1,1,1,1,1
0,0,1,0,0,0,0,0,2,1,0,0,1,1,1,1,1,1
0,0,0,0,0,0,1,0,1,0,0,0,1,1,1,1,1,1
0,0,0,0,0,0,0,1,3,1,0,1,1,1,1,1,1,1
0,0,0,0,0,0,1,0,2,1,0,0,1,1,1,1,1,1
1,0,0,0,0,0,0,0,1,0,0,0,1,1,1,1,1,1
0,0,0,0,0,0,1,0,1,0,0,0,1,1,1,1,1,1
0,0,0,0,0,0,1,0,1,0,0,0,1,1,1,1,1,1
0,0,0,0,0,0,1,0,2,1,0,0,1,1,1,1,1,1
0,0,0,0,0,0,0,1,2,1,0,1,1,1,1,1,1,1
0,1,0,0,0,0,0,0,2,1,0,0,1,1,1,1,1,1
0,0,1,0,0,0,0,0,1,0,0,0,1,1,1,1,1,1
0,0,0,0,0,0,0,1,2,1,0,1,1,1,1,1,1,1
0,0,0,0,0,0,1,0,2,1,0,0,1,1,1,1,1,1
1,0,0,0,0,0,0,0,1,0,0,0,1,1,1,1,1,1
0,0,0,0,0,0,1,0,1,0,0,0,1,1,1,1,1,1
0,0,0,0,0,0,1,0,1,0,0,0,1,1,1,1,1,1
0,0,0,0,0,0,1,0,1,0,0,0,1,1,1,1,1,1
0,1,0,0,0,0,0,0,2,1,0,0,1,1,1,1,1,1
0,0,0,0,0,0,0,1,2,1,0,1,1,1,1,1,1,1
0,0,0,0,0,0,1,0,1,0,0,0,1,1,1,1,1,1
0,0,0,0,0,0,1,0,1,0,0,0,1,1,1,1,1,1
0,0,0,0,0,0,1,0,1,0,0,0,1,1,1,1,1,1
0,0,0,0,0,0,1,0,1,0,0,0,1,1,1,1,1,1
0,0,0,0,0,0,1,0,2,1,0,0,1,1,1,1,1,1
0,0,0,0,0,0,1,0,1,0,0,0,1,1,1,1,1,1
0,0,0,0,0,0,1,0,2,1,0,0,1,1,1,1,1,1
0,0,0,0,0,0,1,0,1,0,0,0,1,1,1,1,1,1
0,0,0,0,0,0,1,0,3,1,0,0,1,1,1,1,1,1
0,0,0,0,0,0,1,0,1,0,0,0,1,1,1,1,1,1
0,0,0,0,0,1,0,0,1,0,0,0,1,1,1,1,1,1
0,0,0,0,0,0,1,0,2,1,0,0,1,1,1,1,1,1
0,0,0,0,0,0,1,0,2,1,0,0,1,1,1,1,1,1
0,0,0,0,0,0,1,0,2,1,0,0,1,1,1,1,1,1
0,0,0,0,0,0,1,0,1,0,0,0,1,1,1,1,1,1
0,0,0,0,0,0,1,0,1,0,0,0,1,1,1,1,1,1
0,0,0,0,0,0,0,1,3,1,0,1,1,1,1,1,1,1
0,0,0,0,0,0,1,0,1,0,0,0,1,1,1,1,1,1
1,0,0,0,0,0,0,0,1,0,0,0,1,1,1,1,1,1
0,0,0,0,0,0,1,0,1,0,0,0,1,1,1,1,1,1
0,0,0,0,0,0,1,0,1,0,0,0,1,1,1,1,1,1
0,0,0,0,0,0,0,1,2,1,0,1,1,1,1,1,1,1
0,0,0,0,0,0,0,1,2,1,0,1,1,1,1,1,1,1
1,0,0,0,0,0,0,0,2,1,0,0,1,1,1,1,1,1
0,0,0,0,0,0,1,0,1,0,0,0,1,1,1,1,1,1
0,0,0,0,0,0,1,0,5,1,0,0,1,1,1,1,1,1
0,1,0,0,0,0,0,0,3,1,0,0,1,1,1,1,1,1
1,0,0,0,0,0,0,0,1,0,0,0,1,1,1,1,1,1
0,0,0,0,0,0,1,0,1,0,0,0,1,1,1,1,1,1
0,0,1,0,0,0,0,0,1,0,0,0,1,1,1,1,1,1
0,0,0,0,0,0,1,0,1,0,0,0,1,1,1,1,1,1
0,0,0,0,0,0,1,0,1,0,0,0,1,1,1,1,1,1
0,0,0,0,0,0,1,0,1,0,0,0,1,1,1,1,1,1
0,0,0,0,0,0,1,0,2,1,0,0,1,1,1,1,1,1
0,0,0,0,0,0,1,0,2,1,0,0,1,1,1,1,1,1
0,0,0,0,0,0,0,1,3,1,0,1,1,1,1,1,1,1
0,0,0,0,0,0,1,0,2,1,0,0,1,1,1,1,1,1
0,0,0,0,0,0,1,0,4,1,0,0,1,1,1,1,1,1
0,0,0,0,0,0,1,0,2,1,0,0,1,1,1,1,1,1
0,0,0,0,0,0,1,0,1,0,0,0,1,1,1,1,1,1
0,0,0,0,0,0,1,0,1,0,0,0,1,1,1,1,1,1
0,0,0,0,0,1,0,0,1,0,0,0,1,1,1,1,1,1
0,0,0,0,0,0,1,0,2,1,0,0,1,1,1,1,1,1
0,0,0,0,0,0,1,0,1,0,0,0,1,1,1,1,1,1
0,0,0,0,0,0,1,0,1,0,0,0,1,1,1,1,1,1
0,0,0,0,0,0,1,0,1,0,0,0,1,1,1,1,1,1
0,0,0,0,0,0,1,0,2,1,0,0,1,1,1,1,1,1
0,0,0,0,0,0,1,0,5,1,0,0,1,1,1,1,1,1
0,0,0,0,0,0,1,0,1,0,0,0,1,1,1,1,1,1
0,0,0,0,0,0,1,0,1,0,0,0,1,1,1,1,1,1
0,0,0,0,0,0,1,0,2,1,0,0,1,1,1,1,1,1
0,1,0,0,0,0,0,0,3,1,0,0,1,1,1,1,1,1
0,0,0,0,0,0,0,1,3,1,0,1,1,1,1,1,1,1
0,0,0,0,0,0,1,0,5,1,0,0,1,1,1,1,1,1
0,0,0,0,0,0,1,0,2,1,0,0,1,1,1,1,1,1
0,0,0,0,0,0,1,0,2,1,0,0,1,1,1,1,1,1
0,0,0,0,0,0,1,0,1,0,0,0,1,1,1,1,1,1
1,0,0,0,0,0,0,0,1,0,0,0,1,1,1,1,1,1
0,0,1,0,0,0,0,0,1,0,0,0,1,1,1,1,1,1
0,0,0,0,0,0,1,0,2,1,0,0,1,1,1,1,1,1
0,0,0,0,0,0,1,0,1,0,0,0,1,1,1,1,1,1
0,0,0,0,0,0,1,0,2,1,0,0,1,1,1,1,1,1
0,0,0,0,0,0,1,0,1,0,0,0,1,1,1,1,1,1
1,0,0,0,0,0,0,0,1,0,0,0,1,1,1,1,1,1
0,0,0,0,0,0,1,0,1,0,0,0,1,1,1,1,1,1
0,0,0,0,0,0,1,0,1,0,0,0,1,1,1,1,1,1
0,0,0,0,0,0,1,0,2,1,0,0,1,1,1,1,1,1
0,0,0,0,0,0,1,0,1,0,0,0,1,1,1,1,1,1
0,0,0,0,0,0,0,1,3,1,0,1,1,1,1,1,1,1
0,0,0,0,0,1,0,0,1,0,0,0,1,1,1,1,1,1
0,0,0,0,0,0,1,0,3,1,0,0,1,1,1,1,1,1
0,0,0,0,0,0,1,0,1,0,0,0,1,1,1,1,1,1
0,0,0,0,0,0,1,0,1,0,0,0,1,1,1,1,1,1
0,0,0,0,0,1,0,0,1,0,0,0,1,1,1,1,1,1
0,0,0,0,0,0,1,0,2,1,0,0,1,1,1,1,1,1
1,0,0,0,0,0,0,0,1,0,0,0,1,1,1,1,1,1
0,1,0,0,0,0,0,0,2,1,0,0,1,1,1,1,1,1
1,0,0,0,0,0,0,0,1,0,0,0,1,1,1,1,1,1
0,0,0,0,0,0,1,0,1,0,0,0,1,1,1,1,1,1
1,0,0,0,0,0,0,0,1,0,0,0,1,1,1,1,1,1
0,0,0,0,0,0,1,0,1,0,0,0,1,1,1,1,1,1
0,0,0,0,0,0,1,0,2,1,0,0,1,1,1,1,1,1
0,0,0,0,0,0,1,0,2,1,0,0,1,1,1,1,1,1
0,0,0,0,0,0,1,0,2,1,0,0,1,1,1,1,1,1
1,0,0,0,0,0,0,0,2,1,0,0,1,1,1,1,1,1
0,0,1,0,0,0,0,0,2,1,0,0,1,1,1,1,1,1
0,1,0,0,0,0,0,0,2,1,0,0,1,1,1,1,1,1
0,0,1,0,0,0,0,0,1,0,0,0,1,1,1,1,1,1
0,0,0,0,0,0,1,0,1,0,0,0,1,1,1,1,1,1
1,0,0,0,0,0,0,0,2,1,0,0,1,1,1,1,1,1
0,0,0,0,0,0,0,1,3,1,0,1,1,1,1,1,1,1
0,1,0,0,0,0,0,0,2,1,0,0,1,1,1,1,1,1
0,0,1,0,0,0,0,0,1,0,0,0,1,1,1,1,1,1
1,0,0,0,0,0,0,0,1,0,0,0,1,1,1,1,1,1
0,1,0,0,0,0,0,0,2,1,0,0,1,1,1,1,1,1
0,0,1,0,0,0,0,0,1,0,0,0,1,1,1,1,1,1
1,0,0,0,0,0,0,0,1,0,0,0,1,1,1,1,1,1
0,0,1,0,0,0,0,0,1,0,0,0,1,1,1,1,1,1
0,0,1,0,0,0,0,0,1,0,0,0,1,1,1,1,1,1
0,0,1,0,0,0,0,0,1,0,0,0,1,1,1,1,1,1
1,0,0,0,0,0,0,0,1,0,0,0,1,1,1,1,1,1
1,0,0,0,0,0,0,0,1,0,0,0,1,1,1,1,1,1
0,0,1,0,0,0,0,0,1,0,0,0,1,1,1,1,1,1
0,0,1,0,0,0,0,0,1,0,0,0,1,1,1,1,1,1
0,0,1,0,0,0,0,0,1,0,0,0,1,1,1,1,1,1
1,0,0,0,0,0,0,0,1,0,0,0,1,1,1,1,1,1
0,0,1,0,0,0,0,0,1,0,0,0,1,1,1,1,1,1
0,0,1,0,0,0,0,0,1,0,0,0,1,1,1,1,1,1
0,0,1,0,0,0,0,0,1,0,0,0,1,1,1,1,1,1
0,0,1,0,0,0,0,0,1,0,0,0,1,1,1,1,1,1
1,0,0,0,0,0,0,0,1,0,0,0,1,1,1,1,1,1
0,0,1,0,0,0,0,0,1,0,0,0,1,1,1,1,1,1
1,0,0,0,0,0,0,0,1,0,0,0,1,1,1,1,1,1
1,0,0,0,0,0,0,0,1,0,0,0,1,0,0,0,1,1
1,0,0,0,0,0,0,0,1,0,0,0,1,1,1,1,1,1
1,0,0,0,0,0,0,0,1,0,0,0,1,1,1,1,1,1
1,0,0,0,0,0,0,0,1,0,0,0,1,1,1,1,1,1
1,0,0,0,0,0,0,0,1,0,0,0,1,1,1,1,1,1
1,0,0,0,0,0,0,0,1,0,0,0,1,1,1,1,1,1
1,0,0,0,0,0,0,0,1,0,0,0,1,1,1,1,1,1
0,1,0,0,0,0,0,0,3,1,0,0,1,1,1,1,1,1
0,1,0,0,0,0,0,0,2,1,0,0,1,1,1,1,1,1
1,0,0,0,0,0,0,0,1,0,0,0,1,1,1,1,1,1
1,0,0,0,0,0,0,0,1,0,0,0,1,1,1,1,1,1
1,0,0,0,0,0,0,0,1,0,0,0,1,1,1,1,1,1
1,0,0,0,0,0,0,0,1,0,0,0,1,1,1,1,1,1
1,0,0,0,0,0,0,0,1,0,0,0,1,1,1,1,1,1
1,0,0,0,0,0,0,0,1,0,0,0,1,1,1,1,1,1
1,0,0,0,0,0,0,0,1,0,0,0,1,1,1,1,1,1
1,0,0,0,0,0,0,0,1,0,0,0,1,1,1,1,1,1
1,0,0,0,0,0,0,0,1,0,0,0,1,1,1,1,1,1
1,0,0,0,0,0,0,0,1,0,0,0,1,1,1,1,1,1
1,0,0,0,0,0,0,0,1,0,0,0,1,1,1,1,1,1
1,0,0,0,0,0,0,0,1,0,0,0,1,1,1,1,1,1
1,0,0,0,0,0,0,0,1,0,0,0,1,1,1,1,1,1
1,0,0,0,0,0,0,0,1,0,0,0,1,1,1,1,1,1
1,0,0,0,0,0,0,0,1,0,0,0,1,1,1,1,1,1
1,0,0,0,0,0,0,0,1,0,0,0,1,1,1,1,1,1
1,0,0,0,0,0,0,0,1,0,0,0,1,1,1,1,1,1
1,0,0,0,0,0,0,0,1,0,0,0,1,1,1,1,1,1
1,0,0,0,0,0,0,0,2,1,0,0,1,1,1,1,1,1
1,0,0,0,0,0,0,0,1,0,0,0,1,1,1,1,1,1
1,0,0,0,0,0,0,0,1,0,0,0,1,1,1,1,1,1
1,0,0,0,0,0,0,0,1,0,0,0,1,1,1,1,1,1
1,0,0,0,0,0,0,0,2,1,0,0,1,1,1,1,1,1
1,0,0,0,0,0,0,0,1,0,0,0,1,1,1,1,1,1
1,0,0,0,0,0,0,0,1,0,0,0,1,1,1,1,1,1
1,0,0,0,0,0,0,0,2,1,0,0,1,1,1,1,1,1
1,0,0,0,0,0,0,0,1,0,0,0,1,1,1,1,1,1
1,0,0,0,0,0,0,0,3,1,0,0,1,1,1,1,1,1
1,0,0,0,0,0,0,0,1,0,0,0,1,1,1,1,1,1
0,1,0,0,0,0,0,0,2,1,0,0,1,1,1,1,1,1
1,0,0,0,0,0,0,0,1,0,0,0,1,1,1,1,1,1
1,0,0,0,0,0,0,0,1,0,0,0,1,1,1,1,1,1
1,0,0,0,0,0,0,0,1,0,0,0,1,1,1,1,1,1
1,0,0,0,0,0,0,0,1,0,0,0,1,1,1,1,1,1
1,0,0,0,0,0,0,0,1,0,0,0,1,1,1,1,1,1
1,0,0,0,0,0,0,0,1,0,0,0,1,1,1,1,1,1
1,0,0,0,0,0,0,0,1,0,0,0,1,1,1,1,1,1
0,1,0,0,0,0,0,0,2,1,0,0,1,1,1,1,1,1
1,0,0,0,0,0,0,0,1,0,0,0,1,1,1,1,1,1
1,0,0,0,0,0,0,0,1,0,0,0,1,1,1,1,1,1
1,0,0,0,0,0,0,0,1,0,0,0,1,1,1,1,1,1
1,0,0,0,0,0,0,0,1,0,0,0,1,1,1,1,1,1
1,0,0,0,0,0,0,0,2,1,0,0,1,1,1,1,1,1
1,0,0,0,0,0,0,0,1,0,0,0,1,1,1,1,1,1
1,0,0,0,0,0,0,0,1,0,0,0,1,1,1,1,1,1
0,0,1,0,0,0,0,0,1,0,0,0,1,1,1,1,1,1
0,0,0,0,0,1,0,0,1,0,0,0,1,1,1,1,1,1
0,0,0,0,0,1,0,0,1,0,0,0,1,1,1,1,1,1
0,0,0,0,0,1,0,0,1,0,0,0,1,1,1,1,1,1
0,0,0,0,0,1,0,0,1,0,0,0,1,1,1,1,1,1
0,0,0,0,0,1,0,0,3,1,0,0,1,1,1,1,1,1
0,0,0,0,0,1,0,0,1,0,0,0,1,1,1,1,1,1
0,0,0,0,0,0,0,1,3,1,0,1,1,1,1,1,1,1
0,0,0,0,0,1,0,0,1,0,0,0,1,1,1,1,1,1
0,0,0,0,0,1,0,0,1,0,0,0,1,1,1,1,1,1
0,0,0,0,0,1,0,0,2,1,0,0,1,1,1,1,1,1
0,0,0,0,0,1,0,0,1,0,0,0,1,1,1,1,1,1
0,0,0,0,0,1,0,0,2,1,0,0,1,1,1,1,1,1
0,0,0,0,0,0,0,1,3,1,0,1,1,1,1,1,1,1
0,0,0,0,0,1,0,0,2,1,0,0,1,1,1,1,1,1
0,0,0,0,0,1,0,0,1,0,0,0,1,1,1,1,1,1
0,0,0,0,0,1,0,0,2,1,0,0,1,1,1,1,1,1
0,0,0,0,0,1,0,0,1,0,0,0,1,1,1,1,1,1
0,0,0,0,0,1,0,0,1,0,0,0,1,1,1,1,1,1
0,0,0,0,0,1,0,0,1,0,0,0,1,1,1,1,1,1
0,0,0,0,0,1,0,0,1,0,0,0,1,1,1,1,1,1
0,0,0,0,0,1,0,0,2,1,0,0,1,1,1,1,1,1
0,0,0,0,0,0,0,1,2,1,0,1,1,1,1,1,1,1
0,0,0,0,0,0,0,1,2,1,0,1,1,1,1,1,1,1
0,1,0,0,0,0,0,0,2,1,0,0,1,1,1,1,1,1
0,0,0,0,0,0,1,0,3,1,0,0,1,1,1,1,1,1
1,0,0,0,0,0,0,0,1,0,0,0,1,1,1,1,1,1
0,0,0,0,0,1,0,0,1,0,0,0,1,1,1,1,1,1
0,0,0,0,0,1,0,0,1,0,0,0,1,1,1,1,1,1
0,0,0,0,0,1,0,0,1,0,0,0,1,1,1,1,1,1
0,0,0,0,0,1,0,0,1,0,0,0,1,1,1,1,1,1
0,0,0,0,0,1,0,0,1,0,0,0,1,1,1,1,1,1
0,0,0,0,0,1,0,0,1,0,0,0,1,1,1,1,1,1
0,0,0,0,0,1,0,0,1,0,0,0,1,1,1,1,1,1
0,0,0,0,0,1,0,0,1,0,0,0,1,1,1,1,1,1
0,0,0,0,0,1,0,0,1,0,0,0,1,1,1,1,1,1
0,0,0,0,1,0,0,0,4,1,0,0,1,1,1,1,1,1
0,0,0,0,0,1,0,0,1,0,0,0,1,1,1,1,1,1
0,0,0,0,0,1,0,0,2,1,0,0,1,1,1,1,1,1
0,0,0,0,0,1,0,0,1,0,0,0,1,1,1,1,1,1
0,0,0,0,0,1,0,0,1,0,0,0,1,1,1,1,1,1
0,0,0,0,0,1,0,0,1,0,0,0,1,1,1,1,1,1
0,0,0,0,0,1,0,0,1,0,0,0,1,1,1,1,1,1
0,0,0,0,0,1,0,0,1,0,0,0,1,1,1,1,1,1
0,0,0,0,0,1,0,0,1,0,0,0,1,1,1,1,1,1
0,0,0,0,0,1,0,0,1,0,0,0,1,1,1,1,1,1
0,0,0,0,0,1,0,0,1,0,0,0,1,1,0,0,1,1
0,0,0,0,0,0,0,1,2,1,0,1,1,1,1,1,1,1
0,0,0,0,0,1,0,0,2,1,0,0,1,1,1,1,1,1
0,0,0,0,0,1,0,0,3,1,0,0,1,1,1,1,1,1
0,0,0,0,0,1,0,0,1,0,0,0,1,1,1,1,1,1
0,0,0,0,0,1,0,0,1,0,0,0,1,1,1,1,1,1
0,0,0,0,0,1,0,0,1,0,0,0,1,1,1,1,1,1
0,0,0,0,0,1,0,0,1,0,0,0,1,1,1,1,1,1
0,0,0,0,0,1,0,0,1,0,0,0,1,1,1,1,1,1
0,0,0,0,0,1,0,0,2,1,0,0,1,1,1,1,1,1
0,0,0,0,0,1,0,0,2,1,0,0,1,1,1,1,1,1
0,0,0,0,0,1,0,0,2,1,0,0,1,1,1,1,1,1
0,0,0,0,0,1,0,0,1,0,0,0,1,1,1,1,1,1
0,0,0,0,0,1,0,0,3,1,0,0,1,1,1,1,1,1
0,0,0,0,0,1,0,0,2,1,0,0,1,1,1,1,1,1
0,0,0,0,0,1,0,0,1,0,0,0,1,1,1,1,1,1
0,0,0,0,0,1,0,0,1,0,0,0,1,1,1,1,1,1
0,0,0,0,0,1,0,0,1,0,0,0,1,1,1,1,1,1
0,0,0,0,0,1,0,0,1,0,0,0,1,1,1,1,1,1
0,0,0,0,0,1,0,0,1,0,0,0,1,1,1,1,1,1
0,0,0,0,0,1,0,0,1,0,0,0,1,1,1,1,1,1
0,0,0,0,0,1,0,0,1,0,0,0,1,1,1,1,1,1
0,0,0,0,0,1,0,0,1,0,0,0,1,1,1,1,1,1
0,0,0,0,0,1,0,0,1,0,0,0,1,1,1,1,1,1
0,0,0,0,0,1,0,0,1,0,0,0,1,1,1,1,1,1
0,0,0,0,0,1,0,0,2,1,0,0,1,1,1,1,1,1
0,0,0,0,0,1,0,0,1,0,0,0,1,1,1,1,1,1
0,0,0,0,0,1,0,0,1,0,0,0,1,1,1,1,1,1
0,0,0,0,0,0,0,1,2,1,0,1,1,1,1,1,1,1
0,0,0,0,0,1,0,0,1,0,0,0,1,1,1,1,1,1
0,0,0,0,0,1,0,0,1,0,0,0,1,1,1,1,1,1
0,0,0,0,0,1,0,0,1,0,0,0,1,1,1,1,1,1
0,0,0,0,0,1,0,0,1,0,0,0,1,1,1,1,1,1
0,0,0,0,0,1,0,0,1,0,0,0,1,1,1,1,1,1
0,0,0,0,0,1,0,0,1,0,0,0,1,1,1,1,1,1
0,0,0,0,0,0,0,1,2,1,0,1,1,1,1,1,1,1
0,0,0,0,0,1,0,0,1,0,0,0,1,1,1,1,1,1
0,0,0,0,0,1,0,0,2,1,0,0,1,1,1,1,1,1
0,0,0,0,0,1,0,0,1,0,0,0,1,1,1,1,1,1
0,0,0,0,0,1,0,0,1,0,0,0,1,1,1,1,1,1
0,0,0,0,0,1,0,0,1,0,0,0,1,1,1,1,1,1
0,0,0,0,0,1,0,0,1,0,0,0,1,1,1,1,1,1
0,0,0,0,0,1,0,0,1,0,0,0,1,1,1,1,1,1
0,0,0,0,0,1,0,0,1,0,0,0,1,1,1,1,1,1
0,0,0,0,0,1,0,0,1,0,0,0,1,1,1,1,1,1
0,0,0,0,0,0,1,0,2,1,0,0,1,1,1,1,1,1
1,0,0,0,0,0,0,0,1,0,0,0,1,1,1,1,1,1
1,0,0,0,0,0,0,0,1,0,0,0,1,1,1,1,1,1
1,0,0,0,0,0,0,0,2,1,0,0,1,1,1,1,1,1
1,0,0,0,0,0,0,0,1,0,0,0,1,1,1,1,1,1
0,0,0,0,0,0,1,0,2,1,0,0,1,1,1,1,1,1
0,0,0,1,0,0,0,0,1,0,0,0,1,1,1,1,1,1
0,0,0,0,1,0,0,0,2,1,0,0,1,1,1,1,1,1
0,0,0,0,0,0,0,1,2,1,0,1,1,1,1,1,1,1
1,0,0,0,0,0,0,0,1,0,0,0,1,1,1,1,1,1
0,0,0,0,0,0,0,1,3,1,0,1,1,1,1,1,1,1
0,0,1,0,0,0,0,0,1,0,0,0,1,1,1,1,1,1
0,0,0,0,0,0,1,0,1,0,0,0,1,1,1,1,1,1
0,0,0,0,0,0,1,0,2,1,0,0,1,1,1,1,1,1
0,0,0,0,0,0,1,0,1,0,0,0,1,1,1,1,1,1
0,0,0,0,0,0,1,0,1,0,0,0,1,1,1,1,1,1
0,0,0,1,0,0,0,0,5,1,0,0,1,1,1,1,1,1
0,0,0,0,0,1,0,0,4,1,0,0,1,1,1,1,1,1
0,0,0,0,0,1,0,0,2,1,0,0,1,1,1,1,1,1
0,1,0,0,0,0,0,0,4,1,0,0,1,1,1,1,1,1
0,0,0,0,0,0,1,0,1,0,0,0,1,1,1,1,1,1
1,0,0,0,0,0,0,0,1,0,0,0,1,1,1,1,1,1
0,0,1,0,0,0,0,0,1,0,0,0,1,1,1,1,1,1
1,0,0,0,0,0,0,0,1,0,0,0,1,1,1,1,1,1
1,0,0,0,0,0,0,0,1,0,0,0,1,1,1,1,1,1
1,0,0,0,0,0,0,0,3,1,0,0,1,1,1,1,1,1
0,0,1,0,0,0,0,0,1,0,0,0,1,1,1,1,1,1
1,0,0,0,0,0,0,0,1,0,0,0,1,1,1,1,1,1
1,0,0,0,0,0,0,0,4,1,0,0,1,1,1,1,1,1
0,0,0,0,0,0,0,0,1,0,0,0,1,1,1,1,1,1
0,0,1,0,0,0,0,0,1,0,0,0,1,1,1,1,1,1
0,0,0,0,0,0,1,0,3,1,0,0,1,1,1,1,1,1
0,0,0,0,0,1,0,0,1,0,0,0,1,1,1,1,1,1
1,0,0,0,0,0,0,0,1,0,0,0,1,1,1,1,1,1
0,0,1,0,0,0,0,0,1,0,0,0,1,1,1,1,1,1
0,0,0,0,0,1,0,0,1,0,0,0,1,1,1,1,1,1
0,0,0,0,0,0,1,0,4,1,0,0,1,1,1,1,1,1
1,0,0,0,0,0,0,0,3,1,0,0,1,1,1,1,1,1
0,0,1,0,0,0,0,0,1,0,0,0,1,1,1,1,1,1
0,0,0,0,0,1,0,0,1,0,0,0,1,1,1,1,1,1
0,0,1,0,0,0,0,0,1,0,0,0,1,1,1,1,1,1
0,0,0,0,0,0,0,1,4,1,0,1,1,1,1,1,1,1
0,0,0,0,0,0,1,0,3,1,0,0,1,1,1,1,1,1
0,0,0,0,0,1,0,0,2,1,0,0,1,1,1,1,1,1
0,0,0,0,0,0,0,1,3,1,0,1,1,1,1,1,1,1
0,0,0,0,0,0,0,1,2,1,0,1,1,1,1,1,1,1
0,0,0,0,0,1,0,0,1,0,0,0,1,1,1,1,1,1
0,0,0,0,0,0,1,0,1,0,0,0,1,1,1,1,1,1
0,0,0,0,0,1,0,0,1,0,0,0,1,1,1,1,1,1
0,0,0,0,0,1,0,0,1,0,0,0,1,1,1,1,1,1
0,0,1,0,0,0,0,0,1,0,0,0,1,1,1,1,1,1
0,0,0,0,0,1,0,0,2,1,0,0,1,1,1,1,1,1
0,0,0,0,0,0,1,0,1,0,0,0,1,1,1,1,1,1
0,0,0,0,0,1,0,0,2,1,0,0,1,1,1,1,1,1
0,0,1,0,0,0,0,0,1,0,0,0,1,1,1,1,1,1
0,0,0,0,0,1,0,0,2,1,0,0,1,1,1,1,1,1
0,0,0,0,0,0,1,0,1,0,0,0,1,1,1,1,1,1
0,0,0,0,0,0,1,0,1,0,0,0,1,1,1,1,1,1
0,0,0,0,0,1,0,0,1,0,0,0,1,1,1,1,1,1
0,0,0,0,0,0,0,1,2,1,0,1,1,1,1,1,1,1
0,0,0,0,0,0,1,0,2,1,0,0,1,1,1,1,1,1
0,0,0,0,0,1,0,0,2,1,0,0,1,1,1,1,1,1
0,0,0,0,0,1,0,0,1,0,0,0,1,1,1,1,1,1
0,0,0,0,0,0,1,0,2,1,0,0,1,1,1,1,1,1
0,0,1,0,0,0,0,0,1,0,0,0,1,1,1,1,1,1
0,0,0,0,0,1,0,0,1,0,0,0,1,1,1,1,1,1
0,0,0,0,0,1,0,0,1,0,0,0,1,1,1,1,1,1
0,0,0,0,0,0,1,0,3,1,0,0,1,1,1,1,1,1
0,0,1,0,0,0,0,0,1,0,0,0,1,1,1,1,1,1
0,0,0,0,0,0,1,0,4,1,0,0,1,1,1,1,1,1
1,0,0,0,0,0,0,0,1,0,0,0,1,1,1,1,1,1
0,0,0,0,0,1,0,0,2,1,0,0,1,1,1,1,1,1
0,0,0,0,0,1,0,0,1,0,0,0,1,1,1,1,1,1
0,0,0,0,0,0,1,0,1,0,0,0,1,1,1,1,1,1
1,0,0,0,0,0,0,0,1,0,0,0,1,1,1,1,1,1
0,0,0,0,0,0,1,0,2,1,0,0,1,1,1,1,1,1
0,0,0,0,0,1,0,0,1,0,0,0,1,1,1,1,1,1
0,0,0,0,0,1,0,0,1,0,0,0,1,1,1,1,1,1
0,0,0,0,0,0,0,1,6,1,0,1,1,1,1,1,1,1
0,0,0,0,0,1,0,0,1,0,0,0,1,1,1,1,1,1
0,0,0,0,1,0,0,0,3,1,0,0,1,1,1,1,1,1
0,0,0,0,0,1,0,0,1,0,0,0,1,1,1,1,1,1
0,0,0,0,0,0,1,0,1,0,0,0,1,1,1,1,1,1
0,0,0,0,0,0,0,1,3,1,0,1,1,1,1,1,1,1
0,0,0,0,0,0,1,0,1,0,0,0,1,1,1,1,1,1
0,0,0,0,0,1,0,0,1,0,0,0,1,1,1,1,1,1
0,0,0,0,0,1,0,0,3,1,0,0,1,1,1,1,1,1
0,0,0,0,0,1,0,0,3,1,0,0,1,1,1,1,1,1
0,0,1,0,0,0,0,0,1,0,0,0,1,1,1,1,1,1
0,0,0,0,0,1,0,0,1,0,0,0,1,1,1,1,1,1
0,0,0,1,0,0,0,0,1,0,0,0,1,1,1,1,1,1
0,0,0,1,0,0,0,0,1,0,0,0,1,1,1,1,1,1
0,0,0,1,0,0,0,0,1,0,0,0,1,1,1,1,1,1
0,0,0,0,1,0,0,0,2,1,0,0,1,1,1,1,1,1
0,0,0,1,0,0,0,0,1,0,0,0,1,1,1,1,1,1
0,0,0,1,0,0,0,0,1,0,0,0,1,1,1,1,1,1
0,0,0,1,0,0,0,0,1,0,0,0,1,1,1,1,1,1
0,0,0,1,0,0,0,0,1,0,0,0,1,1,1,1,1,1
0,0,0,1,0,0,0,0,1,0,0,0,1,1,1,1,1,1
0,0,0,1,0,0,0,0,2,1,0,0,1,1,1,1,1,1
0,0,0,1,0,0,0,0,1,0,0,0,1,1,1,1,1,1
0,0,0,1,0,0,0,0,1,0,0,0,1,1,1,1,1,1
0,0,0,1,0,0,0,0,1,0,0,0,1,1,1,1,1,1
0,0,0,0,0,0,1,0,1,0,0,0,1,1,1,1,1,1
0,0,0,0,0,0,1,0,1,0,0,0,1,1,1,1,1,1
1,0,0,0,0,0,0,0,1,0,0,0,1,1,1,1,1,1
0,0,0,0,0,0,1,0,2,1,0,0,1,1,1,1,1,1
0,0,0,1,0,0,0,0,1,0,0,0,1,1,1,1,1,1
0,0,0,1,0,0,0,0,1,0,0,0,1,1,1,1,1,1
0,0,0,1,0,0,0,0,1,0,0,0,1,1,1,1,1,1
0,0,0,1,0,0,0,0,2,1,0,0,1,1,1,1,1,1
0,0,0,1,0,0,0,0,2,1,0,0,1,1,1,1,1,1
0,0,0,1,0,0,0,0,1,0,0,0,1,1,1,1,1,1
0,0,0,1,0,0,0,0,1,0,0,0,1,1,1,1,1,1
0,0,0,1,0,0,0,0,1,0,0,0,1,1,1,1,1,1
0,0,0,1,0,0,0,0,2,1,0,0,1,1,1,1,1,1
1,0,0,0,0,0,0,0,1,0,0,0,1,1,1,1,1,1
0,0,0,0,0,0,1,0,1,0,0,0,1,1,1,1,1,1
0,0,1,0,0,0,0,0,1,0,0,0,1,0,0,0,1,1
0,0,1,0,0,0,0,0,1,0,0,0,1,1,1,1,1,1
0,0,0,0,1,0,0,0,3,1,0,0,1,1,1,1,1,1
0,0,0,1,0,0,0,0,1,0,0,0,1,1,1,1,1,1
0,0,0,1,0,0,0,0,3,1,0,0,1,1,1,1,1,1
0,0,0,0,0,1,0,0,1,0,0,0,1,1,1,1,1,1
0,0,0,1,0,0,0,0,1,0,0,0,1,1,1,1,1,1
0,0,0,1,0,0,0,0,2,1,0,0,1,1,1,1,1,1
0,0,1,0,0,0,0,0,2,1,0,0,1,1,1,1,1,1
0,0,0,0,0,0,1,0,1,0,0,0,1,1,1,1,1,1
0,0,0,0,0,0,1,0,1,0,0,0,1,1,1,1,1,1
0,0,0,0,0,0,1,0,1,0,0,0,1,1,1,1,1,1
0,0,1,0,0,0,0,0,2,1,0,0,1,1,1,1,1,1
1,0,0,0,0,0,0,0,1,0,0,0,1,1,1,1,1,1
1,0,0,0,0,0,0,0,1,0,0,0,1,1,1,1,1,1
0,0,0,0,0,0,1,0,1,0,0,0,1,1,1,1,1,1
1,0,0,0,0,0,0,0,1,0,0,0,1,1,1,1,1,1
1,0,0,0,0,0,0,0,1,0,0,0,1,1,1,1,1,1
1,0,0,0,0,0,0,0,2,1,0,0,1,1,1,1,1,1
1,0,0,0,0,0,0,0,1,0,0,0,1,1,1,1,1,1
0,1,0,0,0,0,0,0,2,1,0,0,1,1,1,1,1,1
0,0,1,0,0,0,0,0,1,0,0,0,1,1,1,1,1,1
0,0,0,0,0,1,0,0,1,0,0,0,1,1,1,1,1,1
0,0,0,1,0,0,0,0,2,1,0,0,1,1,1,1,1,1
0,0,0,0,0,1,0,0,3,1,0,0,1,1,1,1,1,1
0,0,0,0,0,0,0,1,2,1,0,1,1,1,1,1,1,1
0,0,0,0,0,0,1,0,1,0,0,0,1,1,1,1,1,1
0,0,0,0,0,0,1,0,1,0,0,0,1,1,1,1,1,1
0,0,0,0,0,0,1,0,1,0,0,0,1,1,1,1,1,1
0,0,0,0,0,0,0,1,3,1,0,1,1,1,1,1,1,1
0,0,0,0,0,0,1,0,1,0,0,0,1,1,1,1,1,1
0,0,0,0,0,0,0,1,2,1,0,1,1,1,1,1,1,1
0,0,0,0,0,0,1,0,1,0,0,0,1,1,1,1,1,1
0,0,0,0,0,0,1,0,1,0,0,0,1,1,1,1,1,1
0,0,0,0,0,0,1,0,2,1,0,0,1,1,1,1,1,1
0,0,0,0,0,0,1,0,1,0,0,0,1,1,1,1,1,1
0,0,0,0,0,0,0,1,2,1,0,1,1,1,1,1,1,1
0,0,0,0,0,0,1,0,2,1,0,0,1,1,1,1,1,1
0,0,0,0,0,0,1,0,2,1,0,0,1,1,1,1,1,1
0,0,0,0,0,0,1,0,1,0,0,0,1,1,1,1,1,1
0,0,0,0,0,0,1,0,1,0,0,0,1,1,1,1,1,1
0,0,0,0,0,0,1,0,2,1,0,0,1,1,1,1,1,1
0,0,0,0,0,0,1,0,1,0,0,0,1,1,1,1,1,1
0,0,0,0,0,0,1,0,1,0,0,0,1,1,1,1,1,1
0,0,0,0,0,0,1,0,1,0,0,0,1,1,1,1,1,1
0,0,1,0,0,0,0,0,1,0,0,0,1,1,1,1,1,1
0,0,0,0,0,0,1,0,2,1,0,0,1,1,1,1,1,1
0,0,0,0,0,0,1,0,1,0,0,0,1,1,1,1,1,1
0,0,0,0,0,0,1,0,3,1,0,0,1,1,1,1,1,1
0,0,0,0,0,0,1,0,1,0,0,0,1,1,1,1,1,1
0,0,0,0,0,0,1,0,1,0,0,0,1,1,1,1,1,1
0,0,0,0,0,0,1,0,2,1,0,0,1,1,1,1,1,1
0,0,0,0,0,0,1,0,1,0,0,0,1,1,1,1,1,1
0,0,0,0,0,0,1,0,2,1,0,0,1,1,1,1,1,1
0,0,0,0,0,0,1,0,1,0,0,0,1,1,1,1,1,1
0,0,0,0,0,0,1,0,1,0,0,0,1,1,1,1,1,1
0,0,0,0,0,0,1,0,2,1,0,0,1,1,1,1,1,1
0,0,0,0,0,0,1,0,2,1,0,0,1,1,1,1,1,1
0,0,1,0,0,0,0,0,1,0,0,0,1,1,1,1,1,1
0,0,0,0,0,0,1,0,1,0,0,0,1,1,1,1,1,1
0,0,0,0,0,0,1,0,1,0,0,0,1,1,1,1,1,1
0,0,0,0,0,0,1,0,1,0,0,0,1,1,1,1,1,1
0,0,0,0,0,0,1,0,1,0,0,0,1,1,1,1,1,1
0,0,0,0,0,0,1,0,1,0,0,0,1,1,1,1,1,1
0,0,0,0,0,0,1,0,1,0,0,0,1,1,1,1,1,1
0,0,0,0,0,0,1,0,3,1,0,0,1,1,1,1,1,1
0,0,0,0,0,0,1,0,1,0,0,0,1,1,1,1,1,1
0,0,0,0,0,0,1,0,2,1,0,0,1,1,1,1,1,1
0,0,0,0,0,0,1,0,2,1,0,0,1,1,1,1,1,1
0,0,0,0,0,0,1,0,2,1,0,0,1,1,1,1,1,1
0,0,0,0,0,0,1,0,1,0,0,0,1,1,1,1,1,1
0,0,0,0,0,0,1,0,2,1,0,0,1,1,1,1,1,1
0,0,0,0,0,0,1,0,2,1,0,0,1,1,1,1,1,1
0,0,0,0,0,0,1,0,2,1,0,0,1,1,1,1,1,1
0,0,0,0,0,0,1,0,2,1,0,0,1,1,1,1,1,1
0,0,0,0,0,0,1,0,1,0,0,0,1,1,1,1,1,1
0,0,1,0,0,0,0,0,1,0,0,0,1,1,1,1,1,1
0,0,0,0,0,0,1,0,3,1,0,0,1,1,1,1,1,1
0,0,0,0,0,1,0,0,2,1,0,0,1,1,1,1,1,1
0,0,0,0,0,0,0,1,3,1,0,1,1,1,1,1,1,1
0,0,1,0,0,0,0,0,1,0,0,0,1,1,1,1,1,1
0,0,0,0,1,0,0,0,3,1,0,0,1,1,1,1,1,1
0,0,0,0,0,0,0,1,3,1,0,1,1,1,1,1,1,1
0,0,0,0,0,0,1,0,1,0,0,0,1,1,1,1,1,1
1,0,0,0,0,0,0,0,2,1,0,0,1,1,1,1,1,1
1,0,0,0,0,0,0,0,1,0,0,0,1,1,1,1,1,1
1,0,0,0,0,0,0,0,1,0,0,0,1,1,1,1,1,1
1,0,0,0,0,0,0,0,1,0,0,0,1,1,1,1,1,1
0,0,1,0,0,0,0,0,1,0,0,0,1,1,1,1,1,1
0,0,0,0,0,1,0,0,1,0,0,0,1,1,1,1,1,1
0,0,0,0,0,0,0,1,3,1,0,1,1,1,1,1,1,1
0,0,1,0,0,0,0,0,1,0,0,0,1,1,1,1,1,1
0,0,0,0,0,0,1,0,2,1,0,0,1,1,1,1,1,1
0,0,1,0,0,0,0,0,1,0,0,0,1,1,1,1,1,1
0,1,0,0,0,0,0,0,3,1,0,0,1,1,1,1,1,1
1,0,0,0,0,0,0,0,1,0,0,0,1,1,1,1,1,1
0,0,0,0,0,0,1,0,1,0,0,0,1,1,1,1,1,1
0,0,0,0,0,0,1,0,1,0,0,0,1,1,1,1,1,1
1,0,0,0,0,0,0,0,1,0,0,0,1,1,1,1,1,1
0,0,0,0,0,0,1,0,1,0,0,0,1,1,1,1,1,1
1,0,0,0,0,0,0,0,1,0,0,0,1,1,1,1,1,1
0,0,1,0,0,0,0,0,1,0,0,0,1,1,1,1,1,1
0,0,0,0,0,0,1,0,1,0,0,0,1,1,1,1,1,1
0,0,0,0,0,0,1,0,1,0,0,0,1,1,1,1,1,1
1,0,0,0,0,0,0,0,1,0,0,0,1,1,1,1,1,1
0,0,0,0,0,0,1,0,1,0,0,0,1,1,1,1,1,1
0,0,0,0,0,0,1,0,1,0,0,0,1,1,1,1,1,1
0,0,0,0,0,0,0,1,2,1,0,1,1,1,1,1,1,1
0,0,1,0,0,0,0,0,1,0,0,0,1,1,1,1,1,1
0,0,1,0,0,0,0,0,1,0,0,0,1,1,1,1,1,1
0,0,1,0,0,0,0,0,1,0,0,0,1,1,1,1,1,1
0,0,0,0,0,0,1,0,1,0,0,0,1,1,1,1,1,1
0,0,0,0,0,0,0,1,2,1,0,1,1,1,1,1,1,1
0,0,0,0,0,0,1,0,2,1,0,0,1,1,1,1,1,1
0,0,0,0,0,0,1,0,1,0,0,0,1,1,1,1,1,1
0,0,1,0,0,0,0,0,1,0,0,0,1,1,1,1,1,1
0,0,0,0,0,0,1,0,2,1,0,0,1,1,1,1,1,1
0,0,0,0,0,0,1,0,1,0,0,0,1,1,1,1,1,1
0,0,0,0,0,0,1,0,1,0,0,0,1,1,1,1,1,1
0,0,1,0,0,0,0,0,2,1,0,0,1,1,1,1,1,1
0,0,1,0,0,0,0,0,1,0,0,0,1,1,1,1,1,1
0,0,0,0,0,0,1,0,2,1,0,0,1,1,1,1,1,1
0,0,0,0,0,0,1,0,1,0,0,0,1,1,1,1,1,1
1,0,0,0,0,0,0,0,1,0,0,0,1,1,1,1,1,1
0,0,1,0,0,0,0,0,1,0,0,0,1,1,1,1,1,1
0,0,0,0,0,0,1,0,1,0,0,0,1,1,1,1,1,1
0,0,0,0,0,0,1,0,2,1,0,0,1,1,1,1,1,1
0,0,0,0,0,0,1,0,1,0,0,0,1,1,1,1,1,1
0,0,0,0,0,0,0,1,2,1,0,1,1,1,1,1,1,1
0,0,0,0,0,1,0,0,1,0,0,0,1,1,1,1,1,1
0,0,1,0,0,0,0,0,1,0,0,0,1,1,1,1,1,1
1,0,0,0,0,0,0,0,1,0,0,0,1,1,1,1,1,1
0,0,0,0,0,0,1,0,2,1,0,0,1,1,1,1,1,1
0,0,0,0,0,0,1,0,1,0,0,0,1,1,1,1,1,1
0,0,0,0,0,0,1,0,1,0,0,0,1,1,1,1,1,1
0,0,0,0,0,0,1,0,1,0,0,0,1,1,1,1,1,1
1,0,0,0,0,0,0,0,1,0,0,0,1,1,1,1,1,1
1,0,0,0,0,0,0,0,1,0,0,0,1,1,1,1,1,1
0,0,0,0,0,0,1,0,2,1,0,0,1,1,1,1,1,1
0,0,0,0,0,1,0,0,1,0,0,0,1,1,1,1,1,1
0,0,0,0,0,0,1,0,1,0,0,0,1,1,1,1,1,1
0,0,0,0,0,0,1,0,1,0,0,0,1,1,1,1,1,1
0,0,0,0,0,0,1,0,2,1,0,0,1,1,1,1,1,1
0,0,0,0,0,0,1,0,1,0,0,0,1,1,1,1,1,1
0,0,0,0,0,0,1,0,1,0,0,0,1,1,1,1,1,1
1,0,0,0,0,0,0,0,1,0,0,0,1,1,1,1,1,1
0,0,1,0,0,0,0,0,1,0,0,0,1,1,1,1,1,1
0,0,0,0,0,0,1,0,4,1,0,0,1,1,1,1,1,1
0,0,0,0,0,0,1,0,1,0,0,0,1,1,1,1,1,1
0,0,0,0,0,0,1,0,2,1,0,0,1,1,1,1,1,1
0,0,0,0,0,1,0,0,1,0,0,0,1,1,1,1,1,1
0,0,0,0,0,0,1,0,1,0,0,0,1,1,1,1,1,1
0,0,0,0,0,0,1,0,2,1,0,0,1,1,1,1,1,1
1,0,0,0,0,0,0,0,1,0,0,0,1,1,1,1,1,1
0,0,0,0,0,1,0,0,1,0,0,0,1,1,1,1,1,1
0,0,0,0,0,0,1,0,1,0,0,0,1,1,1,1,1,1
0,0,0,0,0,0,1,0,1,0,0,0,1,1,1,1,1,1
1,0,0,0,0,0,0,0,1,0,0,0,1,1,1,1,1,1
0,0,0,0,0,0,1,0,3,1,0,0,1,1,1,1,1,1
0,0,0,0,0,0,1,0,1,0,0,0,1,1,1,1,1,1
1,0,0,0,0,0,0,0,1,0,0,0,1,1,1,1,1,1
0,0,0,0,0,0,1,0,1,0,0,0,1,1,1,1,1,1
0,0,0,0,0,0,1,0,1,0,0,0,1,1,1,1,1,1
0,0,0,0,0,0,1,0,1,0,0,0,1,1,1,1,1,1
0,0,0,0,0,0,1,0,1,0,0,0,1,1,1,1,1,1
0,0,0,0,0,0,1,0,1,0,0,0,1,1,1,1,1,1
0,0,0,0,0,1,0,0,1,0,0,0,1,1,1,1,1,1
1,0,0,0,0,0,0,0,1,0,0,0,1,1,1,1,1,1
0,0,0,0,0,0,1,0,1,0,0,0,1,1,1,1,1,1
1,0,0,0,0,0,0,0,1,0,0,0,1,1,1,1,1,1
0,1,0,0,0,0,0,0,2,1,0,0,1,1,1,1,1,1
1,0,0,0,0,0,0,0,1,0,0,0,1,1,1,1,1,1
1,0,0,0,0,0,0,0,1,0,0,0,1,1,1,1,1,1
1,0,0,0,0,0,0,0,1,0,0,0,1,1,1,1,1,1
0,0,0,0,0,0,1,0,1,0,0,0,1,1,1,1,1,1
0,0,0,0,0,0,1,0,1,0,0,0,1,1,1,1,1,1
1,0,0,0,0,0,0,0,1,0,0,0,1,1,1,1,1,1
0,0,0,0,0,0,0,1,2,1,0,1,1,1,1,1,1,1
1,0,0,0,0,0,0,0,1,0,0,0,1,1,1,1,1,1
1,0,0,0,0,0,0,0,1,0,0,0,1,1,1,1,1,1
0,0,0,0,0,0,1,0,1,0,0,0,1,1,1,1,1,1
0,0,0,0,0,0,1,0,1,0,0,0,1,1,1,1,1,1
0,0,0,0,0,0,1,0,1,0,0,0,1,1,1,1,1,1
1,0,0,0,0,0,0,0,1,0,0,0,1,1,1,1,1,1
1,0,0,0,0,0,0,0,1,0,0,0,1,1,1,1,1,1
1,0,0,0,0,0,0,0,1,0,0,0,1,1,1,1,1,1
0,0,0,0,0,0,1,0,1,0,0,0,1,1,1,1,1,1
0,0,1,0,0,0,0,0,1,0,0,0,1,1,1,1,1,1
0,0,0,0,0,0,1,0,1,0,0,0,1,1,1,1,1,1
1,0,0,0,0,0,0,0,2,1,0,0,1,1,1,1,1,1
0,0,0,0,0,0,1,0,1,0,0,0,1,1,1,1,1,1
0,1,0,0,0,0,0,0,2,1,0,0,1,1,1,1,1,1
1,0,0,0,0,0,0,0,1,0,0,0,1,1,1,1,1,1
1,0,0,0,0,0,0,0,1,0,0,0,1,1,1,1,1,1
1,0,0,0,0,0,0,0,1,0,0,0,1,1,1,1,1,1
1,0,0,0,0,0,0,0,2,1,0,0,1,1,1,1,1,1
1,0,0,0,0,0,0,0,1,0,0,0,1,1,1,1,1,1
1,0,0,0,0,0,0,0,1,0,0,0,1,1,1,1,1,1
0,0,0,0,0,0,1,0,3,1,0,0,1,1,1,1,1,1
0,0,0,0,0,1,0,0,1,0,0,0,1,1,1,1,1,1
0,0,0,0,0,0,1,0,1,0,0,0,1,1,1,1,1,1
1,0,0,0,0,0,0,0,1,0,0,0,1,1,1,1,1,1
0,0,1,0,0,0,0,0,2,1,0,0,1,1,1,1,1,1
1,0,0,0,0,0,0,0,1,0,0,0,1,1,1,1,1,1
0,0,0,0,0,0,0,1,2,1,0,1,1,1,1,1,1,1
0,0,0,0,0,1,0,0,2,1,0,0,1,1,1,1,1,1
1,0,0,0,0,0,0,0,1,0,0,0,1,1,1,1,1,1
0,0,1,0,0,0,0,0,1,0,0,0,1,1,1,1,1,1
0,0,1,0,0,0,0,0,2,1,0,0,1,1,1,1,1,1
0,0,0,0,0,0,1,0,1,0,0,0,1,1,1,1,1,1
1,0,0,0,0,0,0,0,1,0,0,0,1,1,1,1,1,1
0,0,0,0,0,0,0,1,2,1,0,1,1,1,1,1,1,1
1,0,0,0,0,0,0,0,2,1,0,0,1,1,1,1,1,1
1,0,0,0,0,0,0,0,1,0,0,0,1,1,1,1,1,1
1,0,0,0,0,0,0,0,2,1,0,0,1,1,1,1,1,1
1,0,0,0,0,0,0,0,3,1,0,0,1,1,1,1,1,1
1,0,0,0,0,0,0,0,2,1,0,0,1,1,1,1,1,1
0,0,1,0,0,0,0,0,1,0,0,0,1,1,1,1,1,1
1,0,0,0,0,0,0,0,1,0,0,0,1,1,1,1,1,1
0,0,0,0,0,1,0,0,1,0,0,0,1,1,1,1,1,1
1,0,0,0,0,0,0,0,1,0,0,0,1,1,1,1,1,1
1,0,0,0,0,0,0,0,1,0,0,0,1,1,1,1,1,1
1,0,0,0,0,0,0,0,1,0,0,0,1,1,1,1,1,1
1,0,0,0,0,0,0,0,1,0,0,0,1,1,1,1,1,1
0,0,1,0,0,0,0,0,1,0,0,0,1,1,1,1,1,1
0,0,1,0,0,0,0,0,1,0,0,0,1,1,1,1,1,1
0,0,1,0,0,0,0,0,1,0,0,0,1,1,1,1,1,1
0,0,0,0,0,0,1,0,1,0,0,0,1,1,1,1,1,1
0,0,0,0,0,0,1,0,1,0,0,0,1,1,1,1,1,1
0,0,0,0,0,0,1,0,1,0,0,0,1,1,1,1,1,1
1,0,0,0,0,0,0,0,1,0,0,0,1,1,1,1,1,1
1,0,0,0,0,0,0,0,1,0,0,0,1,1,1,1,1,1
0,0,0,0,0,0,1,0,2,1,0,0,1,1,1,1,1,1
0,1,0,0,0,0,0,0,3,1,0,0,1,1,1,1,1,1
0,0,0,0,0,0,1,0,1,0,0,0,1,1,1,1,1,1
0,0,1,0,0,0,0,0,1,0,0,0,1,1,1,1,1,1
0,0,0,0,0,0,1,0,1,0,0,0,1,1,1,1,1,1
0,0,0,0,0,0,0,1,2,1,0,1,1,1,1,1,1,1
0,0,0,0,0,0,1,0,1,0,0,0,1,1,1,1,1,1
1,0,0,0,0,0,0,0,1,0,0,0,1,1,1,1,1,1
0,0,0,0,0,0,1,0,1,0,0,0,1,1,1,1,1,1
0,0,0,0,0,1,0,0,1,0,0,0,1,1,1,1,1,1
1,0,0,0,0,0,0,0,1,0,0,0,1,1,1,1,1,1
0,0,0,0,0,0,1,0,1,0,0,0,1,1,1,1,1,1
0,0,0,0,0,0,0,1,2,1,0,1,1,1,1,1,1,1
1,0,0,0,0,0,0,0,1,0,0,0,1,1,1,1,1,1
0,1,0,0,0,0,0,0,2,1,0,0,1,1,1,1,1,1
0,0,0,0,0,0,1,0,1,0,0,0,1,1,1,1,1,1
0,0,0,0,0,0,0,1,2,1,0,1,1,1,1,1,1,1
0,0,0,0,0,0,1,0,1,0,0,0,1,1,1,1,1,1
1,0,0,0,0,0,0,0,1,0,0,0,1,1,1,1,1,1
1,0,0,0,0,0,0,0,1,0,0,0,1,1,1,1,1,1
1,0,0,0,0,0,0,0,1,0,0,0,1,1,1,1,1,1
0,0,0,0,0,0,0,1,2,1,0,1,1,1,1,1,1,1
0,0,0,0,0,0,0,1,2,1,0,1,1,1,1,1,1,1
0,1,0,0,0,0,0,0,2,1,0,0,1,1,1,1,1,1
0,0,0,0,0,0,1,0,1,0,0,0,1,1,1,1,1,1
0,0,0,0,0,0,1,0,1,0,0,0,1,1,1,1,1,1
0,0,0,0,0,0,0,1,3,1,0,1,1,1,1,1,1,1
0,0,0,0,0,0,1,0,1,0,0,0,1,1,1,1,1,1
1,0,0,0,0,0,0,0,1,0,0,0,1,1,1,1,1,1
0,0,0,0,0,1,0,0,2,1,0,0,1,1,1,1,1,1
0,0,1,0,0,0,0,0,1,0,0,0,1,1,1,1,1,1
0,0,0,0,0,0,1,0,1,0,0,0,1,1,1,1,1,1
1,0,0,0,0,0,0,0,1,0,0,0,1,1,1,1,1,1
1,0,0,0,0,0,0,0,1,0,0,0,1,1,1,1,1,1
0,0,0,0,0,0,1,0,1,0,0,0,1,1,1,1,1,1
0,0,0,0,0,0,1,0,1,0,0,0,1,1,1,1,1,1
1,0,0,0,0,0,0,0,1,0,0,0,1,1,1,1,1,1
1,0,0,0,0,0,0,0,1,0,0,0,1,1,1,1,1,1
0,0,0,0,0,0,1,0,1,0,0,0,1,1,1,1,1,1
0,0,1,0,0,0,0,0,1,0,0,0,1,1,1,1,1,1
0,1,0,0,0,0,0,0,2,1,0,0,1,1,1,1,1,1
0,0,0,0,0,0,1,0,1,0,0,0,1,1,1,1,1,1
0,0,0,0,0,0,1,0,2,1,0,0,1,1,1,1,1,1
0,0,0,0,0,1,0,0,1,0,0,0,1,1,1,1,1,1
0,0,0,0,0,0,1,0,2,1,0,0,1,1,1,1,1,1
0,0,0,0,0,0,1,0,1,0,0,0,1,1,1,1,1,1
1,0,0,0,0,0,0,0,1,0,0,0,1,1,1,1,1,1
0,0,0,0,0,0,0,1,2,1,0,1,1,1,1,1,1,1
0,0,0,0,0,0,1,0,1,0,0,0,1,1,1,1,1,1
1,0,0,0,0,0,0,0,1,0,0,0,1,1,1,1,1,1
0,0,0,0,0,0,1,0,1,0,0,0,1,1,1,1,1,1
0,0,1,0,0,0,0,0,1,0,0,0,1,1,0,0,1,1
0,0,0,0,0,0,0,1,2,1,0,1,1,1,1,1,1,1
0,0,0,0,0,0,1,0,1,0,0,0,1,1,1,1,1,1
1,0,0,0,0,0,0,0,1,0,0,0,1,1,1,1,1,1
1,0,0,0,0,0,0,0,1,0,0,0,1,1,1,1,1,1
1,0,0,0,0,0,0,0,1,0,0,0,1,1,1,1,1,1
1,0,0,0,0,0,0,0,1,0,0,0,1,1,1,1,1,1
0,0,0,0,0,0,0,1,2,1,0,1,1,1,1,1,1,1
0,0,0,0,0,0,0,1,2,1,0,1,1,1,1,1,1,1
0,0,0,0,0,0,1,0,1,0,0,0,1,1,1,1,1,1
1,0,0,0,0,0,0,0,1,0,0,0,1,1,1,1,1,1
1,0,0,0,0,0,0,0,2,1,0,0,1,1,1,1,1,1
1,0,0,0,0,0,0,0,1,0,0,0,1,1,1,1,1,1
0,0,0,0,0,0,1,0,1,0,0,0,1,1,1,1,1,1
1,0,0,0,0,0,0,0,1,0,0,0,1,1,1,1,1,1
1,0,0,0,0,0,0,0,1,0,0,0,1,1,0,0,1,1
1,0,0,0,0,0,0,0,1,0,0,0,1,1,1,1,1,1
1,0,0,0,0,0,0,0,1,0,0,0,1,1,1,1,1,1
1,0,0,0,0,0,0,0,1,0,0,0,1,1,1,1,1,1
0,0,1,0,0,0,0,0,1,0,0,0,1,1,1,1,1,1
0,0,0,0,0,0,1,0,3,1,0,0,1,1,1,1,1,1
0,0,0,0,0,1,0,0,1,0,0,0,1,1,1,1,1,1
0,0,0,0,0,0,1,0,1,0,0,0,1,1,1,1,1,1
0,0,0,0,0,0,1,0,1,0,0,0,1,1,1,1,1,1
1,0,0,0,0,0,0,0,1,0,0,0,1,1,1,1,1,1
0,0,0,0,0,0,1,0,1,0,0,0,1,1,1,1,1,1
0,0,0,0,0,0,1,0,1,0,0,0,1,1,1,1,1,1
0,0,0,0,0,0,1,0,1,0,0,0,1,1,1,1,1,1
1,0,0,0,0,0,0,0,1,0,0,0,1,1,1,1,1,1
0,0,1,0,0,0,0,0,1,0,0,0,1,1,1,1,1,1
0,0,0,0,0,0,1,0,2,1,0,0,1,1,1,1,1,1
0,1,0,0,0,0,0,0,2,1,0,0,1,1,1,1,1,1
0,0,0,0,0,0,1,0,1,0,0,0,1,1,1,1,1,1
0,0,0,0,0,0,1,0,1,0,0,0,1,1,1,1,1,1
1,0,0,0,0,0,0,0,1,0,0,0,1,1,1,1,1,1
0,0,0,0,0,0,1,0,1,0,0,0,1,1,1,1,1,1
1,0,0,0,0,0,0,0,1,0,0,0,1,1,1,1,1,1
1,0,0,0,0,0,0,0,1,0,0,0,1,1,1,1,1,1
1,0,0,0,0,0,0,0,1,0,0,0,1,1,1,1,1,1
0,0,0,0,0,0,1,0,1,0,0,0,1,1,1,1,1,1
1,0,0,0,0,0,0,0,1,0,0,0,1,1,1,1,1,1
1,0,0,0,0,0,0,0,1,0,0,0,1,1,1,1,1,1
1,0,0,0,0,0,0,0,1,0,0,0,1,1,1,1,1,1
0,0,0,0,0,0,0,1,2,1,0,1,1,1,1,1,1,1
0,0,0,0,0,0,1,0,1,0,0,0,1,1,1,1,1,1
0,0,0,0,0,0,1,0,1,0,0,0,1,1,1,1,1,1
0,0,0,0,0,1,0,0,2,1,0,0,1,1,1,1,1,1
0,0,0,0,0,0,1,0,1,0,0,0,1,1,1,1,1,1
0,0,0,0,0,0,1,0,1,0,0,0,1,1,1,1,1,1
0,0,0,0,0,0,1,0,2,1,0,0,1,1,1,1,1,1
1,0,0,0,0,0,0,0,1,0,0,0,1,1,0,0,1,1
0,0,0,0,0,0,0,1,3,1,0,1,1,1,1,1,1,1
1,0,0,0,0,0,0,0,1,0,0,0,1,1,1,1,1,1
1,0,0,0,0,0,0,0,1,0,0,0,1,1,1,1,1,1
0,0,0,0,0,1,0,0,1,0,0,0,1,1,1,1,1,1
0,0,0,0,0,0,1,0,1,0,0,0,1,1,1,1,1,1
1,0,0,0,0,0,0,0,1,0,0,0,1,1,1,1,1,1
1,0,0,0,0,0,0,0,1,0,0,0,1,1,1,1,1,1
0,0,0,0,0,0,1,0,1,0,0,0,1,1,1,1,1,1
0,0,0,0,0,0,1,0,1,0,0,0,1,1,1,1,1,1
1,0,0,0,0,0,0,0,1,0,0,0,1,1,1,1,1,1
1,0,0,0,0,0,0,0,1,0,0,0,1,1,1,1,1,1
1,0,0,0,0,0,0,0,1,0,0,0,1,1,1,1,1,1
1,0,0,0,0,0,0,0,1,0,0,0,1,1,1,1,1,1
0,0,1,0,0,0,0,0,1,0,0,0,1,1,1,1,1,1
0,0,0,0,0,0,1,0,1,0,0,0,1,1,1,1,1,1
0,0,0,0,0,0,0,1,3,1,0,1,1,1,1,1,1,1
0,0,0,0,0,0,1,0,2,1,0,0,1,1,1,1,1,1
0,0,0,0,0,0,1,0,1,0,0,0,1,1,1,1,1,1
0,0,0,0,0,0,1,0,1,0,0,0,1,1,1,1,1,1
1,0,0,0,0,0,0,0,1,0,0,0,1,1,1,1,1,1
1,0,0,0,0,0,0,0,1,0,0,0,1,1,1,1,1,1
0,0,1,0,0,0,0,0,1,0,0,0,1,1,1,1,1,1
0,0,0,0,0,0,1,0,4,1,0,0,1,1,1,1,1,1
1,0,0,0,0,0,0,0,1,0,0,0,1,1,0,0,1,1
1,0,0,0,0,0,0,0,1,0,0,0,1,1,0,0,1,1
1,0,0,0,0,0,0,0,1,0,0,0,1,1,0,0,1,1
1,0,0,0,0,0,0,0,1,0,0,0,1,1,0,0,1,1
1,0,0,0,0,0,0,0,1,0,0,0,1,1,0,0,1,1
1,0,0,0,0,0,0,0,1,0,0,0,1,1,1,1,1,1
0,0,0,0,0,0,1,0,1,0,0,0,1,1,1,1,1,1
0,0,1,0,0,0,0,0,1,0,0,0,1,1,1,1,1,1
0,0,0,0,0,0,1,0,1,0,0,0,1,1,1,1,1,1
0,0,1,0,0,0,0,0,2,1,0,0,1,1,1,1,1,1
0,0,0,0,0,0,1,0,1,0,0,0,1,1,1,1,1,1
1,0,0,0,0,0,0,0,1,0,0,0,1,1,1,1,1,1
0,0,0,0,0,0,1,0,1,0,0,0,1,1,1,1,1,1
0,0,0,0,0,0,1,0,1,0,0,0,1,1,1,1,1,1
1,0,0,0,0,0,0,0,1,0,0,0,1,1,1,1,1,1
1,0,0,0,0,0,0,0,1,0,0,0,1,1,1,1,1,1
0,1,0,0,0,0,0,0,3,1,0,0,1,1,1,1,1,1
1,0,0,0,0,0,0,0,2,1,0,0,1,1,1,1,1,1
1,0,0,0,0,0,0,0,1,0,0,0,1,1,1,1,1,1
1,0,0,0,0,0,0,0,1,0,0,0,1,1,1,1,1,1
0,0,0,0,0,0,1,0,1,0,0,0,1,1,1,1,1,1
1,0,0,0,0,0,0,0,1,0,0,0,1,1,1,1,1,1
0,0,0,0,0,0,1,0,1,0,0,0,1,1,1,1,1,1
1,0,0,0,0,0,0,0,1,0,0,0,1,1,1,1,1,1
1,0,0,0,0,0,0,0,1,0,0,0,1,1,1,1,1,1
0,0,0,0,0,0,1,0,1,0,0,0,1,1,1,1,1,1
0,1,0,0,0,0,0,0,3,1,0,0,1,1,1,1,1,1
0,0,0,0,0,0,1,0,1,0,0,0,1,1,1,1,1,1
0,0,0,0,0,0,1,0,1,0,0,0,1,1,1,1,1,1
0,0,0,0,0,0,0,1,2,1,0,1,1,1,1,1,1,1
1,0,0,0,0,0,0,0,1,0,0,0,1,1,1,1,1,1
1,0,0,0,0,0,0,0,1,0,0,0,1,1,1,1,1,1
1,0,0,0,0,0,0,0,1,0,0,0,1,1,1,1,1,1
1,0,0,0,0,0,0,0,1,0,0,0,1,1,1,1,1,1
1,0,0,0,0,0,0,0,1,0,0,0,1,1,1,1,1,1
0,0,1,0,0,0,0,0,1,0,0,0,1,1,1,1,1,1
0,0,0,0,0,0,1,0,1,0,0,0,1,1,1,1,1,1
0,0,0,0,0,0,0,1,2,1,0,1,1,1,1,1,1,1
0,0,0,0,0,0,1,0,1,0,0,0,1,1,1,1,1,1
0,0,0,0,0,0,1,0,1,0,0,0,1,1,1,1,1,1
0,0,0,0,0,0,1,0,1,0,0,0,1,1,1,1,1,1
0,0,0,0,0,0,1,0,1,0,0,0,1,1,1,1,1,1
1,0,0,0,0,0,0,0,1,0,0,0,1,1,0,0,1,1
1,0,0,0,0,0,0,0,1,0,0,0,1,1,1,1,1,1
0,0,0,0,0,0,1,0,1,0,0,0,1,1,1,1,1,1
0,0,0,0,0,0,1,0,1,0,0,0,1,1,1,1,1,1
1,0,0,0,0,0,0,0,1,0,0,0,1,1,1,1,1,1
0,0,1,0,0,0,0,0,1,0,0,0,1,1,1,1,1,1
0,0,0,0,0,1,0,0,1,0,0,0,1,1,1,1,1,1
1,0,0,0,0,0,0,0,1,0,0,0,1,1,0,0,1,1
0,0,0,0,0,0,1,0,1,0,0,0,1,1,1,1,1,1
0,0,0,0,0,0,1,0,2,1,0,0,1,1,1,1,1,1
0,0,0,0,0,0,1,0,2,1,0,0,1,1,1,1,1,1
1,0,0,0,0,0,0,0,1,0,0,0,1,1,1,1,1,1
0,0,0,0,0,0,1,0,2,1,0,0,1,1,1,1,1,1
0,0,0,0,0,0,1,0,1,0,0,0,1,1,1,1,1,1
0,0,0,0,0,0,0,1,2,1,0,1,1,1,1,1,1,1
1,0,0,0,0,0,0,0,1,0,0,0,1,1,0,0,1,1
0,0,0,0,0,0,1,0,2,1,0,0,1,1,1,1,1,1
0,0,0,0,0,0,1,0,2,1,0,0,1,1,1,1,1,1
0,0,0,0,0,0,1,0,1,0,0,0,1,1,1,1,1,1
0,0,0,0,0,0,0,1,2,1,0,1,1,1,1,1,1,1
0,0,0,0,0,0,1,0,1,0,0,0,1,1,1,1,1,1
0,0,0,0,0,1,0,0,1,0,0,0,1,1,1,1,1,1
0,0,0,0,0,0,1,0,1,0,0,0,1,1,1,1,1,1
0,0,0,0,0,0,1,0,1,0,0,0,1,1,1,1,1,1
0,0,1,0,0,0,0,0,1,0,0,0,1,1,1,1,1,1
0,0,0,0,0,0,1,0,1,0,0,0,1,1,1,1,1,1
0,0,1,0,0,0,0,0,1,0,0,0,1,1,1,1,1,1
0,0,0,0,0,0,1,0,1,0,0,0,1,1,1,1,1,1
0,0,0,0,0,0,1,0,1,0,0,0,1,1,1,1,1,1
0,0,0,0,0,0,0,1,2,1,0,1,1,1,1,1,1,1
0,0,0,0,0,0,1,0,2,1,0,0,1,1,1,1,1,1
0,0,0,0,0,0,1,0,1,0,0,0,1,1,1,1,1,1
1,0,0,0,0,0,0,0,1,0,0,0,1,1,1,1,1,1
0,0,0,0,0,0,1,0,1,0,0,0,1,1,1,1,1,1
0,0,0,0,0,0,1,0,1,0,0,0,1,1,1,1,1,1
0,0,0,0,0,0,1,0,1,0,0,0,1,1,1,1,1,1
1,0,0,0,0,0,0,0,1,0,0,0,1,1,1,1,1,1
0,0,0,0,0,0,1,0,1,0,0,0,1,1,0,0,1,1
0,0,0,0,0,0,1,0,1,0,0,0,1,1,1,1,1,1
0,0,0,0,0,0,1,0,1,0,0,0,1,1,1,1,1,1
0,0,0,0,0,0,1,0,2,1,0,0,1,1,1,1,1,1
0,0,0,0,0,0,1,0,1,0,0,0,1,1,1,1,1,1
0,0,0,0,0,1,0,0,3,1,0,0,1,1,1,1,1,1
0,0,0,0,0,1,0,0,1,0,0,0,1,1,1,1,1,1
0,0,0,0,0,0,1,0,1,0,0,0,1,1,1,1,1,1
0,0,0,0,0,0,1,0,1,0,0,0,1,1,1,1,1,1
0,0,0,0,0,0,1,0,1,0,0,0,1,1,1,1,1,1
0,0,1,0,0,0,0,0,1,0,0,0,1,1,1,1,1,1
0,0,0,0,0,1,0,0,2,1,0,0,1,1,1,1,1,1
0,0,0,0,0,0,1,0,1,0,0,0,1,1,1,1,1,1
0,0,0,0,0,1,0,0,2,1,0,0,1,1,1,1,1,1
0,0,0,0,0,1,0,0,1,0,0,0,1,1,1,1,1,1
0,0,0,0,0,1,0,0,1,0,0,0,1,1,1,1,1,1
0,0,0,0,0,0,1,0,1,0,0,0,1,1,1,1,1,1
0,0,0,0,0,0,1,0,1,0,0,0,1,1,1,1,1,1
0,0,0,0,0,0,1,0,1,0,0,0,1,1,1,1,1,1
0,0,0,0,0,0,1,0,1,0,0,0,1,1,1,1,1,1
0,0,0,0,0,0,1,0,1,0,0,0,1,1,1,1,1,1
0,0,0,0,0,1,0,0,1,0,0,0,1,1,1,1,1,1
0,0,0,0,0,1,0,0,1,0,0,0,1,1,1,1,1,1
0,0,0,0,0,1,0,0,1,0,0,0,1,1,1,1,1,1
0,0,0,0,0,0,1,0,1,0,0,0,1,1,1,1,1,1
0,0,0,0,0,1,0,0,1,0,0,0,1,1,1,1,1,1
0,0,0,0,0,0,1,0,1,0,0,0,1,1,1,1,1,1
0,0,0,0,0,1,0,0,3,1,0,0,1,1,1,1,1,1
0,0,0,0,0,1,0,0,1,0,0,0,1,1,1,1,1,1
0,0,0,0,0,0,1,0,1,0,0,0,1,1,1,1,1,1
0,0,0,0,0,1,0,0,1,0,0,0,1,1,1,1,1,1
0,0,0,0,0,1,0,0,1,0,0,0,1,1,1,1,1,1
0,0,0,0,0,0,1,0,1,0,0,0,1,1,1,1,1,1
0,0,0,0,0,0,1,0,1,0,0,0,1,1,1,1,1,1
0,0,0,0,0,1,0,0,1,0,0,0,1,1,1,1,1,1
0,0,0,0,0,1,0,0,1,0,0,0,1,1,1,1,1,1
0,0,0,0,0,1,0,0,1,0,0,0,1,1,1,1,1,1
0,0,0,0,0,1,0,0,2,1,0,0,1,1,1,1,1,1
0,0,0,0,0,1,0,0,1,0,0,0,1,1,1,1,1,1
0,0,0,0,0,1,0,0,1,0,0,0,1,1,1,1,1,1
0,0,0,0,0,0,1,0,1,0,0,0,1,1,1,1,1,1
0,0,0,0,0,1,0,0,1,0,0,0,1,1,1,1,1,1
0,0,0,0,0,1,0,0,1,0,0,0,1,1,1,1,1,1
0,0,0,0,0,1,0,0,1,0,0,0,1,1,1,1,1,1
0,0,0,0,0,1,0,0,1,0,0,0,1,1,1,1,1,1
0,0,0,0,0,1,0,0,1,0,0,0,1,1,1,1,1,1
0,0,0,0,0,1,0,0,1,0,0,0,1,1,1,1,1,1
0,0,0,0,0,1,0,0,1,0,0,0,1,1,1,1,1,1
0,0,0,0,0,1,0,0,1,0,0,0,1,1,1,1,1,1
0,0,0,0,0,0,1,0,1,0,0,0,1,1,1,1,1,1
0,0,0,0,0,0,1,0,1,0,0,0,1,1,1,1,1,1
0,0,0,0,0,1,0,0,1,0,0,0,1,1,1,1,1,1
0,0,0,0,0,1,0,0,1,0,0,0,1,1,1,1,1,1
0,0,0,0,0,0,1,0,1,0,0,0,1,1,1,1,1,1
0,0,0,0,0,1,0,0,1,0,0,0,1,1,1,1,1,1
0,0,0,0,0,1,0,0,2,1,0,0,1,1,1,1,1,1
0,0,0,0,0,0,1,0,1,0,0,0,1,1,1,1,1,1
0,0,0,0,0,1,0,0,1,0,0,0,1,1,1,1,1,1
0,0,0,0,0,1,0,0,1,0,0,0,1,1,1,1,1,1
0,0,0,0,0,1,0,0,1,0,0,0,1,1,1,1,1,1
0,0,0,1,0,0,0,0,1,0,0,0,1,1,1,1,1,1
0,0,0,0,0,1,0,0,1,0,0,0,1,1,1,1,1,1
0,0,0,0,0,1,0,0,1,0,0,0,1,1,1,1,1,1
0,0,0,0,0,0,1,0,1,0,0,0,1,1,1,1,1,1
0,0,0,0,0,1,0,0,1,0,0,0,1,1,1,1,1,1
0,0,0,0,0,1,0,0,1,0,0,0,1,1,1,1,1,1
0,0,0,0,0,0,1,0,1,0,0,0,1,1,1,1,1,1
0,0,0,0,0,0,1,0,1,0,0,0,1,1,1,1,1,1
0,0,0,0,0,0,1,0,1,0,0,0,1,1,1,1,1,1
0,0,0,0,0,1,0,0,1,0,0,0,1,1,1,1,1,1
0,0,0,0,0,0,1,0,1,0,0,0,1,1,1,1,1,1
0,0,0,0,0,1,0,0,1,0,0,0,1,1,1,1,1,1
0,0,0,0,0,1,0,0,2,1,0,0,1,1,1,1,1,1
0,0,0,0,0,1,0,0,1,0,0,0,1,1,1,1,1,1
0,0,0,0,0,1,0,0,1,0,0,0,1,1,1,1,1,1
0,0,0,0,0,1,0,0,2,1,0,0,1,1,1,1,1,1
0,0,0,0,0,1,0,0,1,0,0,0,1,1,1,1,1,1
0,0,0,0,0,1,0,0,1,0,0,0,1,1,1,1,1,1
0,0,0,0,0,0,1,0,1,0,0,0,1,1,1,1,1,1
0,0,0,1,0,0,0,0,1,0,0,0,1,1,1,1,1,1
0,0,0,0,0,1,0,0,1,0,0,0,1,1,1,1,1,1
0,0,0,0,0,1,0,0,1,0,0,0,1,1,1,1,1,1
0,0,0,0,0,1,0,0,1,0,0,0,1,1,1,1,1,1
0,0,0,0,0,1,0,0,1,0,0,0,1,1,1,1,1,1
0,0,0,0,0,1,0,0,1,0,0,0,1,1,1,1,1,1
0,0,0,0,0,1,0,0,1,0,0,0,1,1,1,1,1,1
0,0,0,0,0,1,0,0,1,0,0,0,1,1,1,1,1,1
0,0,0,0,0,0,1,0,1,0,0,0,1,1,1,1,1,1
0,0,0,0,0,0,1,0,1,0,0,0,1,1,1,1,1,1
0,0,0,0,0,1,0,0,1,0,0,0,1,1,1,1,1,1
0,0,0,0,0,0,1,0,1,0,0,0,1,1,1,1,1,1
0,0,0,0,0,1,0,0,1,0,0,0,1,1,1,1,1,1
0,0,0,0,0,1,0,0,1,0,0,0,1,1,1,1,1,1
0,0,0,0,0,1,0,0,1,0,0,0,1,1,1,1,1,1
0,0,0,0,0,0,1,0,1,0,0,0,1,1,1,1,1,1
0,0,0,0,0,0,1,0,1,0,0,0,1,1,1,1,1,1
0,0,0,0,0,0,1,0,1,0,0,0,1,1,1,1,1,1
0,0,0,0,0,0,1,0,1,0,0,0,1,1,1,1,1,1
0,0,0,0,0,1,0,0,1,0,0,0,1,1,1,1,1,1
0,0,0,0,0,1,0,0,2,1,0,0,1,1,1,1,1,1
0,0,0,0,0,1,0,0,1,0,0,0,1,1,1,1,1,1
0,0,0,0,0,0,1,0,1,0,0,0,1,1,1,1,1,1
0,0,0,0,0,1,0,0,1,0,0,0,1,1,1,1,1,1
0,0,0,0,0,1,0,0,2,1,0,0,1,1,1,1,1,1
0,0,0,0,0,0,1,0,1,0,0,0,1,1,1,1,1,1
0,0,0,0,0,1,0,0,1,0,0,0,1,1,1,1,1,1
0,0,0,0,0,1,0,0,1,0,0,0,1,1,1,1,1,1
0,0,0,0,0,0,1,0,1,0,0,0,1,1,1,1,1,1
0,0,0,0,0,1,0,0,1,0,0,0,1,1,1,1,1,1
0,0,0,0,0,1,0,0,1,0,0,0,1,1,1,1,1,1
0,0,0,0,0,1,0,0,2,1,0,0,1,1,1,1,1,1
0,0,0,0,0,1,0,0,1,0,0,0,1,1,1,1,1,1
0,0,0,0,0,1,0,0,1,0,0,0,1,1,1,1,1,1
0,0,0,0,0,1,0,0,1,0,0,0,1,1,1,1,1,1
0,0,0,0,0,0,1,0,1,0,0,0,1,1,1,1,1,1
0,0,0,0,0,1,0,0,1,0,0,0,1,1,1,1,1,1
0,0,0,0,0,0,1,0,1,0,0,0,1,1,1,1,1,1
0,0,0,0,0,1,0,0,1,0,0,0,1,1,1,1,1,1
0,0,0,0,0,1,0,0,1,0,0,0,1,1,1,1,1,1
0,0,0,0,0,0,1,0,1,0,0,0,1,1,1,1,1,1
0,0,0,0,0,1,0,0,1,0,0,0,1,1,1,1,1,1
0,0,0,0,0,0,1,0,1,0,0,0,1,1,1,1,1,1
0,0,0,0,0,1,0,0,1,0,0,0,1,1,1,1,1,1
0,0,0,0,0,1,0,0,1,0,0,0,1,1,1,1,1,1
0,0,0,0,0,0,1,0,1,0,0,0,1,1,1,1,1,1
0,0,0,1,0,0,0,0,1,0,0,0,1,1,1,1,1,1
0,0,0,0,0,0,1,0,1,0,0,0,1,1,1,1,1,1
0,0,0,0,0,0,1,0,1,0,0,0,1,1,1,1,1,1
0,0,0,0,0,1,0,0,1,0,0,0,1,1,1,1,1,1
0,0,0,0,0,0,1,0,1,0,0,0,1,1,1,1,1,1
0,0,0,0,0,0,1,0,1,0,0,0,1,1,1,1,1,1
0,0,0,0,0,1,0,0,1,0,0,0,1,1,1,1,1,1
0,0,0,1,0,0,0,0,2,1,0,0,1,1,1,1,1,1
0,0,0,0,0,1,0,0,1,0,0,0,1,1,1,1,1,1
0,0,0,0,0,0,1,0,1,0,0,0,1,1,1,1,1,1
0,0,0,1,0,0,0,0,1,0,0,0,1,1,1,1,1,1
0,0,0,0,0,0,1,0,1,0,0,0,1,1,1,1,1,1
0,0,0,0,0,0,1,0,1,0,0,0,1,1,1,1,1,1
0,0,0,0,0,0,1,0,1,0,0,0,1,1,1,1,1,1
0,0,0,0,0,0,1,0,1,0,0,0,1,1,1,1,1,1
0,0,0,0,0,1,0,0,1,0,0,0,1,1,1,1,1,1
0,0,0,0,0,1,0,0,1,0,0,0,1,1,1,1,1,1
0,0,0,0,0,1,0,0,1,0,0,0,1,1,1,1,1,1
0,0,0,0,0,1,0,0,1,0,0,0,1,1,1,1,1,1
0,0,0,0,0,1,0,0,1,0,0,0,1,1,1,1,1,1
0,0,0,0,0,0,1,0,1,0,0,0,1,1,1,1,1,1
0,0,0,0,0,1,0,0,1,0,0,0,1,1,1,1,1,1
0,0,0,0,0,1,0,0,1,0,0,0,1,1,1,1,1,1
0,0,0,0,0,1,0,0,1,0,0,0,1,1,1,1,1,1
0,0,0,0,0,1,0,0,1,0,0,0,1,1,1,1,1,1
0,0,0,0,0,1,0,0,1,0,0,0,1,1,1,1,1,1
0,0,0,0,0,1,0,0,2,1,0,0,1,1,1,1,1,1
0,0,0,0,0,1,0,0,2,1,0,0,1,1,1,1,1,1
0,0,0,0,0,1,0,0,1,0,0,0,1,1,1,1,1,1
0,0,0,0,0,1,0,0,1,0,0,0,1,1,1,1,1,1
0,0,0,0,0,1,0,0,1,0,0,0,1,1,1,1,1,1
0,0,0,0,0,0,1,0,1,0,0,0,1,1,1,1,1,1
0,0,0,0,0,1,0,0,1,0,0,0,1,1,1,1,1,1
0,0,0,0,0,1,0,0,1,0,0,0,1,1,1,1,1,1
0,0,0,0,0,0,1,0,1,0,0,0,1,1,1,1,1,1
0,0,0,0,0,0,1,0,1,0,0,0,1,1,1,1,1,1
0,0,0,0,0,0,1,0,1,0,0,0,1,1,1,1,1,1
0,0,0,0,0,1,0,0,1,0,0,0,1,1,1,1,1,1
0,0,0,0,0,0,0,1,4,1,0,1,1,1,1,1,1,1
0,0,0,0,0,1,0,0,1,0,0,0,1,1,1,1,1,1
0,0,0,0,0,1,0,0,1,0,0,0,1,1,1,1,1,1
0,0,0,0,0,1,0,0,2,1,0,0,1,1,1,1,1,1
0,0,0,0,0,0,1,0,1,0,0,0,1,1,1,1,1,1
0,0,0,0,0,1,0,0,1,0,0,0,1,1,1,1,1,1
0,0,0,0,0,0,1,0,1,0,0,0,1,1,1,1,1,1
0,0,0,0,0,1,0,0,1,0,0,0,1,1,1,1,1,1
0,0,0,0,0,1,0,0,1,0,0,0,1,1,1,1,1,1
0,0,0,0,0,1,0,0,1,0,0,0,1,1,1,1,1,1
0,0,0,0,0,1,0,0,1,0,0,0,1,1,1,1,1,1
0,0,0,0,0,1,0,0,1,0,0,0,1,1,1,1,1,1
0,0,0,0,0,0,1,0,1,0,0,0,1,1,1,1,1,1
0,0,0,0,0,1,0,0,1,0,0,0,1,1,1,1,1,1
0,0,0,0,0,1,0,0,1,0,0,0,1,1,1,1,1,1
0,0,0,0,0,0,1,0,1,0,0,0,1,1,1,1,1,1
0,0,0,0,0,0,1,0,1,0,0,0,1,1,1,1,1,1
0,0,0,0,0,1,0,0,1,0,0,0,1,1,1,1,1,1
0,0,0,0,0,1,0,0,1,0,0,0,1,1,1,1,1,1
0,0,0,0,0,1,0,0,2,1,0,0,1,1,1,1,1,1
0,0,0,0,0,1,0,0,1,0,0,0,1,1,1,1,1,1
0,0,0,0,0,1,0,0,1,0,0,0,1,1,1,1,1,1
0,0,0,0,0,1,0,0,1,0,0,0,1,1,1,1,1,1
0,0,0,0,0,1,0,0,2,1,0,0,1,1,1,1,1,1
0,0,0,0,0,1,0,0,1,0,0,0,1,1,1,1,1,1
0,0,0,0,0,1,0,0,1,0,0,0,1,1,1,1,1,1
0,0,0,0,0,1,0,0,1,0,0,0,1,1,1,1,1,1
0,0,0,0,0,1,0,0,1,0,0,0,1,1,1,1,1,1
0,0,0,0,0,1,0,0,1,0,0,0,1,1,1,1,1,1
0,0,0,0,0,1,0,0,1,0,0,0,1,1,1,1,1,1
0,0,0,0,0,0,0,1,2,1,0,1,1,1,1,1,1,1
0,0,0,0,0,0,1,0,1,0,0,0,1,1,1,1,1,1
0,0,0,0,0,1,0,0,1,0,0,0,1,1,1,1,1,1
0,0,0,0,0,0,1,0,1,0,0,0,1,1,1,1,1,1
0,0,0,0,0,0,0,1,3,1,0,1,1,1,1,1,1,1
0,0,1,0,0,0,0,0,1,0,0,0,1,1,1,1,1,1
0,0,0,0,0,1,0,0,1,0,0,0,1,1,1,1,1,1
0,0,1,0,0,0,0,0,1,0,0,0,1,1,1,1,1,1
0,0,0,0,0,0,1,0,1,0,0,0,1,1,1,1,1,1
0,0,0,0,0,0,1,0,1,0,0,0,1,1,1,1,1,1
1,0,0,0,0,0,0,0,1,0,0,0,1,1,1,1,1,1
0,0,0,0,0,0,1,0,1,0,0,0,1,1,1,1,1,1
0,0,0,0,0,0,1,0,1,0,0,0,1,1,1,1,1,1
0,1,0,0,0,0,0,0,2,1,0,0,1,1,1,1,1,1
0,0,0,0,0,0,1,0,1,0,0,0,1,1,1,1,1,1
0,0,0,0,0,0,1,0,1,0,0,0,1,1,1,1,1,1
0,0,0,0,0,0,1,0,2,1,0,0,1,1,1,1,1,1
0,0,0,0,0,0,1,0,1,0,0,0,1,1,1,1,1,1
0,0,0,0,0,0,1,0,1,0,0,0,1,1,1,1,1,1
0,0,1,0,0,0,0,0,2,1,0,0,1,1,1,1,1,1
0,0,1,0,0,0,0,0,1,0,0,0,1,1,1,1,1,1
0,0,1,0,0,0,0,0,1,0,0,0,1,1,1,1,1,1
1,0,0,0,0,0,0,0,1,0,0,0,1,1,1,1,1,1
1,0,0,0,0,0,0,0,1,0,0,0,1,1,1,1,1,1
1,0,0,0,0,0,0,0,1,0,0,0,1,1,1,1,1,1
1,0,0,0,0,0,0,0,2,1,0,0,1,1,1,1,1,1
1,0,0,0,0,0,0,0,1,0,0,0,1,1,1,1,1,1
1,0,0,0,0,0,0,0,1,0,0,0,1,1,1,1,1,1
0,1,0,0,0,0,0,0,2,1,0,0,1,1,1,1,1,1
1,0,0,0,0,0,0,0,1,0,0,0,1,1,1,1,1,1
1,0,0,0,0,0,0,0,1,0,0,0,1,1,1,1,1,1
1,0,0,0,0,0,0,0,1,0,0,0,1,1,1,1,1,1
0,1,0,0,0,0,0,0,2,1,0,0,1,1,1,1,1,1
1,0,0,0,0,0,0,0,1,0,0,0,1,1,1,1,1,1
1,0,0,0,0,0,0,0,1,0,0,0,1,1,1,1,1,1
1,0,0,0,0,0,0,0,1,0,0,0,1,1,1,1,1,1
1,0,0,0,0,0,0,0,1,0,0,0,1,1,1,1,1,1
1,0,0,0,0,0,0,0,1,0,0,0,1,1,1,1,1,1
1,0,0,0,0,0,0,0,1,0,0,0,1,1,1,1,1,1
1,0,0,0,0,0,0,0,1,0,0,0,1,1,1,1,1,1
1,0,0,0,0,0,0,0,1,0,0,0,1,1,1,1,1,1
1,0,0,0,0,0,0,0,1,0,0,0,1,1,1,1,1,1
1,0,0,0,0,0,0,0,1,0,0,0,1,1,1,1,1,1
0,0,1,0,0,0,0,0,1,0,0,0,1,1,1,1,1,1
0,0,0,0,0,0,1,0,1,0,0,0,1,1,1,1,1,1
0,0,0,0,0,0,1,0,1,0,0,0,1,1,1,1,1,1
0,0,0,0,0,0,1,0,2,1,0,0,1,1,1,1,1,1
0,0,1,0,0,0,0,0,1,0,0,0,1,1,1,1,1,1
0,0,1,0,0,0,0,0,1,0,0,0,1,1,1,1,1,1
0,0,0,0,0,0,1,0,3,1,0,0,1,1,1,1,1,1
0,0,0,0,0,0,1,0,1,0,0,0,1,1,1,1,1,1
0,0,0,0,0,1,0,0,5,1,1,0,1,1,1,1,1,1
0,0,0,0,0,0,1,0,2,1,0,0,1,1,1,1,1,1
0,0,0,0,0,0,1,0,1,0,0,0,1,1,1,1,1,1
0,0,0,0,0,0,0,1,3,1,0,1,1,1,1,1,1,1
0,0,1,0,0,0,0,0,1,0,0,0,1,1,1,1,1,1
0,0,0,0,0,0,1,0,1,0,0,0,1,1,1,1,1,1
1,0,0,0,0,0,0,0,1,0,0,0,1,1,1,1,1,1
0,0,0,0,0,0,1,0,1,0,0,0,1,1,1,1,1,1
0,0,0,0,0,0,1,0,1,0,0,0,1,1,1,1,1,1
0,0,1,0,0,0,0,0,1,0,0,0,1,1,1,1,1,1
0,0,0,0,0,0,1,0,2,1,0,0,1,1,1,1,1,1
0,0,0,0,0,0,1,0,1,0,0,0,1,1,1,1,1,1
0,0,1,0,0,0,0,0,1,0,0,0,1,1,1,1,1,1
1,0,0,0,0,0,0,0,1,0,0,0,1,1,1,1,1,1
0,0,0,0,0,0,1,0,1,0,0,0,1,1,1,1,1,1
0,0,1,0,0,0,0,0,1,0,0,0,1,1,1,1,1,1
0,0,0,0,0,0,1,0,2,1,0,0,1,1,1,1,1,1
0,0,0,0,0,0,1,0,2,1,0,0,1,1,1,1,1,1
0,0,1,0,0,0,0,0,1,0,0,0,1,1,1,1,1,1
1,0,0,0,0,0,0,0,1,0,0,0,1,1,1,1,1,1
1,0,0,0,0,0,0,0,1,0,0,0,1,1,1,1,1,1
1,0,0,0,0,0,0,0,1,0,0,0,1,1,1,1,1,1
0,0,0,0,0,1,0,0,1,0,0,0,1,1,1,1,1,1
1,0,0,0,0,0,0,0,1,0,0,0,1,1,1,1,1,1
0,0,1,0,0,0,0,0,2,1,0,0,1,1,1,1,1,1
0,0,1,0,0,0,0,0,1,0,0,0,1,1,1,1,1,1
0,0,1,0,0,0,0,0,1,0,0,0,1,1,1,1,1,1
1,0,0,0,0,0,0,0,1,0,0,0,1,1,1,1,1,1
1,0,0,0,0,0,0,0,1,0,0,0,1,1,1,1,1,1
1,0,0,0,0,0,0,0,1,0,0,0,1,1,1,1,1,1
0,0,1,0,0,0,0,0,1,0,0,0,1,1,1,1,1,1
1,0,0,0,0,0,0,0,1,0,0,0,1,1,1,1,1,1
0,0,0,0,0,0,1,0,1,0,0,0,1,1,1,1,1,1
0,0,1,0,0,0,0,0,1,0,0,0,1,1,1,1,1,1
1,0,0,0,0,0,0,0,1,0,0,0,1,1,1,1,1,1
0,0,0,0,0,0,1,0,1,0,0,0,1,1,1,1,1,1
0,1,0,0,0,0,0,0,2,1,0,0,1,1,1,1,1,1
1,0,0,0,0,0,0,0,1,0,0,0,1,1,1,1,1,1
1,0,0,0,0,0,0,0,1,0,0,0,1,1,1,1,1,1
1,0,0,0,0,0,0,0,2,1,0,0,1,1,1,1,1,1
1,0,0,0,0,0,0,0,1,0,0,0,1,1,1,1,1,1
1,0,0,0,0,0,0,0,1,0,0,0,1,1,1,1,1,1
1,0,0,0,0,0,0,0,1,0,0,0,1,1,1,1,1,1
1,0,0,0,0,0,0,0,1,0,0,0,1,1,1,1,1,1
0,1,0,0,0,0,0,0,2,1,0,0,1,1,1,1,1,1
0,0,0,0,0,0,1,0,1,0,0,0,1,1,1,1,1,1
0,0,1,0,0,0,0,0,1,0,0,0,1,1,1,1,1,1
0,0,0,1,0,0,0,0,1,0,0,0,1,1,1,1,1,1
1,0,0,0,0,0,0,0,2,1,0,0,1,1,1,1,1,1
0,0,0,0,0,0,1,0,1,0,0,0,1,1,1,1,1,1
0,0,0,0,0,0,1,0,1,0,0,0,1,1,1,1,1,1
0,0,1,0,0,0,0,0,1,0,0,0,1,1,1,1,1,1
0,0,0,0,0,0,1,0,1,0,0,0,1,1,1,1,1,1
0,0,1,0,0,0,0,0,1,0,0,0,1,1,1,1,1,1
0,0,1,0,0,0,0,0,1,0,0,0,1,1,1,1,1,1
0,1,0,0,0,0,0,0,2,1,0,0,1,1,1,1,1,1
0,0,0,0,0,0,1,0,1,0,0,0,1,1,1,1,1,1
0,0,1,0,0,0,0,0,1,0,0,0,1,1,1,1,1,1
0,0,0,0,0,0,1,0,1,0,0,0,1,1,1,1,1,1
0,0,1,0,0,0,0,0,2,1,0,0,1,1,1,1,1,1
0,0,1,0,0,0,0,0,1,0,0,0,1,1,1,1,1,1
0,0,1,0,0,0,0,0,2,1,0,0,1,1,1,1,1,1
1,0,0,0,0,0,0,0,1,0,0,0,1,1,1,1,1,1
0,0,0,0,0,0,1,0,1,0,0,0,1,1,1,1,1,1
0,0,0,0,0,0,1,0,1,0,0,0,1,1,1,1,1,1
0,0,0,0,0,0,1,0,1,0,0,0,1,1,1,1,1,1
0,0,0,0,0,0,1,0,1,0,0,0,1,1,1,1,1,1
0,0,0,0,0,0,1,0,1,0,0,0,1,1,1,1,1,1
0,0,0,0,0,0,1,0,1,0,0,0,1,1,1,1,1,1
0,0,0,0,0,0,1,0,1,0,0,0,1,1,1,1,1,1
0,0,0,0,0,0,1,0,1,0,0,0,1,1,1,1,1,1
0,0,0,0,0,0,1,0,1,0,0,0,1,1,1,1,1,1
0,0,0,0,0,0,1,0,1,0,0,0,1,1,1,1,1,1
0,0,0,0,0,0,1,0,1,0,0,0,1,1,1,1,1,1
0,0,0,0,0,0,1,0,1,0,0,0,1,1,1,1,1,1
0,0,0,0,0,0,1,0,1,0,0,0,1,1,1,1,1,1
0,0,0,0,0,0,1,0,1,0,0,0,1,1,1,1,1,1
0,0,0,0,0,0,1,0,1,0,0,0,1,1,1,1,1,1
0,0,0,0,0,0,1,0,1,0,0,0,1,1,1,1,1,1
0,0,0,0,0,0,1,0,1,0,0,0,1,1,1,1,1,1
0,0,0,0,0,0,1,0,1,0,0,0,1,1,1,1,1,1
0,0,0,0,0,0,1,0,1,0,0,0,1,1,1,1,1,1
0,0,0,0,0,0,0,1,2,1,0,1,1,1,1,1,1,1
0,0,0,0,0,0,1,0,2,1,0,0,1,1,1,1,1,1
0,0,0,0,0,0,1,0,1,0,0,0,1,1,1,1,1,1
0,0,0,0,0,0,1,0,1,0,0,0,1,1,1,1,1,1
0,0,1,0,0,0,0,0,1,0,0,0,1,1,1,1,1,1
0,0,0,0,0,0,1,0,1,0,0,0,1,1,1,1,1,1
0,0,0,0,0,0,1,0,1,0,0,0,1,1,1,1,1,1
1,0,0,0,0,0,0,0,1,0,0,0,1,1,1,1,1,1
1,0,0,0,0,0,0,0,1,0,0,0,1,1,1,1,1,1
1,0,0,0,0,0,0,0,1,0,0,0,1,1,1,1,1,1
0,0,0,0,0,0,1,0,1,0,0,0,1,1,1,1,1,1
0,0,0,0,0,0,1,0,5,1,0,0,1,1,1,1,1,1
0,0,0,0,0,0,1,0,3,1,0,0,1,1,1,1,1,1
1,0,0,0,0,0,0,0,1,0,0,0,1,1,1,1,1,1
0,0,0,0,0,0,1,0,2,1,0,0,1,1,1,1,1,1
0,0,0,0,0,0,1,0,1,0,0,0,1,1,1,1,1,1
1,0,0,0,0,0,0,0,1,0,0,0,1,1,1,1,1,1
0,0,1,0,0,0,0,0,1,0,0,0,1,1,1,1,1,1
0,0,0,0,0,1,0,0,1,0,0,0,1,1,1,1,1,1
0,0,1,0,0,0,0,0,1,0,0,0,1,1,1,1,1,1
0,0,1,0,0,0,0,0,1,0,0,0,1,1,1,1,1,1
1,0,0,0,0,0,0,0,1,0,0,0,1,1,1,1,1,1
0,0,0,0,0,0,1,0,1,0,0,0,1,1,1,1,1,1
1,0,0,0,0,0,0,0,1,0,0,0,1,1,1,1,1,1
0,0,0,0,0,0,1,0,2,1,0,0,1,1,1,1,1,1
0,0,0,0,0,0,1,0,2,1,0,0,1,1,1,1,1,1
1,0,0,0,0,0,0,0,2,1,0,0,1,1,1,1,1,1
0,0,1,0,0,0,0,0,1,0,0,0,1,1,1,1,1,1
0,1,0,0,0,0,0,0,2,1,0,0,1,1,1,1,1,1
0,0,0,0,0,0,1,0,2,1,0,0,1,1,1,1,1,1
0,0,0,0,0,0,1,0,1,0,0,0,1,1,1,1,1,1
0,0,0,0,0,0,1,0,4,1,0,0,1,1,1,1,1,1
0,0,1,0,0,0,0,0,1,0,0,0,1,1,1,1,1,1
1,0,0,0,0,0,0,0,1,0,0,0,1,1,1,1,1,1
0,0,0,0,0,0,1,0,2,1,0,0,1,1,1,1,1,1
1,0,0,0,0,0,0,0,1,0,0,0,1,1,1,1,1,1
0,0,0,0,0,0,0,1,2,1,0,1,1,1,1,1,1,1
0,0,1,0,0,0,0,0,1,0,0,0,1,1,1,1,1,1
1,0,0,0,0,0,0,0,1,0,0,0,1,1,1,1,1,1
1,0,0,0,0,0,0,0,1,0,0,0,1,1,1,1,1,1
1,0,0,0,0,0,0,0,1,0,0,0,1,1,1,1,1,1
1,0,0,0,0,0,0,0,1,0,0,0,1,1,1,1,1,1
0,0,0,0,0,0,1,0,2,1,0,0,1,1,1,1,1,1
0,0,0,0,0,0,1,0,4,1,0,0,1,1,1,1,1,1
0,0,0,0,0,0,1,0,1,0,0,0,1,1,1,1,1,1
1,0,0,0,0,0,0,0,1,0,0,0,1,1,1,1,1,1
0,0,1,0,0,0,0,0,1,0,0,0,1,1,1,1,1,1
0,0,1,0,0,0,0,0,1,0,0,0,1,1,1,1,1,1
0,0,1,0,0,0,0,0,1,0,0,0,1,1,1,1,1,1
0,0,0,0,0,0,1,0,3,1,0,0,1,1,1,1,1,1
0,0,0,0,0,0,1,0,1,0,0,0,1,1,1,1,1,1
1,0,0,0,0,0,0,0,1,0,0,0,1,1,1,1,1,1
0,0,1,0,0,0,0,0,1,0,0,0,1,1,1,1,1,1
1,0,0,0,0,0,0,0,1,0,0,0,1,1,1,1,1,1
0,0,0,0,0,0,1,0,1,0,0,0,1,1,1,1,1,1
0,0,0,0,0,0,1,0,1,0,0,0,1,1,1,1,1,1
1,0,0,0,0,0,0,0,1,0,0,0,1,1,1,1,1,1
0,0,1,0,0,0,0,0,1,0,0,0,1,1,1,1,1,1
0,1,0,0,0,0,0,0,3,1,0,0,1,1,1,1,1,1
0,0,0,0,0,0,1,0,1,0,0,0,1,1,1,1,1,1
1,0,0,0,0,0,0,0,1,0,0,0,1,1,1,1,1,1
0,0,0,0,0,0,1,0,1,0,0,0,1,1,1,1,1,1
0,0,0,0,0,1,0,0,1,0,0,0,1,1,1,1,1,1
0,0,0,1,0,0,0,0,1,0,0,0,1,1,1,1,1,1
0,0,0,0,0,0,1,0,3,1,0,0,1,1,1,1,1,1
1,0,0,0,0,0,0,0,2,1,0,0,1,1,1,1,1,1
0,0,0,0,0,0,1,0,1,0,0,0,1,1,1,0,1,1
0,0,0,0,0,1,0,0,1,0,0,0,1,1,1,1,1,1
0,0,0,0,0,0,1,0,2,1,0,0,1,1,1,1,1,1
0,0,0,0,0,1,0,0,1,0,0,0,1,1,1,1,1,1
0,0,0,0,0,0,1,0,2,1,0,0,1,1,1,1,1,1
0,0,0,0,0,0,1,0,1,0,0,0,1,1,1,1,1,1
0,0,0,0,0,1,0,0,1,0,0,0,1,1,1,1,1,1
0,0,0,0,0,1,0,0,1,0,0,0,1,1,1,1,1,1
0,0,0,0,0,0,1,0,1,0,0,0,1,1,1,1,1,1
1,0,0,0,0,0,0,0,1,0,0,0,1,1,1,1,1,1
0,0,0,0,0,0,1,0,1,0,0,0,1,1,1,1,1,1
0,0,0,0,0,0,1,0,2,1,0,0,1,1,1,1,1,1
1,0,0,0,0,0,0,0,2,1,0,0,1,1,1,1,1,1
1,0,0,0,0,0,0,0,1,0,0,0,1,1,1,1,1,1
0,0,0,0,0,0,1,0,2,1,0,0,1,1,1,1,1,1
0,0,0,0,0,1,0,0,1,0,0,0,1,1,1,1,1,1
0,0,0,0,0,1,0,0,1,0,0,0,1,1,1,1,1,1
0,0,0,0,0,1,0,0,1,0,0,0,1,1,1,1,1,1
0,0,0,0,0,0,1,0,1,0,0,0,1,1,1,1,1,1
0,0,0,0,0,1,0,0,1,0,0,0,1,1,1,1,1,1
0,0,0,0,0,1,0,0,1,0,0,0,1,1,1,1,1,1
0,0,0,0,0,0,1,0,1,0,0,0,1,1,1,1,1,1
0,0,0,0,0,0,1,0,1,0,0,0,1,1,1,1,1,1
1,0,0,0,0,0,0,0,2,1,0,0,1,1,1,1,1,1
0,0,1,0,0,0,0,0,1,0,0,0,1,1,1,1,1,1
0,0,0,0,0,1,0,0,1,0,0,0,1,1,1,1,1,1
0,0,0,0,0,1,0,0,1,0,0,0,1,1,1,1,1,1
0,0,0,0,0,0,0,1,2,1,0,1,1,1,1,1,1,1
0,0,0,0,0,0,1,0,1,0,0,0,1,1,1,1,1,1
0,0,0,0,0,0,0,1,2,1,0,1,1,1,1,1,1,1
0,0,0,0,0,0,1,0,2,1,0,0,1,1,1,1,1,1
0,0,0,0,0,1,0,0,1,0,0,0,1,1,1,1,1,1
0,0,0,0,0,0,1,0,1,0,0,0,1,1,1,1,1,1
0,0,0,0,0,0,0,1,2,1,0,1,1,1,1,1,1,1
0,0,0,0,0,0,1,0,1,0,0,0,1,1,1,1,1,1
0,0,0,0,0,0,1,0,1,0,0,0,1,1,1,1,1,1
0,0,0,1,0,0,0,0,1,0,0,0,1,1,1,1,1,1
0,0,0,0,0,1,0,0,1,0,0,0,1,1,1,1,1,1
0,0,0,0,0,0,1,0,2,1,0,0,1,1,1,1,1,1
0,0,0,0,0,1,0,0,1,0,0,0,1,1,1,1,1,1
0,0,0,0,0,0,1,0,1,0,0,0,1,1,1,1,1,1
0,0,0,0,0,1,0,0,1,0,0,0,1,1,1,1,1,1
0,0,0,0,0,0,1,0,2,1,0,0,1,1,1,1,1,1
0,0,0,0,0,1,0,0,2,1,0,0,1,1,1,1,1,1
0,0,0,0,0,1,0,0,1,0,0,0,1,1,1,1,1,1
0,0,0,0,0,1,0,0,1,0,0,0,1,1,1,1,1,1
0,0,0,0,0,1,0,0,1,0,0,0,1,1,1,1,1,1
1,0,0,0,0,0,0,0,1,0,0,0,1,1,1,1,1,1
1,0,0,0,0,0,0,0,1,0,0,0,1,1,1,1,1,1
0,0,0,0,0,0,0,1,3,1,0,1,1,1,1,1,1,1
1,0,0,0,0,0,0,0,1,0,0,0,1,1,1,1,1,1
0,0,1,0,0,0,0,0,1,0,0,0,1,1,1,1,1,1
1,0,0,0,0,0,0,0,1,0,0,0,1,1,1,1,1,1
0,0,1,0,0,0,0,0,1,0,0,0,1,1,1,1,1,1
0,0,0,0,0,0,0,1,2,1,0,1,1,1,1,1,1,1
0,1,0,0,0,0,0,0,2,1,0,0,1,1,1,1,1,1
0,1,0,0,0,0,0,0,2,1,0,0,1,1,1,1,1,1
1,0,0,0,0,0,0,0,1,0,0,0,1,1,1,1,1,1
1,0,0,0,0,0,0,0,1,0,0,0,1,1,1,1,1,1
1,0,0,0,0,0,0,0,1,0,0,0,1,1,1,1,1,1
1,0,0,0,0,0,0,0,2,1,0,0,1,1,1,1,1,1
1,0,0,0,0,0,0,0,1,0,0,0,1,1,1,1,1,1
1,0,0,0,0,0,0,0,1,0,0,0,1,1,1,1,1,1
1,0,0,0,0,0,0,0,1,0,0,0,1,1,1,1,1,1
1,0,0,0,0,0,0,0,1,0,0,0,1,1,1,1,1,1
0,0,0,0,0,0,1,0,1,0,0,0,1,1,1,1,1,1
1,0,0,0,0,0,0,0,1,0,0,0,1,1,1,1,1,1
1,0,0,0,0,0,0,0,1,0,0,0,1,1,1,1,1,1
1,0,0,0,0,0,0,0,1,0,0,0,1,1,1,1,1,1
1,0,0,0,0,0,0,0,1,0,0,0,1,1,1,1,1,1
1,0,0,0,0,0,0,0,1,0,0,0,1,1,1,1,1,1
0,0,0,0,0,0,1,0,1,0,0,0,1,1,1,1,1,1
1,0,0,0,0,0,0,0,1,0,0,0,1,1,1,1,1,1
1,0,0,0,0,0,0,0,1,0,0,0,1,1,1,1,1,1
1,0,0,0,0,0,0,0,1,0,0,0,1,1,1,1,1,1
1,0,0,0,0,0,0,0,2,1,0,0,1,1,1,1,1,1
0,0,0,0,0,0,1,0,1,0,0,0,1,1,1,1,1,1
0,0,0,0,0,0,1,0,1,0,0,0,1,1,1,1,1,1
0,0,1,0,0,0,0,0,1,0,0,0,1,1,1,1,1,1
0,0,1,0,0,0,0,0,1,0,0,0,1,1,1,1,1,1
0,0,1,0,0,0,0,0,1,0,0,0,1,1,1,1,1,1
0,0,1,0,0,0,0,0,1,0,0,0,1,1,1,1,1,1
1,0,0,0,0,0,0,0,1,0,0,0,1,1,1,1,1,1
0,0,1,0,0,0,0,0,1,0,0,0,1,1,1,1,1,1
0,0,0,0,0,1,0,0,1,0,0,0,1,1,1,1,1,1
0,0,0,0,0,0,1,0,2,1,0,0,1,1,1,1,1,1
1,0,0,0,0,0,0,0,1,0,0,0,1,1,1,1,1,1
1,0,0,0,0,0,0,0,1,0,0,0,1,1,1,1,1,1
0,0,0,0,0,1,0,0,1,0,0,0,1,1,1,1,1,1
1,0,0,0,0,0,0,0,1,0,0,0,1,1,0,0,1,1
1,0,0,0,0,0,0,0,1,0,0,0,1,1,0,0,1,1
1,0,0,0,0,0,0,0,1,0,0,0,1,1,0,0,1,1
0,0,0,0,0,0,1,0,1,0,0,0,1,1,0,0,1,1
0,0,0,0,0,0,1,0,1,0,0,0,1,1,0,0,1,1
1,0,0,0,0,0,0,0,1,0,0,0,1,1,0,0,1,1
1,0,0,0,0,0,0,0,1,0,0,0,1,1,0,0,1,1
0,0,0,0,0,1,0,0,1,0,0,0,1,1,1,1,1,1
0,0,0,0,0,1,0,0,1,0,0,0,1,1,1,1,1,1
0,0,0,0,0,0,1,0,1,0,0,0,1,1,1,1,1,1
0,0,0,0,0,0,1,0,1,0,0,0,1,1,1,1,1,1
0,0,0,0,0,1,0,0,1,0,0,0,1,1,1,1,1,1
0,0,0,0,0,1,0,0,1,0,0,0,1,1,1,1,1,1
0,0,0,0,0,0,1,0,1,0,0,0,1,1,1,1,1,1
0,0,0,0,0,0,1,0,2,1,0,0,1,1,1,1,1,1
0,0,0,0,0,0,1,0,1,0,0,0,1,1,1,1,1,1
0,0,0,0,0,0,1,0,1,0,0,0,1,1,1,1,1,1
0,0,0,0,0,1,0,0,1,0,0,0,1,1,1,1,1,1
0,0,0,0,0,1,0,0,1,0,0,0,1,1,1,1,1,1
0,0,0,0,0,0,1,0,1,0,0,0,1,1,1,1,1,1
0,0,0,0,0,1,0,0,1,0,0,0,1,1,1,1,1,1
0,0,0,0,0,0,1,0,1,0,0,0,1,1,1,1,1,1
0,0,0,0,0,0,1,0,1,0,0,0,1,1,1,1,1,1
0,0,0,0,0,0,1,0,1,0,0,0,1,1,1,1,1,1
0,0,0,0,0,0,1,0,1,0,0,0,1,1,1,1,1,1
0,0,0,0,0,0,1,0,1,0,0,0,1,1,1,1,1,1
1,0,0,0,0,0,0,0,1,0,0,0,1,1,1,1,1,1
1,0,0,0,0,0,0,0,1,0,0,0,1,1,1,1,1,1
0,1,0,0,0,0,0,0,2,1,0,0,1,1,1,1,1,1
0,0,0,0,0,0,1,0,2,1,0,0,1,1,1,1,1,1
0,1,0,0,0,0,0,0,2,1,0,0,1,1,1,1,1,1
0,0,0,0,0,1,0,0,1,0,0,0,1,1,1,1,1,1
0,0,0,0,0,1,0,0,1,0,0,0,1,1,1,1,1,1
0,0,0,0,0,0,1,0,1,0,0,0,1,1,1,1,1,1
0,0,0,0,0,0,1,0,1,0,0,0,1,1,1,1,1,1
0,0,0,0,0,0,1,0,1,0,0,0,1,1,1,1,1,1
0,0,0,0,0,0,1,0,1,0,0,0,1,1,1,1,1,1
0,0,0,0,0,1,0,0,1,0,0,0,1,1,1,1,1,1
0,0,0,0,0,0,1,0,1,0,0,0,1,1,1,1,1,1
0,0,0,1,0,0,0,0,1,0,0,0,1,1,1,1,1,1
0,0,0,0,0,0,1,0,1,0,0,0,1,1,1,1,1,1
0,0,0,0,0,0,1,0,1,0,0,0,1,1,1,1,1,1
0,0,0,0,0,0,1,0,2,1,0,0,1,1,1,1,1,1
0,0,0,0,0,0,1,0,1,0,0,0,1,1,1,1,1,1
0,0,0,0,0,1,0,0,1,0,0,0,1,1,1,1,1,1
0,0,0,0,0,0,1,0,1,0,0,0,1,1,1,1,1,1
0,0,0,0,0,1,0,0,1,0,0,0,1,1,1,1,1,1
1,0,0,0,0,0,0,0,1,0,0,0,1,1,1,1,1,1
1,0,0,0,0,0,0,0,1,0,0,0,1,1,1,1,1,1
0,0,0,0,0,0,1,0,1,0,0,0,1,1,1,1,1,1
0,0,0,0,0,0,1,0,1,0,0,0,1,1,1,1,1,1
0,0,0,0,0,0,1,0,1,0,0,0,1,1,1,1,1,1
0,0,0,0,0,0,1,0,1,0,0,0,1,1,1,1,1,1
0,0,0,0,0,1,0,0,1,0,0,0,1,1,1,1,1,1
1,0,0,0,0,0,0,0,1,0,0,0,1,1,1,1,1,1
0,0,0,0,0,0,1,0,1,0,0,0,1,1,1,1,1,1
0,0,0,0,0,0,1,0,2,1,0,0,1,1,1,1,1,1
0,0,1,0,0,0,0,0,1,0,0,0,1,1,1,1,1,1
0,0,0,0,0,1,0,0,2,1,0,0,1,1,1,1,1,1
0,0,0,0,0,1,0,0,1,0,0,0,1,1,1,1,1,1
0,0,0,0,0,0,1,0,1,0,0,0,1,1,1,1,1,1
0,0,0,0,0,0,1,0,1,0,0,0,1,1,1,1,1,1
0,0,0,0,0,1,0,0,1,0,0,0,1,1,1,1,1,1
0,0,1,0,0,0,0,0,2,1,0,0,1,1,1,1,1,1
0,0,0,0,0,0,1,0,1,0,0,0,1,1,1,1,1,1
0,0,0,0,0,0,0,1,2,1,0,1,1,1,1,1,1,1
0,0,0,0,0,1,0,0,1,0,0,0,1,1,1,1,1,1
0,0,0,0,0,1,0,0,1,0,0,0,1,1,1,1,1,1
0,0,0,0,0,1,0,0,1,0,0,0,1,1,1,1,1,1
0,0,0,0,0,0,1,0,2,1,0,0,1,1,1,1,1,1
0,0,0,0,0,0,1,0,2,1,0,0,1,1,1,1,1,1
0,0,0,0,0,1,0,0,1,0,0,0,1,1,1,1,1,1
0,0,0,0,0,0,1,0,2,1,0,0,1,1,1,1,1,1
0,0,0,0,0,0,1,0,2,1,0,0,1,1,1,1,1,1
0,0,0,0,0,1,0,0,1,0,0,0,1,1,1,1,1,1
0,0,1,0,0,0,0,0,1,0,0,0,1,1,1,1,1,1
0,0,1,0,0,0,0,0,1,0,0,0,1,1,1,1,1,1
1,0,0,0,0,0,0,0,1,0,0,0,1,1,1,1,1,1
0,0,0,0,0,0,1,0,1,0,0,0,1,1,1,1,1,1
0,0,0,0,0,1,0,0,1,0,0,0,1,1,1,1,1,1
0,0,0,0,0,0,1,0,1,0,0,0,1,1,1,1,1,1
1,0,0,0,0,0,0,0,1,0,0,0,1,1,1,1,1,1
0,0,0,0,0,0,1,0,1,0,0,0,1,1,1,1,1,1
0,0,0,0,0,1,0,0,1,0,0,0,1,1,1,1,1,1
1,0,0,0,0,0,0,0,1,0,0,0,1,1,1,1,1,1
0,0,0,0,0,0,1,0,1,0,0,0,1,1,1,1,1,1
0,0,0,0,0,0,1,0,1,0,0,0,1,1,1,1,1,1
0,0,0,0,0,0,1,0,1,0,0,0,1,1,1,1,1,1
0,0,0,0,0,1,0,0,1,0,0,0,1,1,1,1,1,1
0,0,0,0,0,1,0,0,1,0,0,0,1,1,1,1,1,1
1,0,0,0,0,0,0,0,1,0,0,0,1,1,1,1,1,1
0,0,0,0,0,0,0,1,3,1,0,1,1,1,1,1,1,1
1,0,0,0,0,0,0,0,2,1,0,0,1,1,1,1,1,1
0,0,0,0,0,0,1,0,1,0,0,0,1,1,1,1,1,1
0,0,0,0,0,1,0,0,1,0,0,0,1,1,1,1,1,1
0,0,0,0,0,0,1,0,1,0,0,0,1,1,1,1,1,1
0,0,1,0,0,0,0,0,1,0,0,0,1,1,1,1,1,1
0,0,0,0,0,0,1,0,1,0,0,0,1,1,1,1,1,1
0,0,0,0,0,0,1,0,1,0,0,0,1,1,1,1,1,1
0,0,0,0,0,0,1,0,1,0,0,0,1,1,1,1,1,1
1,0,0,0,0,0,0,0,1,0,0,0,1,1,1,1,1,1
0,0,0,0,0,0,1,0,1,0,0,0,1,1,1,1,1,1
0,0,0,0,0,0,1,0,1,0,0,0,1,1,1,1,1,1
0,0,0,0,0,0,1,0,1,0,0,0,1,1,1,1,1,1
0,0,0,0,0,0,1,0,1,0,0,0,1,1,1,1,1,1
0,0,0,0,0,0,1,0,1,0,0,0,1,1,1,1,1,1
1,0,0,0,0,0,0,0,1,0,0,0,1,1,1,1,1,1
0,0,0,0,0,0,1,0,1,0,0,0,1,1,1,1,1,1
0,0,0,0,0,0,1,0,2,1,0,0,1,1,1,1,1,1
0,0,0,0,0,0,1,0,1,0,0,0,1,1,1,1,1,1
1,0,0,0,0,0,0,0,1,0,0,0,1,1,1,1,1,1
1,0,0,0,0,0,0,0,1,0,0,0,1,1,1,1,1,1
0,0,0,0,0,0,1,0,1,0,0,0,1,1,1,1,1,1
0,0,0,0,0,0,1,0,2,1,0,0,1,1,1,1,1,1
0,0,1,0,0,0,0,0,1,0,0,0,1,1,1,1,1,1
0,0,0,0,0,1,0,0,1,0,0,0,1,1,1,1,1,1
0,0,0,0,0,0,1,0,1,0,0,0,1,1,1,1,1,1
0,0,0,0,0,0,1,0,1,0,0,0,1,1,1,1,1,1
1,0,0,0,0,0,0,0,1,0,0,0,1,1,1,1,1,1
0,0,0,0,0,0,1,0,1,0,0,0,1,1,1,1,1,1
1,0,0,0,0,0,0,0,1,0,0,0,1,1,1,0,1,1
1,0,0,0,0,0,0,0,1,0,0,0,1,1,1,1,1,1
0,0,0,0,0,0,1,0,2,1,0,0,1,1,1,1,1,1
0,0,0,0,0,0,1,0,1,0,0,0,1,1,1,1,1,1
0,0,0,0,0,0,1,0,1,0,0,0,1,1,1,1,1,1
0,0,0,0,0,0,1,0,1,0,0,0,1,1,1,1,1,1
0,0,0,0,0,0,1,0,1,0,0,0,1,1,1,1,1,1
0,0,0,0,0,0,1,0,2,1,0,0,1,1,1,1,1,1
1,0,0,0,0,0,0,0,1,0,0,0,1,1,1,1,1,1
0,0,1,0,0,0,0,0,1,0,0,0,1,1,1,1,1,1
1,0,0,0,0,0,0,0,1,0,0,0,1,1,1,1,1,1
0,0,0,0,0,0,1,0,2,1,0,0,1,1,1,1,1,1
1,0,0,0,0,0,0,0,1,0,0,0,1,1,1,1,1,1
1,0,0,0,0,0,0,0,1,0,0,0,1,1,1,1,1,1
1,0,0,0,0,0,0,0,1,0,0,0,1,1,1,1,1,1
0,0,0,0,0,0,1,0,1,0,0,0,1,1,1,1,1,1
1,0,0,0,0,0,0,0,1,0,0,0,1,1,1,1,1,1
1,0,0,0,0,0,0,0,1,0,0,0,1,1,1,1,1,1
0,0,0,0,0,0,1,0,1,0,0,0,1,1,1,1,1,1
0,0,0,0,0,0,1,0,1,0,0,0,1,1,1,1,1,1
1,0,0,0,0,0,0,0,1,0,0,0,1,1,1,1,1,1
1,0,0,0,0,0,0,0,2,1,0,0,1,1,1,1,1,1
0,0,1,0,0,0,0,0,1,0,0,0,1,1,1,1,1,1
1,0,0,0,0,0,0,0,1,0,0,0,1,1,1,1,1,1
0,0,1,0,0,0,0,0,1,0,0,0,1,1,1,1,1,1
0,0,1,0,0,0,0,0,1,0,0,0,1,1,1,1,1,1
0,0,1,0,0,0,0,0,1,0,0,0,1,1,1,1,1,1
1,0,0,0,0,0,0,0,1,0,0,0,1,1,1,1,1,1
1,0,0,0,0,0,0,0,1,0,0,0,1,1,1,1,1,1
1,0,0,0,0,0,0,0,1,0,0,0,1,1,1,1,1,1
0,0,1,0,0,0,0,0,1,0,0,0,1,1,1,1,1,1
0,0,0,0,0,1,0,0,1,0,0,0,1,1,1,1,1,1
0,0,0,0,0,0,1,0,1,0,0,0,1,1,1,1,1,1
0,0,0,0,0,0,1,0,1,0,0,0,1,1,1,1,1,1
0,0,0,0,0,1,0,0,1,0,0,0,1,1,1,1,1,1
1,0,0,0,0,0,0,0,1,0,0,0,1,1,1,1,1,1
1,0,0,0,0,0,0,0,1,0,0,0,1,1,1,1,1,1
1,0,0,0,0,0,0,0,1,0,0,0,1,1,1,1,1,1
0,0,0,0,0,1,0,0,1,0,0,0,1,1,1,1,1,1
1,0,0,0,0,0,0,0,1,0,0,0,1,1,1,1,1,1
1,0,0,0,0,0,0,0,1,0,0,0,1,1,1,1,1,1
0,0,1,0,0,0,0,0,1,0,0,0,1,1,1,1,1,1
1,0,0,0,0,0,0,0,1,0,0,0,1,1,1,1,1,1
0,0,1,0,0,0,0,0,1,0,0,0,1,1,1,1,1,1
1,0,0,0,0,0,0,0,1,0,0,0,1,1,1,1,1,1
0,0,0,0,0,0,1,0,1,0,0,0,1,1,1,1,1,1
0,0,0,0,0,1,0,0,1,0,0,0,1,1,1,1,1,1
1,0,0,0,0,0,0,0,1,0,0,0,1,1,1,1,1,1
1,0,0,0,0,0,0,0,1,0,0,0,1,1,1,1,1,1
1,0,0,0,0,0,0,0,1,0,0,0,1,1,1,1,1,1
0,0,1,0,0,0,0,0,2,1,0,0,1,1,1,1,1,1
0,0,1,0,0,0,0,0,1,0,0,0,1,1,1,1,1,1
0,0,1,0,0,0,0,0,1,0,0,0,1,1,1,1,1,1
0,0,0,0,0,0,1,0,1,0,0,0,1,1,1,1,1,1
0,0,0,0,0,1,0,0,1,0,0,0,1,1,1,1,1,1
0,0,0,0,0,0,0,1,2,1,0,1,1,1,1,1,1,1
1,0,0,0,0,0,0,0,1,0,0,0,1,1,1,1,1,1
0,0,0,0,0,0,1,0,1,0,0,0,1,1,1,1,1,1
0,0,0,0,0,0,1,0,2,1,0,0,1,1,1,1,1,1
1,0,0,0,0,0,0,0,1,0,0,0,1,1,1,1,1,1
1,0,0,0,0,0,0,0,1,0,0,0,1,1,1,1,1,1
0,0,1,0,0,0,0,0,1,0,0,0,1,1,1,1,1,1
0,0,1,0,0,0,0,0,1,0,0,0,1,1,1,1,1,1
0,0,0,0,0,0,1,0,1,0,0,0,1,1,1,1,1,1
1,0,0,0,0,0,0,0,1,0,0,0,1,1,1,1,1,1
1,0,0,0,0,0,0,0,1,0,0,0,1,1,1,1,1,1
0,0,0,1,0,0,0,0,1,0,0,0,1,1,1,1,1,1
0,0,0,0,0,0,1,0,1,0,0,0,1,1,1,1,1,1
1,0,0,0,0,0,0,0,1,0,0,0,1,1,1,1,1,1
0,0,0,0,0,0,1,0,2,1,0,0,1,1,1,1,1,1
0,0,0,0,0,1,0,0,1,0,0,0,1,1,1,1,1,1
0,0,0,0,0,1,0,0,1,0,0,0,1,1,1,1,1,1
0,0,0,0,0,0,1,0,1,0,0,0,1,1,1,1,1,1
0,0,0,0,0,0,1,0,1,0,0,0,1,1,1,1,1,1
1,0,0,0,0,0,0,0,1,0,0,0,1,1,1,1,1,1
1,0,0,0,0,0,0,0,1,0,0,0,1,1,1,1,1,1
0,0,0,0,0,0,1,0,1,0,0,0,1,1,1,1,1,1
1,0,0,0,0,0,0,0,1,0,0,0,1,1,1,1,1,1
0,0,0,0,0,1,0,0,1,0,0,0,1,1,1,1,1,1
0,0,0,0,0,0,1,0,2,1,0,0,1,1,1,1,1,1
0,0,0,0,0,0,1,0,2,1,0,0,1,1,1,1,1,1
0,0,0,0,0,0,1,0,2,1,0,0,1,1,1,1,1,1
0,0,0,0,0,1,0,0,1,0,0,0,1,1,1,1,1,1
0,0,0,0,0,1,0,0,1,0,0,0,1,1,1,1,1,1
0,0,0,0,0,0,1,0,1,0,0,0,1,1,1,1,1,1
0,0,0,0,0,1,0,0,1,0,0,0,1,1,1,1,1,1
0,0,0,0,0,1,0,0,1,0,0,0,1,1,1,1,1,1
0,0,0,0,0,0,1,0,2,1,0,0,1,1,1,1,1,1
0,0,0,0,0,0,1,0,1,0,0,0,1,1,1,1,1,1
0,0,0,0,0,1,0,0,1,0,0,0,1,1,1,1,1,1
0,0,0,0,0,1,0,0,1,0,0,0,1,1,1,1,1,1
0,0,0,0,0,0,1,0,1,0,0,0,1,1,1,1,1,1
1,0,0,0,0,0,0,0,1,0,0,0,1,1,1,1,1,1
0,0,0,0,0,0,1,0,2,1,0,0,1,1,1,1,1,1
0,0,0,0,0,0,1,0,1,0,0,0,1,1,1,1,1,1
0,0,0,0,0,0,1,0,1,0,0,0,1,1,1,1,1,1
0,0,0,0,0,1,0,0,1,0,0,0,1,1,1,1,1,1
0,0,0,0,0,0,1,0,2,1,0,0,1,1,1,1,1,1
0,0,1,0,0,0,0,0,1,0,0,0,1,1,1,1,1,1
0,0,0,0,0,0,1,0,2,1,0,0,1,1,1,1,1,1
1,0,0,0,0,0,0,0,1,0,0,0,1,1,1,1,1,1
0,0,0,0,0,1,0,0,1,0,0,0,1,1,1,1,1,1
0,0,0,0,0,0,1,0,1,0,0,0,1,1,1,1,1,1
0,0,0,0,0,0,1,0,1,0,0,0,1,1,1,1,1,1
1,0,0,0,0,0,0,0,1,0,0,0,1,1,1,1,1,1
1,0,0,0,0,0,0,0,1,0,0,0,1,1,1,1,1,1
0,0,0,0,0,0,1,0,1,0,0,0,1,1,1,1,1,1
0,0,0,0,0,0,1,0,1,0,0,0,1,1,1,1,1,1
0,0,0,1,0,0,0,0,1,0,0,0,1,1,1,1,1,1
0,0,0,0,0,0,0,1,3,1,0,1,1,1,1,1,1,1
0,0,0,0,0,1,0,0,1,0,0,0,1,1,1,1,1,1
1,0,0,0,0,0,0,0,1,0,0,0,1,1,1,1,1,1
0,0,0,0,0,1,0,0,1,0,0,0,1,1,1,1,1,1
0,0,0,0,0,0,1,0,1,0,0,0,1,1,1,1,1,1
1,0,0,0,0,0,0,0,1,0,0,0,1,1,1,1,1,1
1,0,0,0,0,0,0,0,1,0,0,0,1,1,1,1,1,1
0,0,0,0,0,0,1,0,1,0,0,0,1,1,1,1,1,1
0,0,0,0,0,1,0,0,1,0,0,0,1,1,1,1,1,1
1,0,0,0,0,0,0,0,1,0,0,0,1,1,1,1,1,1
0,0,0,0,0,1,0,0,1,0,0,0,1,1,1,1,1,1
1,0,0,0,0,0,0,0,1,0,0,0,1,1,1,1,1,1
0,0,0,0,0,0,1,0,1,0,0,0,1,1,1,1,1,1
0,0,1,0,0,0,0,0,1,0,0,0,1,1,1,1,1,1
0,0,0,0,0,0,1,0,1,0,0,0,1,1,1,1,1,1
0,0,1,0,0,0,0,0,1,0,0,0,1,1,1,1,1,1
1,0,0,0,0,0,0,0,1,0,0,0,1,1,1,1,1,1
0,0,0,0,0,0,1,0,1,0,0,0,1,1,1,1,1,1
0,0,0,0,0,0,1,0,1,0,0,0,1,1,1,1,1,1
1,0,0,0,0,0,0,0,1,0,0,0,1,1,1,1,1,1
0,0,0,0,0,0,1,0,1,0,0,0,1,1,1,1,1,1
0,0,0,0,0,0,1,0,2,1,0,0,1,1,1,1,1,1
0,0,0,0,0,1,0,0,1,0,0,0,1,1,1,1,1,1
0,0,0,0,0,0,1,0,1,0,0,0,1,1,1,1,1,1
0,0,0,0,0,1,0,0,1,0,0,0,1,1,1,1,1,1
1,0,0,0,0,0,0,0,1,0,0,0,1,1,1,1,1,1
0,0,0,0,0,0,1,0,1,0,0,0,1,1,1,1,1,1
0,0,0,0,0,0,1,0,1,0,0,0,1,1,1,1,1,1
0,0,0,0,0,0,1,0,1,0,0,0,1,1,1,1,1,1
0,0,0,0,0,1,0,0,1,0,0,0,1,1,1,1,1,1
0,0,0,0,0,0,1,0,1,0,0,0,1,1,1,1,1,1
0,0,0,0,0,1,0,0,1,0,0,0,1,1,1,1,1,1
0,0,0,0,0,1,0,0,1,0,0,0,1,1,1,1,1,1
0,0,0,0,0,0,1,0,1,0,0,0,1,1,1,1,1,1
1,0,0,0,0,0,0,0,1,0,0,0,1,1,1,1,1,1
0,0,0,0,0,0,1,0,1,0,0,0,1,1,1,1,1,1
1,0,0,0,0,0,0,0,1,0,0,0,1,1,1,1,1,1
0,0,0,0,0,0,0,1,2,1,0,1,1,1,1,1,1,1
0,0,0,0,0,1,0,0,1,0,0,0,1,1,1,1,1,1
0,1,0,0,0,0,0,0,2,1,0,0,1,1,1,1,1,1
0,0,0,0,0,0,1,0,1,0,0,0,1,1,1,1,1,1
0,0,0,0,0,1,0,0,1,0,0,0,1,1,1,1,1,1
0,0,1,0,0,0,0,0,1,0,0,0,1,1,1,1,1,1
1,0,0,0,0,0,0,0,1,0,0,0,1,1,1,1,1,1
1,0,0,0,0,0,0,0,1,0,0,0,1,1,1,1,1,1
1,0,0,0,0,0,0,0,1,0,0,0,1,1,1,1,1,1
0,0,0,0,0,0,0,1,3,1,0,1,1,1,1,1,1,1
0,0,0,0,0,0,1,0,1,0,0,0,1,1,1,1,1,1
0,0,0,0,0,0,0,1,2,1,0,1,1,1,1,1,1,1
1,0,0,0,0,0,0,0,1,0,0,0,1,1,1,1,1,1
0,0,0,0,0,0,1,0,1,0,0,0,1,1,1,1,1,1
0,0,0,0,0,1,0,0,1,0,0,0,1,1,1,1,1,1
0,0,0,0,0,0,1,0,1,0,0,0,1,1,1,1,1,1
0,0,0,0,0,0,1,0,1,0,0,0,1,1,1,1,1,1
0,0,0,0,0,0,1,0,1,0,0,0,1,1,1,1,1,1
0,0,0,0,0,0,1,0,1,0,0,0,1,1,1,1,1,1
0,0,0,0,0,0,1,0,2,1,0,0,1,1,1,1,1,1
1,0,0,0,0,0,0,0,1,0,0,0,1,1,1,1,1,1
0,0,0,0,0,0,1,0,1,0,0,0,1,1,1,1,1,1
1,0,0,0,0,0,0,0,1,0,0,0,1,1,1,1,1,1
1,0,0,0,0,0,0,0,1,0,0,0,1,1,1,1,1,1
0,0,0,0,0,0,1,0,1,0,0,0,1,1,1,1,1,1
0,0,0,0,0,0,1,0,1,0,0,0,1,1,1,1,1,1
0,0,0,0,0,0,1,0,1,0,0,0,1,1,1,1,1,1
0,0,0,0,0,0,1,0,1,0,0,0,1,1,1,1,1,1
1,0,0,0,0,0,0,0,1,0,0,0,1,1,1,1,1,1
0,0,0,0,0,0,1,0,1,0,0,0,1,1,1,1,1,1
0,0,0,0,0,0,1,0,1,0,0,0,1,1,1,1,1,1
0,0,0,0,0,0,1,0,2,1,0,0,1,1,1,1,1,1
1,0,0,0,0,0,0,0,1,0,0,0,1,1,1,1,1,1
0,0,0,0,0,0,1,0,1,0,0,0,1,1,1,1,1,1
0,0,0,0,0,0,1,0,1,0,0,0,1,1,1,1,1,1
0,0,0,0,0,1,0,0,1,0,0,0,1,1,1,1,1,1
0,0,0,0,0,0,1,0,2,1,0,0,1,1,1,1,1,1
0,0,0,0,0,0,1,0,1,0,0,0,1,1,1,1,1,1
0,0,0,0,0,0,1,0,1,0,0,0,1,1,1,1,1,1
0,0,0,0,0,1,0,0,1,0,0,0,1,1,1,1,1,1
1,0,0,0,0,0,0,0,1,0,0,0,1,1,1,1,1,1
0,0,0,0,0,1,0,0,1,0,0,0,1,1,1,1,1,1
0,0,0,0,0,0,1,0,1,0,0,0,1,1,1,1,1,1
0,0,0,0,0,0,1,0,1,0,0,0,1,1,1,1,1,1
0,0,0,0,0,1,0,0,1,0,0,0,1,1,1,1,1,1
1,0,0,0,0,0,0,0,1,0,0,0,1,1,1,1,1,1
0,0,0,0,0,0,1,0,1,0,0,0,1,1,1,1,1,1
1,0,0,0,0,0,0,0,1,0,0,0,1,1,1,1,1,1
0,0,0,0,0,0,1,0,1,0,0,0,1,1,1,1,1,1
1,0,0,0,0,0,0,0,1,0,0,0,1,1,1,1,1,1
1,0,0,0,0,0,0,0,1,0,0,0,1,1,1,1,1,1
0,0,0,0,0,1,0,0,1,0,0,0,1,1,1,1,1,1
0,0,1,0,0,0,0,0,1,0,0,0,1,1,1,1,1,1
0,0,0,0,0,1,0,0,1,0,0,0,1,1,1,1,1,1
0,0,0,0,0,0,1,0,2,1,0,0,1,1,1,1,1,1
0,0,0,0,0,1,0,0,1,0,0,0,1,1,1,1,1,1
0,0,0,0,0,0,1,0,1,0,0,0,1,1,1,1,1,1
0,0,0,0,0,0,1,0,1,0,0,0,1,1,1,1,1,1
0,0,0,0,0,0,1,0,1,0,0,0,1,1,1,1,1,1
0,0,0,0,0,0,1,0,2,1,0,0,1,1,1,1,1,1
0,0,0,0,0,0,1,0,1,0,0,0,1,1,1,1,1,1
0,0,0,0,0,0,1,0,2,1,0,0,1,1,1,1,1,1
0,0,0,0,0,0,1,0,1,0,0,0,1,1,1,1,1,1
0,0,0,0,0,0,1,0,2,1,0,0,1,1,1,1,1,1
0,0,1,0,0,0,0,0,1,0,0,0,1,1,1,1,1,1
0,0,0,0,0,0,1,0,1,0,0,0,1,1,1,1,1,1
0,0,1,0,0,0,0,0,1,0,0,0,1,1,1,1,1,1
0,0,0,0,0,0,1,0,1,0,0,0,1,1,1,1,1,1
0,0,0,0,0,0,1,0,1,0,0,0,1,1,1,1,1,1
1,0,0,0,0,0,0,0,1,0,0,0,1,1,1,1,1,1
0,0,0,0,0,0,1,0,1,0,0,0,1,1,1,1,1,1
0,0,1,0,0,0,0,0,1,0,0,0,1,1,1,1,1,1
0,0,1,0,0,0,0,0,1,0,0,0,1,1,1,1,1,1
0,0,1,0,0,0,0,0,1,0,0,0,1,1,1,1,1,1
0,1,0,0,0,0,0,0,3,1,0,0,1,1,1,1,1,1
0,0,1,0,0,0,0,0,1,0,0,0,1,1,1,1,1,1
0,0,1,0,0,0,0,0,1,0,0,0,1,1,1,1,1,1
0,0,0,0,0,0,1,0,2,1,0,0,1,1,1,1,1,1
0,0,0,0,0,0,1,0,1,0,0,0,1,1,1,1,1,1
0,0,1,0,0,0,0,0,2,1,0,0,1,1,1,1,1,1
0,0,0,0,0,0,1,0,1,0,0,0,1,1,1,1,1,1
0,0,0,0,0,0,1,0,2,1,0,0,1,1,1,1,1,1
0,0,0,0,0,0,0,1,2,1,0,1,1,1,1,1,1,1
0,0,0,0,0,0,1,0,2,1,0,0,1,1,1,1,1,1
0,0,1,0,0,0,0,0,1,0,0,0,1,1,1,1,1,1
0,0,1,0,0,0,0,0,1,0,0,0,1,1,1,1,1,1
0,1,0,0,0,0,0,0,2,1,0,0,1,1,1,1,1,1
0,0,0,0,0,0,1,0,1,0,0,0,1,1,1,1,1,1
0,0,0,0,0,0,1,0,1,0,0,0,1,1,1,1,1,1
0,0,0,0,0,0,0,1,2,1,0,1,1,1,1,1,1,1
0,0,0,0,0,0,1,0,1,0,0,0,1,1,1,1,1,1
0,0,0,0,0,0,0,1,2,1,0,1,1,1,1,1,1,1
0,0,0,0,0,0,1,0,1,0,0,0,1,1,1,1,1,1
0,0,0,0,0,0,0,1,2,1,0,1,1,1,1,1,1,1
0,0,0,0,0,0,1,0,1,0,0,0,1,1,1,1,1,1
0,0,0,0,0,0,1,0,2,1,0,0,1,1,1,1,1,1
0,0,0,0,0,0,1,0,1,0,0,0,1,1,1,1,1,1
0,0,0,0,0,0,1,0,2,1,0,0,1,1,1,1,1,1
0,0,0,0,0,0,1,0,2,1,0,0,1,1,1,1,1,1
0,0,0,0,0,0,1,0,1,0,0,0,1,1,1,1,1,1
0,0,0,0,0,0,1,0,2,1,0,0,1,1,1,1,1,1
0,0,0,0,0,0,1,0,1,0,0,0,1,1,1,1,1,1
0,0,1,0,0,0,0,0,1,0,0,0,1,1,1,1,1,1
0,0,1,0,0,0,0,0,1,0,0,0,1,1,1,1,1,1
0,1,0,0,0,0,0,0,3,1,0,0,1,1,1,1,1,1
0,0,0,0,0,0,1,0,2,1,0,0,1,1,1,1,1,1
0,0,0,0,0,0,1,0,1,0,0,0,1,1,1,1,1,1
0,0,0,0,0,0,1,0,1,0,0,0,1,1,1,1,1,1
0,0,1,0,0,0,0,0,1,0,0,0,1,1,1,1,1,1
0,0,0,0,0,0,1,0,1,0,0,0,1,1,1,1,1,1
1,0,0,0,0,0,0,0,1,0,0,0,1,1,1,1,1,1
0,0,0,0,0,1,0,0,1,0,0,0,1,1,1,1,1,1
0,0,0,0,0,0,1,0,1,0,0,0,1,1,1,1,1,1
0,0,1,0,0,0,0,0,1,0,0,0,1,1,1,1,1,1
0,0,0,0,0,0,1,0,1,0,0,0,1,1,1,1,1,1
0,0,0,0,0,0,1,0,1,0,0,0,1,1,1,1,1,1
0,0,0,0,0,0,1,0,1,0,0,0,1,1,1,1,1,1
0,0,0,0,0,0,0,1,3,1,0,1,1,1,1,1,1,1
0,0,0,0,0,0,1,0,1,0,0,0,1,1,1,1,1,1
0,0,0,0,0,0,1,0,1,0,0,0,1,1,1,1,1,1
0,0,1,0,0,0,0,0,1,0,0,0,1,1,1,1,1,1
0,0,0,0,0,0,1,0,1,0,0,0,1,1,1,1,1,1
0,0,0,0,0,0,1,0,1,0,0,0,1,1,1,1,1,1
0,0,0,0,0,0,1,0,1,0,0,0,1,1,1,1,1,1
1,0,0,0,0,0,0,0,2,1,0,0,1,1,1,1,1,1
0,0,0,0,0,0,1,0,2,1,0,0,1,1,1,1,1,1
0,0,0,0,0,0,0,1,2,1,0,1,1,1,1,1,1,1
0,0,0,0,0,0,1,0,1,0,0,0,1,1,1,1,1,1
0,0,1,0,0,0,0,0,2,1,0,0,1,1,1,1,1,1
0,0,0,0,0,0,1,0,1,0,0,0,1,1,1,1,1,1
0,0,0,0,0,0,1,0,1,0,0,0,1,1,1,1,1,1
0,0,0,0,0,0,1,0,1,0,0,0,1,1,1,1,1,1
0,0,0,0,0,0,1,0,1,0,0,0,1,1,1,1,1,1
0,0,0,0,0,1,0,0,2,1,0,0,1,1,1,1,1,1
0,0,0,0,0,0,0,1,3,1,0,1,1,1,1,1,1,1
0,0,1,0,0,0,0,0,1,0,0,0,1,1,1,1,1,1
0,0,0,0,0,0,1,0,1,0,0,0,1,1,1,1,1,1
1,0,0,0,0,0,0,0,1,0,0,0,1,1,1,1,1,1
0,0,0,0,0,1,0,0,1,0,0,0,1,1,1,1,1,1
0,0,0,0,0,1,0,0,1,0,0,0,1,1,1,1,1,1
0,0,0,0,0,0,1,0,1,0,0,0,1,1,1,1,1,1
1,0,0,0,0,0,0,0,2,1,0,0,1,1,1,1,1,1
0,0,0,0,0,0,1,0,1,0,0,0,1,1,1,1,1,1
0,1,0,0,0,0,0,0,2,1,0,0,1,1,1,1,1,1
1,0,0,0,0,0,0,0,1,0,0,0,1,1,1,1,1,1
0,0,0,0,0,0,0,1,2,1,0,1,1,1,1,1,1,1
0,0,0,0,0,0,1,0,1,0,0,0,1,1,1,1,1,1
0,0,0,0,0,0,1,0,1,0,0,0,1,1,1,1,1,1
0,0,1,0,0,0,0,0,1,0,0,0,1,1,1,1,1,1
0,0,0,0,0,0,1,0,1,0,0,0,1,1,1,1,1,1
0,0,1,0,0,0,0,0,1,0,0,0,1,1,1,1,1,1
1,0,0,0,0,0,0,0,1,0,0,0,1,1,1,1,1,1
0,0,0,0,0,0,1,0,1,0,0,0,1,1,1,1,1,1
0,1,0,0,0,0,0,0,2,1,0,0,1,1,1,1,1,1
0,0,1,0,0,0,0,0,1,0,0,0,1,1,1,1,1,1
1,0,0,0,0,0,0,0,1,0,0,0,1,1,1,1,1,1
1,0,0,0,0,0,0,0,1,0,0,0,1,1,1,1,1,1
1,0,0,0,0,0,0,0,1,0,0,0,1,1,1,1,1,1
1,0,0,0,0,0,0,0,1,0,0,0,1,1,1,1,1,1
0,0,0,0,0,0,1,0,1,0,0,0,1,1,1,1,1,1
1,0,0,0,0,0,0,0,1,0,0,0,1,1,1,1,1,1
0,0,0,0,0,0,1,0,2,1,0,0,1,1,1,1,1,1
0,0,0,0,0,0,1,0,1,0,0,0,1,1,1,1,1,1
0,0,0,0,0,0,1,0,1,0,0,0,1,1,1,1,1,1
0,0,0,0,0,0,1,0,1,0,0,0,1,1,1,1,1,1
0,0,1,0,0,0,0,0,1,0,0,0,1,1,1,1,1,1
0,0,0,0,0,0,1,0,2,1,0,0,1,1,1,1,1,1
0,0,0,0,0,0,1,0,2,1,0,0,1,1,1,1,1,1
0,0,0,0,0,0,1,0,2,1,0,0,1,1,1,1,1,1
0,0,0,0,0,0,1,0,1,0,0,0,1,1,1,1,1,1
0,0,1,0,0,0,0,0,1,0,0,0,1,1,1,1,1,1
0,0,1,0,0,0,0,0,1,0,0,0,1,1,1,1,1,1
1,0,0,0,0,0,0,0,1,0,0,0,1,1,1,1,1,1
1,0,0,0,0,0,0,0,1,0,0,0,1,1,1,1,1,1
0,0,0,0,0,0,1,0,1,0,0,0,1,1,1,1,1,1
0,0,1,0,0,0,0,0,1,0,0,0,1,1,1,1,1,1
0,0,0,0,0,0,1,0,1,0,0,0,1,1,1,1,1,1
0,0,1,0,0,0,0,0,1,0,0,0,1,1,1,1,1,1
0,0,0,0,0,0,1,0,1,0,0,0,1,1,1,1,1,1
0,0,0,0,0,0,1,0,1,0,0,0,1,1,1,1,1,1
0,0,0,0,0,0,1,0,1,0,0,0,1,1,1,1,1,1
0,0,0,0,0,0,1,0,1,0,0,0,1,1,1,1,1,1
0,0,0,0,0,0,1,0,2,1,0,0,1,1,1,1,1,1
0,0,1,0,0,0,0,0,1,0,0,0,1,1,1,1,1,1
0,0,0,0,0,0,0,1,3,1,0,1,1,1,1,1,1,1
0,0,0,0,0,0,1,0,1,0,0,0,1,1,1,1,1,1
0,0,0,0,0,0,1,0,1,0,0,0,1,1,1,1,1,1
0,0,0,0,0,0,1,0,1,0,0,0,1,1,1,1,1,1
0,0,1,0,0,0,0,0,2,1,0,0,1,1,1,1,1,1
0,0,1,0,0,0,0,0,2,1,0,0,1,1,1,1,1,1
0,0,0,0,0,1,0,0,1,0,0,0,1,1,1,1,1,1
0,0,0,0,0,0,1,0,1,0,0,0,1,1,1,1,1,1
0,0,0,0,0,1,0,0,1,0,0,0,1,1,1,1,1,1
0,0,0,0,0,0,1,0,1,0,0,0,1,1,1,1,1,1
0,0,0,0,0,0,1,0,1,0,0,0,1,1,1,1,1,1
0,0,0,0,0,0,1,0,1,0,0,0,1,1,1,1,1,1
0,0,0,0,0,1,0,0,1,0,0,0,1,1,1,1,1,1
1,0,0,0,0,0,0,0,1,0,0,0,1,1,1,1,1,1
0,0,0,0,0,1,0,0,1,0,0,0,1,1,1,1,1,1
0,0,0,0,0,1,0,0,1,0,0,0,1,1,1,1,1,1
0,0,0,0,0,0,1,0,1,0,0,0,1,1,1,1,1,1
0,0,0,0,0,0,1,0,1,0,0,0,1,1,1,1,1,1
0,0,0,0,0,0,1,0,2,1,0,0,1,1,1,1,1,1
0,0,0,0,0,0,1,0,1,0,0,0,1,1,1,1,1,1
0,0,0,0,0,0,1,0,2,1,0,0,1,1,1,1,1,1
0,0,0,0,0,0,1,0,1,0,0,0,1,1,1,1,1,1
0,0,0,0,0,0,1,0,1,0,0,0,1,1,1,1,1,1
0,0,1,0,0,0,0,0,1,0,0,0,1,1,1,1,1,1
0,0,0,0,0,0,1,0,1,0,0,0,1,1,1,1,1,1
0,0,0,0,0,0,1,0,1,0,0,0,1,1,1,1,1,1
1,0,0,0,0,0,0,0,1,0,0,0,1,1,1,1,1,1
0,0,1,0,0,0,0,0,2,1,0,0,1,1,1,1,1,1
1,0,0,0,0,0,0,0,1,0,0,0,1,1,1,1,1,1
1,0,0,0,0,0,0,0,1,0,0,0,1,1,1,1,1,1
0,0,0,0,0,0,1,0,1,0,0,0,1,1,1,1,1,1
0,0,1,0,0,0,0,0,1,0,0,0,1,1,1,1,1,1
0,0,0,0,0,0,1,0,1,0,0,0,1,1,1,1,1,1
1,0,0,0,0,0,0,0,1,0,0,0,1,1,0,0,1,1
1,0,0,0,0,0,0,0,1,0,0,0,1,1,1,1,1,1
0,0,1,0,0,0,0,0,1,0,0,0,1,1,1,1,1,1
0,0,1,0,0,0,0,0,1,0,0,0,1,1,1,1,1,1
0,0,1,0,0,0,0,0,1,0,0,0,1,1,1,1,1,1
0,0,0,0,0,0,1,0,1,0,0,0,1,1,1,1,1,1
0,0,1,0,0,0,0,0,1,0,0,0,1,1,1,1,1,1
0,0,0,0,0,0,1,0,1,0,0,0,1,1,1,1,1,1
0,0,1,0,0,0,0,0,1,0,0,0,1,1,1,1,1,1
1,0,0,0,0,0,0,0,1,0,0,0,1,1,1,1,1,1
1,0,0,0,0,0,0,0,1,0,0,0,1,1,1,1,1,1
0,0,0,0,0,1,0,0,1,0,0,0,1,1,1,1,1,1
0,0,0,0,0,1,0,0,1,0,0,0,1,1,1,1,1,1
0,0,0,0,0,1,0,0,1,0,0,0,1,1,1,1,1,1
1,0,0,0,0,0,0,0,1,0,0,0,1,1,1,1,1,1
0,0,0,0,0,0,1,0,1,0,0,0,1,1,1,1,1,1
1,0,0,0,0,0,0,0,1,0,0,0,1,1,1,1,1,1
0,0,0,0,0,1,0,0,1,0,0,0,1,1,1,1,1,1
0,0,0,0,0,0,1,0,1,0,0,0,1,1,1,1,1,1
1,0,0,0,0,0,0,0,1,0,0,0,1,1,1,1,1,1
0,0,0,0,0,0,1,0,2,1,0,0,1,1,1,1,1,1
0,0,0,0,0,0,1,0,1,0,0,0,1,1,1,1,1,1
0,0,1,0,0,0,0,0,1,0,0,0,1,1,1,1,1,1
0,0,0,0,0,0,1,0,1,0,0,0,1,1,1,1,1,1
1,0,0,0,0,0,0,0,1,0,0,0,1,1,1,1,1,1
0,0,0,0,0,0,1,0,1,0,0,0,1,1,1,1,1,1
1,0,0,0,0,0,0,0,1,0,0,0,1,1,1,1,1,1
1,0,0,0,0,0,0,0,1,0,0,0,1,1,1,1,1,1
0,0,0,0,0,1,0,0,1,0,0,0,1,1,1,1,1,1
0,0,0,0,0,0,1,0,1,0,0,0,1,1,1,1,1,1
1,0,0,0,0,0,0,0,1,0,0,0,1,1,1,1,1,1
0,0,0,0,0,0,1,0,1,0,0,0,1,1,1,1,1,1
1,0,0,0,0,0,0,0,1,0,0,0,1,1,1,1,1,1
0,0,0,0,0,0,1,0,1,0,0,0,1,1,1,1,1,1
0,0,0,0,0,0,1,0,1,0,0,0,1,1,1,1,1,1
0,0,0,0,0,1,0,0,1,0,0,0,1,1,1,1,1,1
1,0,0,0,0,0,0,0,1,0,0,0,1,1,1,1,1,1
0,0,0,0,0,0,1,0,1,0,0,0,1,1,1,1,1,1
0,0,0,0,0,0,1,0,1,0,0,0,1,1,1,1,1,1
0,0,0,0,0,0,1,0,2,1,0,0,1,1,1,1,1,1
0,0,0,0,0,1,0,0,1,0,0,0,1,1,1,1,1,1
0,0,0,0,0,0,1,0,1,0,0,0,1,1,1,1,1,1
0,0,0,0,0,1,0,0,1,0,0,0,1,1,1,1,1,1
0,0,1,0,0,0,0,0,1,0,0,0,1,1,1,1,1,1
0,0,0,0,0,0,1,0,1,0,0,0,1,1,1,1,1,1
0,0,0,0,0,0,1,0,1,0,0,0,1,1,1,1,1,1
0,0,0,0,0,0,1,0,1,0,0,0,1,1,1,1,1,1
0,0,1,0,0,0,0,0,1,0,0,0,1,1,1,1,1,1
0,0,0,0,0,0,1,0,1,0,0,0,1,1,1,1,1,1
0,0,0,0,0,1,0,0,1,0,0,0,1,1,1,1,1,1
0,0,0,0,0,0,1,0,1,0,0,0,1,1,1,1,1,1
0,0,1,0,0,0,0,0,1,0,0,0,1,1,1,1,1,1
0,0,0,0,0,0,1,0,1,0,0,0,1,1,1,1,1,1
0,0,1,0,0,0,0,0,1,0,0,0,1,1,1,1,1,1
0,0,0,0,0,0,1,0,1,0,0,0,1,1,1,1,1,1
0,0,0,0,0,1,0,0,1,0,0,0,1,1,1,1,1,1
0,0,0,0,0,0,1,0,1,0,0,0,1,1,1,1,1,1
0,0,0,0,0,1,0,0,1,0,0,0,1,1,1,1,1,1
0,0,0,0,0,1,0,0,1,0,0,0,1,1,1,1,1,1
0,0,0,0,0,0,1,0,1,0,0,0,1,1,1,1,1,1
0,0,0,0,0,1,0,0,1,0,0,0,1,1,1,1,1,1
1,0,0,0,0,0,0,0,1,0,0,0,1,1,1,1,1,1
0,0,1,0,0,0,0,0,1,0,0,0,1,1,1,1,1,1
1,0,0,0,0,0,0,0,1,0,0,0,1,1,1,1,1,1
0,0,1,0,0,0,0,0,1,0,0,0,1,1,1,1,1,1
0,0,0,0,0,0,1,0,1,0,0,0,1,1,1,1,1,1
0,0,0,0,0,0,1,0,2,1,0,0,1,1,1,1,1,1
0,0,0,0,0,0,1,0,1,0,0,0,1,1,1,1,1,1
0,0,0,0,0,1,0,0,1,0,0,0,1,1,1,1,1,1
0,0,0,0,0,0,1,0,1,0,0,0,1,1,1,1,1,1
0,0,1,0,0,0,0,0,1,0,0,0,1,1,1,1,1,1
0,0,0,0,0,0,1,0,1,0,0,0,1,1,1,1,1,1
0,0,0,0,0,0,0,1,2,1,0,1,1,1,1,1,1,1
0,0,0,0,0,1,0,0,1,0,0,0,1,1,1,1,1,1
0,0,0,0,0,1,0,0,1,0,0,0,1,1,1,1,1,1
1,0,0,0,0,0,0,0,1,0,0,0,1,1,1,1,1,1
1,0,0,0,0,0,0,0,1,0,0,0,1,1,1,1,1,1
1,0,0,0,0,0,0,0,1,0,0,0,1,1,1,1,1,1
0,0,0,0,0,1,0,0,1,0,0,0,1,1,1,1,1,1
0,0,1,0,0,0,0,0,1,0,0,0,1,1,1,1,1,1
0,0,0,0,0,1,0,0,1,0,0,0,1,1,1,1,1,1
0,0,0,0,0,0,1,0,3,1,0,0,1,1,1,1,1,1
0,0,0,0,0,0,1,0,1,0,0,0,1,1,1,1,1,1
0,0,0,0,0,1,0,0,1,0,0,0,1,1,1,1,1,1
0,0,0,0,0,1,0,0,1,0,0,0,1,1,1,1,1,1
0,0,0,0,0,1,0,0,1,0,0,0,1,1,1,1,1,1
0,0,0,0,0,1,0,0,1,0,0,0,1,1,1,1,1,1
0,0,0,0,0,0,1,0,1,0,0,0,1,1,1,1,1,1
0,0,0,0,0,1,0,0,1,0,0,0,1,1,1,1,1,1
0,0,0,0,0,1,0,0,1,0,0,0,1,1,1,1,1,1
0,0,0,0,0,0,1,0,1,0,0,0,1,1,1,1,1,1
0,0,0,0,0,0,1,0,1,0,0,0,1,1,1,1,1,1
0,0,0,0,0,1,0,0,1,0,0,0,1,1,1,1,1,1
0,0,0,0,0,1,0,0,1,0,0,0,1,1,1,1,1,1
0,0,0,0,0,0,0,1,2,1,0,1,1,1,1,1,1,1
0,0,0,0,0,0,0,1,3,1,0,1,1,1,1,1,1,1
1,0,0,0,0,0,0,0,1,0,0,0,1,1,1,1,1,1
1,0,0,0,0,0,0,0,1,0,0,0,1,1,1,1,1,1
0,0,0,0,0,0,1,0,1,0,0,0,1,1,1,1,1,1
0,0,0,0,0,0,1,0,1,0,0,0,1,1,1,1,1,1
1,0,0,0,0,0,0,0,1,0,0,0,1,1,1,1,1,1
1,0,0,0,0,0,0,0,1,0,0,0,1,1,1,1,1,1
1,0,0,0,0,0,0,0,1,0,0,0,1,1,1,1,1,1
1,0,0,0,0,0,0,0,1,0,0,0,1,1,1,1,1,1
1,0,0,0,0,0,0,0,1,0,0,0,1,1,1,1,1,1
0,0,1,0,0,0,0,0,1,0,0,0,1,1,1,1,1,1
0,0,0,0,0,0,1,0,1,0,0,0,1,1,1,1,1,1
1,0,0,0,0,0,0,0,1,0,0,0,1,1,1,1,1,1
0,0,0,0,0,0,0,1,2,1,0,1,1,1,1,1,1,1
1,0,0,0,0,0,0,0,1,0,0,0,1,1,1,1,1,1
1,0,0,0,0,0,0,0,1,0,0,0,1,1,1,1,1,1
1,0,0,0,0,0,0,0,1,0,0,0,1,1,1,1,1,1
1,0,0,0,0,0,0,0,1,0,0,0,1,1,1,1,1,1
1,0,0,0,0,0,0,0,1,0,0,0,1,1,1,1,1,1
1,0,0,0,0,0,0,0,1,0,0,0,1,1,1,1,1,1
0,0,1,0,0,0,0,0,1,0,0,0,1,1,1,1,1,1
1,0,0,0,0,0,0,0,1,0,0,0,1,1,1,1,1,1
1,0,0,0,0,0,0,0,1,0,0,0,1,1,1,1,1,1
0,0,0,0,0,0,1,0,1,0,0,0,1,1,1,1,1,1
0,0,0,0,0,1,0,0,1,0,0,0,1,1,1,1,1,1
0,0,0,0,0,0,1,0,1,0,0,0,1,1,1,1,1,1
0,0,0,0,0,0,1,0,1,0,0,0,1,1,1,1,1,1
0,0,0,0,0,0,1,0,1,0,0,0,1,1,1,1,1,1
1,0,0,0,0,0,0,0,1,0,0,0,1,1,1,1,1,1
0,0,0,0,0,0,1,0,1,0,0,0,1,1,1,1,1,1
0,0,0,0,0,1,0,0,1,0,0,0,1,1,1,1,1,1
0,0,0,0,0,0,1,0,1,0,0,0,1,1,1,1,1,1
0,0,0,0,0,0,1,0,1,0,0,0,1,1,1,1,1,1
1,0,0,0,0,0,0,0,1,0,0,0,1,1,1,1,1,1
0,0,0,0,0,0,1,0,2,1,0,0,1,1,1,1,1,1
0,0,0,0,0,0,1,0,1,0,0,0,1,1,1,1,1,1
0,0,0,0,0,0,0,1,2,1,0,1,1,1,1,1,1,1
0,0,0,0,0,0,1,0,1,0,0,0,1,1,1,1,1,1
0,0,0,0,0,1,0,0,1,0,0,0,1,1,1,1,1,1
0,0,0,0,0,0,1,0,1,0,0,0,1,1,1,1,1,1
0,0,0,0,0,0,1,0,3,1,0,0,1,1,1,1,1,1
0,0,0,0,0,0,1,0,1,0,0,0,1,1,1,1,1,1
1,0,0,0,0,0,0,0,1,0,0,0,1,1,1,1,1,1
1,0,0,0,0,0,0,0,1,0,0,0,1,1,1,1,1,1
0,0,0,0,0,0,1,0,1,0,0,0,1,1,1,1,1,1
0,0,0,0,0,0,0,1,2,1,0,1,1,1,1,1,1,1
0,0,1,0,0,0,0,0,1,0,0,0,1,1,1,1,1,1
0,0,0,0,0,0,1,0,2,1,0,0,1,1,1,1,1,1
1,0,0,0,0,0,0,0,1,0,0,0,1,1,1,1,1,1
0,0,0,0,0,0,0,1,3,1,0,1,1,1,1,1,1,1
0,0,0,0,0,0,1,0,1,0,0,0,1,1,1,1,1,1
0,0,0,0,0,0,1,0,1,0,0,0,1,1,1,1,1,1
0,0,0,0,0,1,0,0,1,0,0,0,1,1,1,1,1,1
0,0,1,0,0,0,0,0,1,0,0,0,1,1,1,1,1,1
1,0,0,0,0,0,0,0,1,0,0,0,1,1,1,1,1,1
0,0,0,0,0,0,1,0,1,0,0,0,1,1,1,1,1,1
0,0,0,0,0,0,1,0,1,0,0,0,1,1,1,1,1,1
0,0,0,0,0,0,1,0,1,0,0,0,1,1,1,1,1,1
0,0,0,0,0,0,1,0,1,0,0,0,1,1,1,1,1,1
0,0,0,0,0,0,1,0,1,0,0,0,1,1,1,1,1,1
0,0,0,0,0,0,1,0,1,0,0,0,1,1,1,1,1,1
0,0,0,0,0,1,0,0,1,0,0,0,1,1,1,1,1,1
0,0,0,0,0,0,1,0,1,0,0,0,1,1,1,1,1,1
0,0,0,0,0,1,0,0,1,0,0,0,1,1,1,1,1,1
0,0,0,0,0,0,1,0,2,1,0,0,1,1,1,1,1,1
0,0,0,0,0,0,1,0,1,0,0,0,1,1,1,1,1,1
0,0,0,0,0,0,1,0,1,0,0,0,1,1,1,1,1,1
0,0,0,0,0,0,1,0,1,0,0,0,1,1,1,1,1,1
0,0,0,0,0,0,1,0,1,0,0,0,1,1,1,1,1,1
0,0,1,0,0,0,0,0,1,0,0,0,1,1,1,1,1,1
0,0,1,0,0,0,0,0,1,0,0,0,1,1,1,1,1,1
1,0,0,0,0,0,0,0,1,0,0,0,1,1,1,1,1,1
0,0,0,0,0,0,1,0,1,0,0,0,1,1,1,1,1,1
1,0,0,0,0,0,0,0,1,0,0,0,1,1,1,1,1,1
0,0,1,0,0,0,0,0,1,0,0,0,1,1,1,1,1,1
0,0,0,0,0,1,0,0,1,0,0,0,1,1,1,1,1,1
0,0,1,0,0,0,0,0,1,0,0,0,1,1,1,1,1,1
1,0,0,0,0,0,0,0,1,0,0,0,1,1,1,1,1,1
1,0,0,0,0,0,0,0,1,0,0,0,1,1,1,1,1,1
0,1,0,0,0,0,0,0,2,1,0,0,1,1,1,1,1,1
0,0,0,0,0,0,1,0,1,0,0,0,1,1,1,1,1,1
0,0,0,0,0,0,1,0,1,0,0,0,1,1,1,1,1,1
0,0,1,0,0,0,0,0,1,0,0,0,1,1,1,1,1,1
0,0,0,0,0,0,1,0,1,0,0,0,1,1,1,1,1,1
0,0,0,0,0,0,0,1,2,1,0,1,1,1,1,1,1,1
0,0,0,0,0,1,0,0,1,0,0,0,1,1,1,1,1,1
1,0,0,0,0,0,0,0,1,0,0,0,1,1,1,1,1,1
0,0,0,0,0,0,1,0,1,0,0,0,1,1,1,1,1,1
0,0,0,0,0,0,1,0,1,0,0,0,1,1,1,1,1,1
0,0,0,0,0,1,0,0,1,0,0,0,1,1,1,1,1,1
1,0,0,0,0,0,0,0,1,0,0,0,1,1,1,1,1,1
1,0,0,0,0,0,0,0,1,0,0,0,1,1,1,1,1,1
0,0,0,0,0,0,1,0,1,0,0,0,1,1,1,1,1,1
0,0,0,0,0,0,1,0,1,0,0,0,1,1,1,1,1,1
0,0,0,0,0,0,1,0,1,0,0,0,1,1,1,1,1,1
0,0,0,0,0,0,1,0,1,0,0,0,1,1,1,1,1,1
0,0,1,0,0,0,0,0,1,0,0,0,1,1,1,1,1,1
0,0,0,0,0,1,0,0,1,0,0,0,1,1,1,1,1,1
0,0,0,0,0,0,1,0,1,0,0,0,1,1,1,1,1,1
0,0,0,0,0,0,1,0,1,0,0,0,1,1,1,1,1,1
0,0,0,0,0,0,1,0,1,0,0,0,1,1,1,1,1,1
0,0,0,0,0,0,1,0,1,0,0,0,1,1,1,1,1,1
0,0,0,0,0,1,0,0,1,0,0,0,1,1,1,1,1,1
0,0,0,0,0,0,1,0,1,0,0,0,1,1,1,1,1,1
1,0,0,0,0,0,0,0,3,1,0,0,1,1,1,1,1,1
0,0,0,0,0,0,1,0,1,0,0,0,1,1,1,1,1,1
1,0,0,0,0,0,0,0,1,0,0,0,1,1,1,1,1,1
0,0,0,0,0,0,1,0,1,0,0,0,1,1,1,1,1,1
0,0,0,0,0,0,1,0,1,0,0,0,1,1,1,1,1,1
0,0,0,0,0,1,0,0,1,0,0,0,1,1,1,1,1,1
0,0,0,0,0,0,1,0,2,1,0,0,1,1,1,1,1,1
0,0,0,0,0,0,1,0,1,0,0,0,1,1,1,1,1,1
0,0,0,0,0,0,1,0,1,0,0,0,1,1,1,1,1,1
0,0,0,0,0,0,1,0,1,0,0,0,1,1,1,1,1,1
0,0,0,0,0,1,0,0,1,0,0,0,1,1,1,1,1,1
0,0,0,0,0,0,1,0,1,0,0,0,1,1,1,1,1,1
0,0,0,0,0,1,0,0,1,0,0,0,1,1,1,1,1,1
0,0,0,0,0,1,0,0,1,0,0,0,1,1,1,1,1,1
0,0,1,0,0,0,0,0,1,0,0,0,1,1,1,1,1,1
0,0,0,0,0,1,0,0,1,0,0,0,1,1,1,1,1,1
0,0,0,0,0,1,0,0,2,1,0,0,1,1,1,1,1,1
0,0,0,0,0,0,1,0,1,0,0,0,1,1,1,1,1,1
0,0,0,0,0,0,1,0,1,0,0,0,1,1,1,1,1,1
0,0,0,0,0,0,1,0,1,0,0,0,1,1,1,1,1,1
0,0,0,0,0,1,0,0,1,0,0,0,1,1,1,1,1,1
0,0,1,0,0,0,0,0,1,0,0,0,1,1,1,1,1,1
0,0,0,0,0,0,1,0,1,0,0,0,1,1,1,1,1,1
0,0,0,0,0,0,1,0,1,0,0,0,1,1,1,1,1,1
0,0,1,0,0,0,0,0,1,0,0,0,1,1,1,1,1,1
0,0,1,0,0,0,0,0,1,0,0,0,1,1,1,1,1,1
1,0,0,0,0,0,0,0,1,0,0,0,1,1,1,1,1,1
0,0,0,0,0,1,0,0,1,0,0,0,1,1,1,1,1,1
0,0,1,0,0,0,0,0,1,0,0,0,1,1,1,1,1,1
0,0,0,0,0,1,0,0,1,0,0,0,1,1,1,1,1,1
0,0,0,0,0,0,1,0,1,0,0,0,1,1,1,1,1,1
0,0,0,0,0,0,1,0,1,0,0,0,1,1,1,1,1,1
0,0,0,0,0,0,1,0,1,0,0,0,1,1,1,1,1,1
0,0,0,0,0,0,1,0,1,0,0,0,1,1,1,1,1,1
0,0,0,0,0,0,1,0,1,0,0,0,1,1,1,1,1,1
0,0,1,0,0,0,0,0,1,0,0,0,1,1,1,1,1,1
0,0,0,0,0,0,1,0,1,0,0,0,1,1,1,1,1,1
0,0,0,0,0,0,1,0,1,0,0,0,1,1,1,1,1,1
1,0,0,0,0,0,0,0,1,0,0,0,1,1,1,1,1,1
1,0,0,0,0,0,0,0,1,0,0,0,1,1,1,1,1,1
0,0,0,0,0,0,1,0,1,0,0,0,1,1,1,1,1,1
0,0,0,0,0,0,1,0,1,0,0,0,1,1,1,1,1,1
0,0,0,0,0,0,1,0,1,0,0,0,1,1,1,1,1,1
0,0,0,0,0,0,1,0,1,0,0,0,1,1,1,1,1,1
0,0,1,0,0,0,0,0,1,0,0,0,1,1,1,1,1,1
0,0,0,0,0,0,1,0,1,0,0,0,1,1,1,1,1,1
0,0,0,0,0,0,1,0,1,0,0,0,1,1,1,1,1,1
0,0,0,0,0,0,1,0,1,0,0,0,1,1,1,1,1,1
1,0,0,0,0,0,0,0,1,0,0,0,1,1,1,1,1,1
1,0,0,0,0,0,0,0,1,0,0,0,1,1,1,1,1,1
1,0,0,0,0,0,0,0,1,0,0,0,1,1,1,1,1,1
1,0,0,0,0,0,0,0,1,0,0,0,1,1,1,1,1,1
0,0,0,0,0,0,1,0,1,0,0,0,1,1,1,1,1,1
0,0,0,0,0,0,1,0,1,0,0,0,1,1,1,1,1,1
1,0,0,0,0,0,0,0,1,0,0,0,1,1,1,1,1,1
1,0,0,0,0,0,0,0,2,1,0,0,1,1,1,1,1,1
1,0,0,0,0,0,0,0,1,0,0,0,1,1,1,1,1,1
0,0,0,0,0,1,0,0,1,0,0,0,1,1,1,1,1,1
0,0,0,0,0,0,1,0,1,0,0,0,1,1,1,1,1,1
1,0,0,0,0,0,0,0,1,0,0,0,1,1,1,1,1,1
0,0,1,0,0,0,0,0,1,0,0,0,1,1,1,1,1,1
0,0,0,0,0,1,0,0,1,0,0,0,1,1,1,1,1,1
0,0,0,0,0,1,0,0,1,0,0,0,1,1,1,1,1,1
0,0,0,0,0,0,1,0,1,0,0,0,1,1,1,1,1,1
0,0,0,0,0,0,1,0,1,0,0,0,1,1,1,1,1,1
1,0,0,0,0,0,0,0,2,1,0,0,1,1,1,1,1,1
0,0,1,0,0,0,0,0,1,0,0,0,1,1,1,1,1,1
0,0,0,0,0,1,0,0,1,0,0,0,1,1,1,1,1,1
0,0,1,0,0,0,0,0,1,0,0,0,1,1,1,1,1,1
0,0,0,0,0,0,1,0,1,0,0,0,1,1,1,1,1,1
0,0,0,0,0,0,1,0,1,0,0,0,1,1,1,1,1,1
0,0,0,0,0,1,0,0,1,0,0,0,1,1,1,1,1,1
0,0,1,0,0,0,0,0,2,1,0,0,1,1,1,1,1,1
0,0,0,0,0,0,1,0,2,1,0,0,1,1,1,1,1,1
1,0,0,0,0,0,0,0,1,0,0,0,1,1,1,1,1,1
0,0,0,0,0,0,1,0,1,0,0,0,1,1,1,1,1,1
0,0,0,0,0,0,1,0,1,0,0,0,1,1,1,1,1,1
0,0,1,0,0,0,0,0,2,1,0,0,1,1,1,1,1,1
0,0,0,0,0,0,1,0,1,0,0,0,1,1,1,1,1,1
0,0,0,0,0,0,1,0,1,0,0,0,1,1,1,1,1,1
1,0,0,0,0,0,0,0,1,0,0,0,1,1,1,1,1,1
1,0,0,0,0,0,0,0,1,0,0,0,1,1,1,1,1,1
0,0,1,0,0,0,0,0,2,1,0,0,1,1,1,1,1,1
0,0,0,0,0,0,1,0,1,0,0,0,1,1,1,1,1,1
0,0,0,0,0,0,1,0,1,0,0,0,1,1,1,1,1,1
0,0,1,0,0,0,0,0,1,0,0,0,1,1,1,1,1,1
0,0,1,0,0,0,0,0,1,0,0,0,1,1,1,1,1,1
0,0,0,0,0,0,1,0,1,0,0,0,1,1,1,1,1,1
1,0,0,0,0,0,0,0,1,0,0,0,1,1,1,1,1,1
0,0,0,0,0,1,0,0,1,0,0,0,1,1,1,1,1,1
1,0,0,0,0,0,0,0,1,0,0,0,1,1,1,1,1,1
1,0,0,0,0,0,0,0,1,0,0,0,1,1,1,1,1,1
0,0,0,0,0,0,1,0,1,0,0,0,1,1,1,1,1,1
0,0,0,0,0,0,0,1,2,1,0,1,1,1,1,1,1,1
1,0,0,0,0,0,0,0,1,0,0,0,1,1,1,1,1,1
0,0,0,0,0,0,1,0,2,1,0,0,1,1,1,1,1,1
1,0,0,0,0,0,0,0,1,0,0,0,1,1,1,1,1,1
0,0,0,0,0,1,0,0,1,0,0,0,1,1,1,1,1,1
0,0,0,0,0,1,0,0,1,0,0,0,1,1,1,1,1,1
0,0,0,0,0,0,0,1,2,1,0,1,1,1,1,1,1,1
0,0,0,0,0,0,1,0,1,0,0,0,1,1,1,1,1,1
0,0,0,0,0,0,1,0,1,0,0,0,1,1,1,1,1,1
1,0,0,0,0,0,0,0,1,0,0,0,1,1,1,1,1,1
0,0,0,0,0,0,1,0,1,0,0,0,1,1,1,1,1,1
0,1,0,0,0,0,0,0,2,1,0,0,1,1,1,1,1,1
1,0,0,0,0,0,0,0,1,0,0,0,1,1,1,1,1,1
0,0,0,0,0,0,1,0,1,0,0,0,1,1,1,1,1,1
0,0,1,0,0,0,0,0,1,0,0,0,1,1,1,1,1,1
0,0,0,0,0,0,1,0,2,1,0,0,1,1,1,1,1,1
0,0,0,0,0,0,1,0,1,0,0,0,1,1,1,1,1,1
0,0,1,0,0,0,0,0,1,0,0,0,1,1,1,1,1,1
0,0,1,0,0,0,0,0,1,0,0,0,1,1,1,1,1,1
0,0,0,0,0,0,1,0,1,0,0,0,1,1,1,1,1,1
0,0,0,0,0,0,1,0,1,0,0,0,1,1,1,1,1,1
0,0,0,0,0,0,1,0,1,0,0,0,1,1,1,1,1,1
0,0,0,0,0,1,0,0,1,0,0,0,1,1,1,1,1,1
0,0,0,0,0,1,0,0,1,0,0,0,1,1,1,1,1,1
0,0,0,0,0,0,1,0,1,0,0,0,1,1,1,1,1,1
0,0,1,0,0,0,0,0,1,0,0,0,1,1,1,1,1,1
1,0,0,0,0,0,0,0,1,0,0,0,1,1,1,1,1,1
1,0,0,0,0,0,0,0,1,0,0,0,1,1,1,1,1,1
0,0,0,0,0,0,1,0,1,0,0,0,1,1,1,1,1,1
0,0,1,0,0,0,0,0,1,0,0,0,1,1,1,1,1,1
1,0,0,0,0,0,0,0,1,0,0,0,1,1,1,1,1,1
1,0,0,0,0,0,0,0,1,0,0,0,1,1,1,1,1,1
0,0,0,0,0,1,0,0,1,0,0,0,1,1,1,1,1,1
0,0,1,0,0,0,0,0,1,0,0,0,1,1,1,1,1,1
0,0,0,0,0,0,1,0,1,0,0,0,1,1,1,1,1,1
1,0,0,0,0,0,0,0,1,0,0,0,1,1,1,1,1,1
0,0,0,0,0,0,1,0,1,0,0,0,1,1,1,1,1,1
0,0,1,0,0,0,0,0,1,0,0,0,1,1,1,1,1,1
0,0,0,0,0,1,0,0,1,0,0,0,1,1,1,1,1,1
1,0,0,0,0,0,0,0,1,0,0,0,1,1,1,1,1,1
1,0,0,0,0,0,0,0,1,0,0,0,1,1,1,1,1,1
0,0,0,0,0,0,1,0,1,0,0,0,1,1,1,1,1,1
1,0,0,0,0,0,0,0,1,0,0,0,1,1,1,1,1,1
1,0,0,0,0,0,0,0,1,0,0,0,1,1,1,1,1,1
0,0,1,0,0,0,0,0,1,0,0,0,1,1,1,1,1,1
0,0,0,0,0,0,1,0,1,0,0,0,1,1,1,1,1,1
0,0,0,0,0,0,1,0,2,1,0,0,1,1,1,1,1,1
1,0,0,0,0,0,0,0,1,0,0,0,1,1,1,1,1,1
1,0,0,0,0,0,0,0,1,0,0,0,1,1,1,1,1,1
0,0,0,0,0,0,0,1,2,1,0,1,1,1,1,1,1,1
0,0,0,0,0,1,0,0,1,0,0,0,1,1,1,1,1,1
0,0,0,0,0,0,1,0,1,0,0,0,1,1,1,1,1,1
0,0,0,0,0,0,1,0,1,0,0,0,1,1,1,1,1,1
0,0,0,0,0,1,0,0,1,0,0,0,1,1,1,1,1,1
0,0,0,0,0,0,1,0,1,0,0,0,1,1,1,1,1,1
0,0,0,0,0,0,1,0,1,0,0,0,1,1,1,1,1,1
0,0,0,0,0,0,0,1,2,1,0,1,1,1,1,1,1,1
0,0,0,0,0,0,1,0,2,1,0,0,1,1,1,1,1,1
0,0,0,0,0,1,0,0,2,1,0,0,1,1,1,1,1,1
0,0,0,0,0,1,0,0,1,0,0,0,1,1,1,1,1,1
0,0,0,0,0,1,0,0,1,0,0,0,1,1,1,1,1,1
0,0,0,1,0,0,0,0,1,0,0,0,1,1,1,1,1,1
0,0,0,0,0,0,1,0,1,0,0,0,1,1,1,1,1,1
0,0,0,0,0,0,1,0,1,0,0,0,1,1,1,1,1,1
0,0,0,0,0,1,0,0,1,0,0,0,1,1,1,1,1,1
0,0,0,0,0,1,0,0,1,0,0,0,1,1,1,1,1,1
1,0,0,0,0,0,0,0,1,0,0,0,1,1,1,1,1,1
1,0,0,0,0,0,0,0,1,0,0,0,1,1,1,1,1,1
0,0,0,0,0,0,1,0,1,0,0,0,1,1,1,1,1,1
0,0,0,0,0,1,0,0,1,0,0,0,1,1,1,1,1,1
0,0,0,0,0,1,0,0,1,0,0,0,1,1,1,1,1,1
0,0,0,0,0,1,0,0,1,0,0,0,1,1,1,1,1,1
0,0,0,0,0,1,0,0,1,0,0,0,1,1,1,1,1,1
0,0,0,0,0,1,0,0,1,0,0,0,1,1,1,1,1,1
0,0,0,0,0,0,1,0,2,1,0,0,1,1,1,1,1,1
0,0,0,0,0,1,0,0,1,0,0,0,1,1,1,1,1,1
0,0,0,0,0,0,1,0,2,1,0,0,1,1,1,1,1,1
0,0,0,0,0,1,0,0,1,0,0,0,1,1,1,1,1,1
0,0,0,0,0,0,1,0,1,0,0,0,1,1,1,1,1,1
0,0,0,0,0,1,0,0,1,0,0,0,1,1,1,1,1,1
0,0,0,0,0,1,0,0,1,0,0,0,1,1,1,1,1,1
0,0,0,1,0,0,0,0,1,0,0,0,1,1,1,1,1,1
0,0,0,0,0,1,0,0,1,0,0,0,1,1,1,1,1,1
0,0,0,0,0,1,0,0,1,0,0,0,1,1,1,1,1,1
0,0,0,0,0,1,0,0,1,0,0,0,1,1,1,1,1,1
0,0,0,0,0,0,1,0,1,0,0,0,1,1,1,1,1,1
0,0,0,0,0,1,0,0,2,1,0,0,1,1,1,1,1,1
0,0,0,0,0,0,1,0,2,1,0,0,1,1,1,1,1,1
0,0,0,0,0,0,0,1,2,1,0,1,1,1,1,1,1,1
0,0,0,0,0,0,1,0,1,0,0,0,1,1,1,1,1,1
1,0,0,0,0,0,0,0,1,0,0,0,1,1,1,1,1,1
0,0,1,0,0,0,0,0,1,0,0,0,1,1,1,1,1,1
0,0,0,0,0,1,0,0,1,0,0,0,1,1,1,1,1,1
0,0,0,1,0,0,0,0,1,0,0,0,1,1,1,1,1,1
0,0,0,0,0,0,1,0,1,0,0,0,1,1,1,1,1,1
0,0,0,0,0,1,0,0,1,0,0,0,1,1,1,1,1,1
0,0,0,0,0,1,0,0,1,0,0,0,1,1,1,1,1,1
0,0,0,0,0,0,1,0,1,0,0,0,1,1,1,1,1,1
0,0,0,0,0,1,0,0,1,0,0,0,1,1,1,1,1,1
0,0,0,0,0,0,1,0,2,1,0,0,1,1,1,1,1,1
0,0,0,0,0,0,1,0,1,0,0,0,1,1,1,1,1,1
0,0,0,0,0,1,0,0,1,0,0,0,1,1,1,1,1,1
0,0,0,0,0,1,0,0,1,0,0,0,1,1,1,1,1,1
1,0,0,0,0,0,0,0,1,0,0,0,1,1,1,1,1,1
1,0,0,0,0,0,0,0,1,0,0,0,1,1,1,1,1,1
1,0,0,0,0,0,0,0,1,0,0,0,1,1,1,1,1,1
0,1,0,0,0,0,0,0,2,1,0,0,1,1,1,1,1,1
1,0,0,0,0,0,0,0,1,0,0,0,1,1,1,1,1,1
0,0,0,0,0,1,0,0,1,0,0,0,1,1,1,1,1,1
0,0,0,0,0,0,1,0,1,0,0,0,1,1,1,1,1,1
0,0,1,0,0,0,0,0,1,0,0,0,1,1,1,1,1,1
0,0,0,0,0,1,0,0,1,0,0,0,1,1,1,1,1,1
0,0,0,0,0,0,1,0,1,0,0,0,1,1,1,1,1,1
0,0,0,0,0,0,1,0,1,0,0,0,1,1,1,1,1,1
0,0,0,0,0,0,1,0,1,0,0,0,1,1,1,1,1,1
0,0,0,0,0,1,0,0,1,0,0,0,1,1,1,1,1,1
0,0,0,0,0,0,1,0,3,1,0,0,1,1,1,1,1,1
0,0,0,0,0,0,1,0,1,0,0,0,1,1,1,1,1,1
0,0,0,0,0,1,0,0,1,0,0,0,1,1,1,1,1,1
0,0,0,0,0,0,1,0,1,0,0,0,1,1,1,1,1,1
0,0,0,0,0,0,1,0,1,0,0,0,1,1,1,1,1,1
0,0,0,0,0,1,0,0,2,1,0,0,1,1,1,1,1,1
0,0,0,0,0,0,1,0,2,1,0,0,1,1,1,1,1,1
0,0,0,0,0,1,0,0,1,0,0,0,1,1,1,1,1,1
0,0,0,0,0,0,1,0,1,0,0,0,1,1,1,1,1,1
0,0,0,0,0,1,0,0,1,0,0,0,1,1,1,1,1,1
0,0,0,0,0,0,1,0,1,0,0,0,1,1,1,1,1,1
0,0,0,0,0,1,0,0,1,0,0,0,1,1,1,1,1,1
0,0,0,0,0,0,1,0,1,0,0,0,1,1,1,1,1,1
0,0,0,0,0,0,1,0,1,0,0,0,1,1,1,1,1,1
0,0,1,0,0,0,0,0,1,0,0,0,1,1,1,1,1,1
0,0,0,0,0,0,1,0,2,1,0,0,1,1,1,1,1,1
0,0,0,0,0,1,0,0,1,0,0,0,1,1,1,1,1,1
0,0,1,0,0,0,0,0,1,0,0,0,1,1,1,1,1,1
0,0,0,0,0,1,0,0,1,0,0,0,1,1,1,1,1,1
0,0,0,0,0,0,1,0,1,0,0,0,1,1,1,1,1,1
0,0,0,0,0,0,1,0,1,0,0,0,1,1,1,1,1,1
0,0,0,0,0,1,0,0,1,0,0,0,1,1,1,1,1,1
0,0,0,0,0,1,0,0,1,0,0,0,1,1,1,1,1,1
0,0,0,0,0,1,0,0,1,0,0,0,1,1,1,1,1,1
0,0,0,0,0,1,0,0,1,0,0,0,1,1,1,1,1,1
0,0,0,0,0,0,1,0,1,0,0,0,1,1,1,1,1,1
0,0,0,0,0,0,1,0,1,0,0,0,1,1,1,1,1,1
0,0,0,0,0,0,1,0,1,0,0,0,1,1,1,1,1,1
0,0,0,0,0,0,1,0,1,0,0,0,1,1,1,1,1,1
0,0,0,0,0,0,1,0,1,0,0,0,1,1,1,1,1,1
0,0,0,0,0,1,0,0,1,0,0,0,1,1,1,1,1,1
0,0,0,0,0,0,1,0,1,0,0,0,1,1,1,1,1,1
0,0,0,0,0,0,1,0,1,0,0,0,1,1,1,1,1,1
0,0,0,0,0,0,1,0,1,0,0,0,1,1,1,1,1,1
0,0,0,0,0,1,0,0,1,0,0,0,1,1,1,1,1,1
0,0,0,0,0,0,1,0,1,0,0,0,1,1,1,1,1,1
0,0,0,0,0,0,1,0,1,0,0,0,1,1,1,1,1,1
0,0,0,0,0,0,1,0,1,0,0,0,1,1,1,1,1,1
0,0,0,0,0,0,1,0,1,0,0,0,1,1,1,1,1,1
0,0,0,0,0,1,0,0,1,0,0,0,1,1,1,1,1,1
0,0,0,1,0,0,0,0,1,0,0,0,1,1,1,1,1,1
0,0,0,0,0,0,1,0,1,0,0,0,1,1,1,1,1,1
0,0,0,0,0,1,0,0,1,0,0,0,1,1,1,1,1,1
0,0,0,0,0,0,1,0,2,1,0,0,1,1,1,1,1,1
0,0,1,0,0,0,0,0,1,0,0,0,1,1,1,1,1,1
0,0,0,0,0,0,1,0,1,0,0,0,1,1,1,1,1,1
0,0,0,0,0,1,0,0,1,0,0,0,1,1,1,1,1,1
0,0,0,0,0,1,0,0,1,0,0,0,1,1,1,1,1,1
0,0,0,0,0,0,1,0,1,0,0,0,1,1,1,1,1,1
0,0,0,0,0,0,1,0,1,0,0,0,1,1,1,1,1,1
1,0,0,0,0,0,0,0,1,0,0,0,1,1,1,1,1,1
1,0,0,0,0,0,0,0,1,0,0,0,1,1,1,1,1,1
0,0,0,0,0,0,1,0,1,0,0,0,1,1,1,1,1,1
0,0,0,0,0,1,0,0,1,0,0,0,1,1,1,1,1,1
0,0,1,0,0,0,0,0,1,0,0,0,1,1,1,1,1,1
1,0,0,0,0,0,0,0,2,1,0,0,1,1,1,1,1,1
0,0,1,0,0,0,0,0,1,0,0,0,1,1,1,1,1,1
0,1,0,0,0,0,0,0,3,1,0,0,1,1,1,1,1,1
1,0,0,0,0,0,0,0,1,0,0,0,1,1,1,1,1,1
0,0,0,0,0,0,0,0,1,0,0,0,1,1,1,1,1,1
0,0,0,0,0,0,0,0,1,0,0,0,1,1,1,1,1,1
0,0,0,0,0,0,0,0,1,0,0,0,1,1,1,1,1,1
1,0,0,0,0,0,0,0,2,1,0,0,1,1,1,1,1,1
0,0,0,0,0,0,0,0,1,0,0,0,1,1,1,1,1,1
0,0,1,0,0,0,0,0,3,1,0,0,1,1,1,1,1,1
0,0,0,0,0,0,0,0,1,0,0,0,1,1,1,1,1,1
0,0,0,0,0,0,0,0,1,0,0,0,1,1,1,1,1,1
1,0,0,0,0,0,0,0,2,1,0,0,1,1,1,1,1,1
0,0,0,0,0,0,1,0,2,1,0,0,1,1,1,1,1,1
0,0,0,0,0,0,0,0,1,0,0,0,1,1,1,1,1,1
0,0,0,0,0,0,0,0,1,0,0,0,1,1,1,1,1,1
0,0,0,0,0,0,0,0,1,0,0,0,1,1,1,1,1,1
0,0,0,0,0,0,0,0,1,0,0,0,1,1,1,1,1,1
0,0,0,0,0,0,0,0,1,0,0,0,1,1,1,1,1,1
0,0,0,0,0,0,0,0,1,0,0,0,1,1,1,1,1,1
0,0,0,0,0,0,0,0,1,0,0,0,1,1,1,1,1,1
0,0,0,0,0,0,0,0,1,0,0,0,1,1,1,1,1,1
0,0,0,0,0,0,0,0,1,0,0,0,1,1,1,1,1,1
0,0,0,0,0,0,0,0,1,0,0,0,1,1,1,1,1,1
0,0,1,0,0,0,0,0,1,0,0,0,1,1,1,1,1,1
0,0,1,0,0,0,0,0,1,0,0,0,1,1,1,1,1,1
0,0,1,0,0,0,0,0,1,0,0,0,1,1,1,1,1,1
0,0,1,0,0,0,0,0,1,0,0,0,1,1,1,1,1,1
0,0,0,0,0,0,1,0,1,0,0,0,1,1,1,1,1,1
1,0,0,0,0,0,0,0,1,0,0,0,1,1,1,1,1,1
0,0,1,0,0,0,0,0,1,0,0,0,1,1,1,1,1,1
1,0,0,0,0,0,0,0,1,0,0,0,1,1,1,1,1,1
0,0,0,0,0,1,0,0,1,0,0,0,1,1,1,1,1,1
1,0,0,0,0,0,0,0,1,0,0,0,1,1,1,1,1,1
0,0,0,0,0,0,1,0,1,0,0,0,1,1,1,1,1,1
0,0,0,0,0,0,1,0,2,1,0,0,1,1,1,1,1,1
0,0,0,0,0,0,1,0,1,0,0,0,1,1,1,1,1,1
0,0,1,0,0,0,0,0,1,0,0,0,1,1,1,1,1,1
0,0,0,0,0,0,1,0,1,0,0,0,1,1,1,1,1,1
1,0,0,0,0,0,0,0,1,0,0,0,1,1,1,1,1,1
1,0,0,0,0,0,0,0,1,0,0,0,1,1,1,1,1,1
1,0,0,0,0,0,0,0,2,1,0,0,1,1,1,1,1,1
0,0,1,0,0,0,0,0,1,0,0,0,1,1,1,1,1,1
0,0,0,0,0,0,1,0,1,0,0,0,1,1,1,1,1,1
1,0,0,0,0,0,0,0,1,0,0,0,1,1,1,1,1,1
0,0,1,0,0,0,0,0,2,1,0,0,1,1,1,1,1,1
0,0,0,0,0,0,1,0,1,0,0,0,1,1,1,1,1,1
0,0,0,0,0,0,1,0,1,0,0,0,1,1,1,1,1,1
0,0,1,0,0,0,0,0,1,0,1,0,1,1,1,1,1,1
1,0,0,0,0,0,0,0,1,0,0,0,1,1,1,1,1,1
1,0,0,0,0,0,0,0,1,0,0,0,1,1,1,1,1,1
1,0,0,0,0,0,0,0,1,0,0,0,1,1,0,0,1,1
1,0,0,0,0,0,0,0,1,0,0,0,1,1,0,0,1,1
1,0,0,0,0,0,0,0,1,0,0,0,1,1,0,0,1,1
1,0,0,0,0,0,0,0,1,0,0,0,1,1,0,0,1,1
0,0,0,0,0,0,1,0,1,0,0,0,1,1,0,0,1,1
0,0,0,0,0,0,1,0,1,0,0,0,1,1,0,0,1,1
1,0,0,0,0,0,0,0,1,0,0,0,1,1,0,0,1,1
1,0,0,0,0,0,0,0,1,0,0,0,1,1,0,0,1,1
1,0,0,0,0,0,0,0,1,0,0,0,1,1,0,0,1,1
1,0,0,0,0,0,0,0,1,0,0,0,1,1,1,1,1,1
1,0,0,0,0,0,0,0,1,0,0,0,1,1,1,1,1,1
0,0,0,0,0,0,1,0,1,0,0,0,1,1,1,1,1,1
0,0,0,1,0,0,0,0,1,0,0,0,1,1,1,1,1,1
0,0,1,0,0,0,0,0,1,0,0,0,1,1,1,0,1,1
0,0,1,0,0,0,0,0,1,0,0,0,1,1,1,0,1,1
0,0,1,0,0,0,0,0,1,0,0,0,1,1,1,0,1,1
0,0,1,0,0,0,0,0,1,0,0,0,1,1,1,0,1,1
0,0,0,1,0,0,0,0,1,0,0,0,1,1,1,0,1,1
0,0,0,0,0,0,1,0,1,0,0,0,1,1,1,0,1,1
0,0,1,0,0,0,0,0,1,0,0,0,1,1,1,0,1,1
0,0,1,0,0,0,0,0,1,0,0,0,1,0,1,0,1,1
1,0,0,0,0,0,0,0,1,0,0,0,1,1,1,0,1,1
0,0,1,0,0,0,0,0,1,0,0,0,1,1,1,0,1,1
1,0,0,0,0,0,0,0,1,0,0,0,1,1,1,0,1,1
0,0,1,0,0,0,0,0,1,0,0,0,1,1,1,0,1,1
0,0,1,0,0,0,0,0,1,0,0,0,1,1,1,0,1,1
1,0,0,0,0,0,0,0,1,0,0,0,1,1,1,0,1,1
0,0,0,0,0,0,1,0,1,0,0,0,1,1,1,0,1,1
1,0,0,0,0,0,0,0,1,0,0,0,1,1,1,0,1,1
1,0,0,0,0,0,0,0,1,0,0,0,1,1,1,0,1,1
0,1,0,0,0,0,0,0,2,1,0,0,1,1,1,0,1,1
0,0,1,0,0,0,0,0,1,0,0,0,1,1,1,0,1,1
0,0,1,0,0,0,0,0,1,0,0,0,1,1,1,0,1,1
0,0,0,0,0,0,1,0,1,0,0,0,1,1,1,0,1,1
0,0,1,0,0,0,0,0,1,0,0,0,1,1,1,0,1,1
0,0,1,0,0,0,0,0,1,0,0,0,1,1,1,0,1,1
0,0,1,0,0,0,0,0,1,0,0,0,1,1,1,0,1,1
0,0,1,0,0,0,0,0,1,0,0,0,1,1,1,0,1,1
0,0,0,0,0,0,1,0,2,1,0,0,1,1,1,0,1,1
0,0,0,0,0,0,1,0,1,0,0,0,1,1,1,0,1,1
0,0,0,0,0,0,1,0,1,0,0,0,1,1,1,0,1,1
0,0,1,0,0,0,0,0,1,0,0,0,1,1,1,0,1,1
1,0,0,0,0,0,0,0,1,0,0,0,1,1,1,0,1,1
0,0,0,0,0,0,1,0,1,0,0,0,1,1,1,0,1,1
0,0,0,0,0,0,1,0,1,0,0,0,1,1,1,0,1,1
0,0,0,0,0,0,1,0,1,0,0,0,1,1,1,0,1,1
0,0,0,0,0,1,0,0,1,0,0,0,1,1,1,0,1,1
1,0,0,0,0,0,0,0,1,0,0,0,1,1,1,0,1,1
0,0,0,0,0,0,1,0,1,0,0,0,1,1,1,0,1,1
0,0,0,0,0,0,1,0,1,0,0,0,1,1,1,0,1,1
0,0,0,0,0,0,1,0,1,0,0,0,1,1,1,0,1,1
0,0,0,0,0,0,1,0,1,0,0,0,1,1,1,0,1,1
0,0,0,0,0,0,1,0,1,0,0,0,1,1,1,0,1,1
0,0,0,0,0,0,1,0,1,0,0,0,1,1,1,0,1,1
0,0,0,0,0,0,1,0,1,0,0,0,1,1,1,0,1,1
0,0,0,0,0,0,1,0,3,1,0,0,1,1,1,0,1,1
0,0,0,0,0,0,1,0,1,0,0,0,1,1,1,0,1,1
1,0,0,0,0,0,0,0,1,0,0,0,1,1,1,0,1,1
0,0,0,0,0,0,1,0,1,0,0,0,1,1,1,0,1,1
0,0,0,0,0,0,1,0,1,0,0,0,1,1,1,0,1,1
0,0,0,0,0,0,1,0,1,0,0,0,1,1,1,0,1,1
0,0,0,0,0,0,1,0,1,0,0,0,1,1,1,0,1,1
0,0,0,0,0,0,1,0,1,0,0,0,1,1,1,0,1,1
0,0,0,0,0,0,1,0,1,0,0,0,1,1,1,0,1,1
0,0,0,0,0,0,1,0,1,0,0,0,1,1,1,0,1,1
0,0,0,0,0,0,1,0,1,0,0,0,1,1,1,0,1,1
0,0,0,0,0,0,1,0,1,0,0,0,1,1,1,0,1,1
0,0,1,0,0,0,0,0,1,0,0,0,1,1,1,0,1,1
0,0,0,0,0,0,1,0,2,1,0,0,1,1,1,0,1,1
0,0,0,0,0,0,1,0,1,0,0,0,1,1,1,0,1,1
0,0,0,0,0,0,1,0,1,0,0,0,1,1,1,0,1,1
0,0,0,0,0,0,1,0,1,0,0,0,1,1,1,0,1,1
0,0,0,0,0,0,1,0,1,0,0,0,1,1,1,0,1,1
0,0,0,0,0,0,1,0,1,0,0,0,1,1,1,0,1,1
0,0,0,0,0,0,1,0,1,0,0,0,1,1,1,0,1,1
0,0,1,0,0,0,0,0,1,0,0,0,1,1,1,0,1,1
0,0,0,0,0,0,1,0,1,0,0,0,1,1,1,0,1,1
0,0,0,0,0,0,1,0,1,0,0,0,1,1,1,0,1,1
0,0,0,0,0,0,1,0,1,0,0,0,1,1,1,0,1,1
0,0,0,0,0,0,1,0,1,0,0,0,1,1,1,0,1,1
0,0,0,0,0,0,1,0,1,0,0,0,1,1,1,0,1,1
0,0,0,0,0,0,1,0,1,0,0,0,1,1,1,0,1,1
0,0,0,0,0,0,1,0,1,0,0,0,1,1,1,0,1,1
0,0,0,0,0,0,1,0,1,0,0,0,1,1,1,0,1,1
0,0,0,0,0,0,1,0,2,1,0,0,1,1,1,0,1,1
0,0,0,0,0,0,1,0,1,0,0,0,1,1,1,0,1,1
0,0,1,0,0,0,0,0,1,0,0,0,1,1,1,0,1,1
0,0,0,0,0,0,1,0,1,0,0,0,1,1,1,0,1,1
0,0,0,0,0,0,1,0,1,0,0,0,1,1,1,0,1,1
1,0,0,0,0,0,0,0,1,0,0,0,1,1,1,0,1,1
0,0,0,0,0,0,1,0,1,0,0,0,1,1,1,0,1,1
0,0,1,0,0,0,0,0,1,0,0,0,1,1,1,0,1,1
0,0,0,0,0,0,1,0,1,0,0,0,1,1,1,0,1,1
0,0,1,0,0,0,0,0,1,0,0,0,1,1,1,0,1,1
0,0,0,0,0,0,1,0,1,0,0,0,1,1,1,0,1,1
0,0,1,0,0,0,0,0,1,0,0,0,1,1,1,0,1,1
1,0,0,0,0,0,0,0,1,0,0,0,1,1,1,0,1,1
0,0,0,0,0,0,1,0,1,0,0,0,1,1,1,0,1,1
0,0,0,0,0,0,1,0,1,0,0,0,1,1,1,0,1,1
0,0,0,0,0,0,1,0,1,0,0,0,1,1,1,0,1,1
0,0,0,0,0,0,0,1,2,1,0,1,1,1,1,0,1,1
0,0,0,0,0,0,1,0,1,0,0,0,1,1,1,0,1,1
1,0,0,0,0,0,0,0,1,0,0,0,1,1,1,0,1,1
0,0,0,0,0,0,1,0,1,0,0,0,1,1,1,0,1,1
0,0,0,0,0,0,1,0,2,1,0,0,1,1,1,0,1,1
0,0,0,0,0,0,0,1,3,1,0,1,1,1,1,0,1,1
0,0,0,0,0,0,1,0,1,0,0,0,1,1,1,0,1,1
0,0,1,0,0,0,0,0,1,0,0,0,1,1,1,0,1,1
0,0,0,0,0,0,1,0,1,0,0,0,1,1,1,0,1,1
0,0,0,0,0,0,1,0,1,0,0,0,1,1,1,0,1,1
0,0,0,0,0,1,0,0,1,0,0,0,1,1,1,0,1,1
0,0,0,0,0,0,1,0,1,0,0,0,1,1,1,0,1,1
0,0,0,0,0,0,1,0,1,0,0,0,1,1,1,0,1,1
0,0,0,0,0,0,1,0,2,1,0,0,1,1,1,0,1,1
0,0,0,0,0,0,1,0,1,0,0,0,1,1,1,0,1,1
0,0,0,0,0,0,1,0,1,0,0,0,1,1,1,0,1,1
0,0,0,0,0,0,1,0,1,0,0,0,1,1,1,0,1,1
0,0,0,0,0,0,1,0,1,0,0,0,1,1,1,0,1,1
0,0,0,0,0,0,1,0,1,0,0,0,1,1,1,0,1,1
0,0,0,0,0,0,1,0,1,0,0,0,1,1,1,0,1,1
0,0,0,0,0,0,1,0,1,0,0,0,1,1,1,0,1,1
0,0,0,0,0,0,1,0,2,1,0,0,1,1,1,0,1,1
0,0,0,0,0,0,1,0,1,0,0,0,1,1,1,0,1,1
0,0,0,0,0,0,1,0,2,1,0,0,1,1,1,0,1,1
1,0,0,0,0,0,0,0,1,0,0,0,1,1,0,0,1,1
1,0,0,0,0,0,0,0,1,0,0,0,1,1,1,0,1,1
0,0,1,0,0,0,0,0,1,0,0,0,1,1,1,0,1,1
0,0,1,0,0,0,0,0,1,0,0,0,1,1,1,0,1,1
1,0,0,0,0,0,0,0,1,0,0,0,1,1,1,0,1,1
1,0,0,0,0,0,0,0,1,0,0,0,1,1,1,0,1,1
1,0,0,0,0,0,0,0,1,0,0,0,1,1,1,0,1,1
0,0,0,0,0,0,1,0,1,0,0,0,1,1,1,0,1,1
0,0,1,0,0,0,0,0,1,0,0,0,1,1,1,0,1,1
1,0,0,0,0,0,0,0,1,0,0,0,1,1,1,0,1,1
1,0,0,0,0,0,0,0,1,0,0,0,1,1,1,0,1,1
0,0,0,0,0,0,1,0,1,0,0,0,1,1,1,0,1,1
0,0,0,0,0,0,1,0,2,1,0,0,1,1,1,0,1,1
0,0,0,0,0,0,1,0,1,0,0,0,1,1,1,0,1,1
0,0,0,0,0,0,1,0,1,0,0,0,1,1,1,0,1,1
0,0,0,0,0,1,0,0,1,0,0,0,1,1,1,0,1,1
0,0,0,0,0,1,0,0,1,0,0,0,1,1,1,0,1,1
0,0,0,0,0,0,1,0,2,1,0,0,1,1,1,0,1,1
0,0,0,0,0,1,0,0,1,0,0,0,1,1,1,0,1,1
0,0,0,0,0,1,0,0,1,0,0,0,1,1,1,0,1,1
0,0,0,0,0,0,1,0,1,0,0,0,1,1,1,0,1,1
0,0,0,0,0,1,0,0,1,0,0,0,1,1,1,0,1,1
0,0,0,0,0,1,0,0,1,0,0,0,1,1,1,0,1,1
0,0,1,0,0,0,0,0,1,0,0,0,1,1,1,0,1,1
0,0,0,0,0,0,1,0,1,0,0,0,1,1,1,0,1,1
0,0,0,0,0,0,1,0,1,0,0,0,1,1,1,0,1,1
0,0,0,0,0,1,0,0,1,0,0,0,1,1,1,0,1,1
0,0,0,0,0,0,1,0,1,0,0,0,1,1,1,0,1,1
0,0,0,0,0,1,0,0,2,1,0,0,1,1,1,0,1,1
0,0,0,0,0,1,0,0,1,0,0,0,1,1,1,0,1,1
0,0,0,0,0,0,1,0,2,1,0,0,1,1,1,0,1,1
0,0,0,0,0,0,1,0,2,1,0,0,1,1,1,0,1,1
0,0,0,0,0,1,0,0,1,0,0,0,1,1,1,0,1,1
0,0,0,0,0,1,0,0,2,1,0,0,1,1,1,0,1,1
0,0,0,0,0,1,0,0,1,0,0,0,1,1,1,0,1,1
0,0,0,0,0,0,1,0,1,0,0,0,1,1,1,0,1,1
0,0,0,0,0,1,0,0,2,1,0,0,1,1,1,0,1,1
0,0,0,0,0,1,0,0,1,0,0,0,1,1,1,0,1,1
0,0,0,0,0,1,0,0,1,0,0,0,1,1,1,0,1,1
0,0,0,0,0,0,1,0,2,1,0,0,1,1,1,0,1,1
0,0,0,0,0,1,0,0,1,0,0,0,1,1,1,0,1,1
0,0,0,0,0,1,0,0,1,0,0,0,1,1,1,0,1,1
0,0,0,0,0,0,1,0,2,1,0,0,1,1,1,0,1,1
0,0,1,0,0,0,0,0,1,0,0,0,1,1,1,0,1,1
0,0,0,0,0,1,0,0,1,0,0,0,1,1,1,0,1,1
0,0,0,0,0,1,0,0,1,0,0,0,1,1,1,0,1,1
0,0,0,0,0,0,1,0,1,0,0,0,1,1,1,0,1,1
0,0,0,0,0,0,1,0,1,0,0,0,1,1,1,0,1,1
0,0,0,0,0,0,1,0,1,0,0,0,1,1,1,0,1,1
0,0,0,0,0,0,1,0,1,0,0,0,1,1,1,0,1,1
0,0,0,0,0,0,1,0,1,0,0,0,1,1,1,0,1,1
0,0,0,0,0,0,1,0,1,0,0,0,1,1,1,0,1,1
0,0,1,0,0,0,0,0,1,0,0,0,1,1,1,0,1,1
0,0,0,0,0,0,1,0,1,0,0,0,1,1,1,0,1,1
0,0,0,0,0,0,1,0,2,1,0,0,1,1,1,0,1,1
0,0,0,0,0,0,1,0,1,0,0,0,1,1,1,0,1,1
0,0,1,0,0,0,0,0,1,0,0,0,1,1,1,0,1,1
0,0,1,0,0,0,0,0,1,0,0,0,1,1,1,0,1,1
0,0,1,0,0,0,0,0,1,0,0,0,1,1,1,0,1,1
0,0,1,0,0,0,0,0,1,0,0,0,1,1,1,0,1,1
0,0,0,0,0,0,1,0,1,0,0,0,1,1,1,0,1,1
0,0,0,0,0,0,1,0,1,0,0,0,1,1,1,0,1,1
0,0,0,0,0,0,1,0,1,0,0,0,1,1,1,0,1,1
0,0,0,0,0,0,1,0,2,1,0,0,1,1,1,0,1,1
0,0,1,0,0,0,0,0,1,0,0,0,1,1,1,0,1,1
0,0,1,0,0,0,0,0,1,0,0,0,1,1,1,0,1,1
1,0,0,0,0,0,0,0,1,0,0,0,1,1,1,0,1,1
0,0,0,0,0,0,1,0,1,0,0,0,1,1,1,0,1,1
0,0,1,0,0,0,0,0,1,0,0,0,1,1,1,0,1,1
0,0,0,0,0,0,1,0,1,0,0,0,1,1,1,0,1,1
0,0,0,0,0,0,1,0,1,0,0,0,1,1,1,0,1,1
0,0,0,0,0,0,1,0,1,0,0,0,1,1,1,0,1,1
0,0,1,0,0,0,0,0,1,0,0,0,1,1,1,0,1,1
0,0,1,0,0,0,0,0,1,0,0,0,1,1,1,0,1,1
0,0,0,0,0,0,1,0,1,0,0,0,1,1,1,0,1,1
1,0,0,0,0,0,0,0,1,0,0,0,1,1,1,0,1,1
0,0,0,0,0,0,1,0,1,0,0,0,1,1,1,0,1,1
0,0,0,0,0,0,0,1,2,1,0,1,1,1,1,0,1,1
0,0,0,0,0,0,1,0,1,0,0,0,1,1,1,0,1,1
0,0,0,0,0,0,1,0,1,0,0,0,1,1,1,0,1,1
0,0,0,0,0,0,1,0,1,0,0,0,1,1,1,0,1,1
0,0,0,0,0,0,1,0,1,0,0,0,1,1,1,0,1,1
0,0,0,0,0,0,1,0,1,0,0,0,1,1,1,0,1,1
0,0,0,0,0,0,1,0,1,0,0,0,1,1,1,0,1,1
0,0,0,0,0,0,1,0,2,1,0,0,1,1,1,0,1,1
0,0,0,0,0,0,1,0,1,0,0,0,1,1,1,0,1,1
1,0,0,0,0,0,0,0,1,0,0,0,1,1,1,0,1,1
0,0,1,0,0,0,0,0,2,1,0,0,1,1,1,0,1,1
0,0,0,0,0,0,1,0,1,0,0,0,1,1,1,0,1,1
0,0,1,0,0,0,0,0,1,0,0,0,1,1,1,0,1,1
1,0,0,0,0,0,0,0,1,0,0,0,1,1,1,0,1,1
0,0,0,0,0,0,1,0,1,0,0,0,1,1,1,0,1,1
0,0,0,0,0,0,1,0,1,0,0,0,1,1,1,0,1,1
0,0,0,0,0,0,1,0,1,0,0,0,1,1,1,0,1,1
0,0,0,0,0,0,1,0,1,0,0,0,1,1,1,0,1,1
0,0,0,0,0,0,1,0,1,0,0,0,1,1,1,0,1,1
0,0,1,0,0,0,0,0,1,0,0,0,1,1,1,0,1,1
0,0,0,0,0,0,1,0,1,0,0,0,1,1,1,0,1,1
0,0,0,0,0,0,1,0,1,0,0,0,1,1,1,0,1,1
0,0,0,0,0,0,1,0,1,0,0,0,1,1,1,0,1,1
0,0,0,0,0,0,1,0,1,0,0,0,1,1,1,0,1,1
0,0,0,0,0,0,1,0,2,1,0,0,1,1,1,0,1,1
0,0,0,0,0,0,1,0,1,0,0,0,1,1,1,0,1,1
0,0,0,0,0,0,1,0,1,0,0,0,1,1,1,0,1,1
0,0,0,0,0,0,1,0,1,0,0,0,1,1,1,0,1,1
0,0,0,0,0,0,1,0,2,1,0,0,1,1,1,0,1,1
1,0,0,0,0,0,0,0,1,0,0,0,1,1,1,0,1,1
0,0,0,0,0,0,1,0,1,0,0,0,1,1,1,0,1,1
1,0,0,0,0,0,0,0,1,0,0,0,1,1,1,0,1,1
0,0,1,0,0,0,0,0,1,0,0,0,1,1,1,0,1,1
0,0,0,0,0,0,1,0,1,0,0,0,1,1,1,0,1,1
0,0,0,0,0,0,1,0,1,0,0,0,1,1,1,0,1,1
0,0,1,0,0,0,0,0,1,0,0,0,1,1,1,0,1,1
0,0,0,0,0,0,1,0,1,0,0,0,1,1,1,0,1,1
0,0,0,0,0,0,1,0,1,0,0,0,1,1,1,0,1,1
0,0,0,0,0,0,1,0,1,0,0,0,1,1,1,0,1,1
0,0,1,0,0,0,0,0,1,0,0,0,1,1,1,0,1,1
0,0,0,0,0,0,1,0,1,0,0,0,1,1,1,0,1,1
0,0,1,0,0,0,0,0,1,0,0,0,1,1,1,0,1,1
0,0,1,0,0,0,0,0,1,0,0,0,1,1,1,0,1,1
0,0,1,0,0,0,0,0,1,0,0,0,1,1,1,0,1,1
0,0,0,0,0,0,1,0,1,0,0,0,1,1,1,0,1,1
0,0,0,0,0,0,1,0,1,0,0,0,1,1,1,0,1,1
0,0,0,0,0,0,1,0,1,0,0,0,1,1,1,0,1,1
0,0,0,0,0,0,1,0,1,0,0,0,1,1,1,0,1,1
0,0,0,0,0,0,1,0,1,0,0,0,1,1,1,0,1,1
0,0,0,0,0,0,1,0,1,0,0,0,1,1,1,0,1,1
0,0,0,0,0,1,0,0,1,0,0,0,1,1,1,0,1,1
0,0,0,0,0,0,1,0,1,0,0,0,1,1,1,0,1,1
0,0,0,0,0,0,1,0,1,0,0,0,1,1,1,0,1,1
0,1,0,0,0,0,0,0,2,1,0,0,1,1,1,0,1,1
0,0,0,0,0,1,0,0,1,0,0,0,1,1,1,0,1,1
0,0,0,0,0,0,1,0,1,0,0,0,1,1,1,0,1,1
1,0,0,0,0,0,0,0,1,0,0,0,1,1,1,0,1,1
0,0,0,0,0,0,1,0,1,0,0,0,1,1,1,0,1,1
0,0,0,0,0,1,0,0,1,0,0,0,1,1,1,0,1,1
0,0,0,0,0,0,1,0,1,0,0,0,1,1,1,0,1,1
0,0,0,0,0,1,0,0,1,0,0,0,1,1,1,0,1,1
0,0,0,0,0,1,0,0,1,0,0,0,1,1,1,0,1,1
0,0,0,0,0,0,1,0,1,0,0,0,1,1,1,0,1,1
0,0,0,0,0,1,0,0,1,0,0,0,1,1,1,0,1,1
0,0,0,0,0,1,0,0,1,0,0,0,1,1,1,0,1,1
0,0,0,0,0,1,0,0,1,0,0,0,1,1,1,0,1,1
0,0,0,0,0,1,0,0,1,0,0,0,1,1,1,0,1,1
0,0,0,0,0,0,1,0,1,0,0,0,1,1,1,0,1,1
1,0,0,0,0,0,0,0,1,0,0,0,1,1,1,0,1,1
0,0,0,0,0,0,1,0,1,0,0,0,1,1,1,0,1,1
1,0,0,0,0,0,0,0,1,0,0,0,1,1,1,0,1,1
0,0,0,0,0,0,1,0,1,0,0,0,1,1,1,0,1,1
0,0,0,0,0,1,0,0,1,0,0,0,1,1,1,0,1,1
0,0,0,0,0,1,0,0,1,0,0,0,1,1,1,0,1,1
0,0,0,0,0,1,0,0,1,0,0,0,1,1,1,0,1,1
1,0,0,0,0,0,0,0,1,0,0,0,1,1,1,0,1,1
0,0,0,0,0,1,0,0,1,0,0,0,1,1,1,0,1,1
1,0,0,0,0,0,0,0,1,0,0,0,1,1,1,0,1,1
1,0,0,0,0,0,0,0,1,0,0,0,1,1,1,0,1,1
1,0,0,0,0,0,0,0,1,0,0,0,1,1,1,0,1,1
0,0,0,0,0,0,1,0,1,0,0,0,1,1,1,0,1,1
1,0,0,0,0,0,0,0,1,0,0,0,1,1,1,0,1,1
0,0,0,0,0,0,1,0,1,0,0,0,1,1,1,0,1,1
0,0,0,0,0,1,0,0,1,0,0,0,1,1,1,0,1,1
0,0,0,0,0,0,1,0,1,0,0,0,1,1,1,0,1,1
0,0,0,0,0,1,0,0,1,0,0,0,1,1,1,0,1,1
1,0,0,0,0,0,0,0,1,0,0,0,1,1,1,0,1,1
0,0,0,0,0,1,0,0,1,0,0,0,1,1,1,0,1,1
1,0,0,0,0,0,0,0,1,0,0,0,1,1,1,0,1,1
1,0,0,0,0,0,0,0,1,0,0,0,1,1,1,0,1,1
1,0,0,0,0,0,0,0,1,0,0,0,1,1,1,0,1,1
0,0,0,0,0,1,0,0,1,0,0,0,1,1,1,0,1,1
0,0,0,0,0,0,1,0,1,0,0,0,1,1,1,0,1,1
0,0,0,0,0,1,0,0,1,0,0,0,1,1,1,0,1,1
0,0,0,0,0,0,1,0,1,0,0,0,1,1,1,0,1,1
0,0,0,0,0,1,0,0,1,0,0,0,1,1,1,0,1,1
0,0,0,0,0,0,1,0,1,0,0,0,1,1,1,0,1,1
1,0,0,0,0,0,0,0,1,0,0,0,1,1,1,0,1,1
0,0,0,0,0,0,1,0,1,0,0,0,1,1,1,0,1,1
0,0,0,0,0,0,1,0,1,0,0,0,1,1,1,0,1,1
0,0,0,0,0,1,0,0,1,0,0,0,1,1,1,0,1,1
0,0,0,0,0,1,0,0,1,0,0,0,1,1,1,0,1,1
0,0,0,0,0,0,1,0,1,0,0,0,1,1,1,0,1,1
0,0,0,0,0,0,1,0,1,0,0,0,1,1,1,0,1,1
0,0,0,0,0,1,0,0,1,0,0,0,1,1,1,0,1,1
0,0,0,0,0,0,0,1,2,1,0,1,1,1,1,0,1,1
0,0,0,0,0,1,0,0,1,0,0,0,1,1,1,0,1,1
0,0,0,0,0,1,0,0,1,0,0,0,1,1,1,0,1,1
0,0,0,0,0,1,0,0,1,0,0,0,1,1,1,0,1,1
0,0,0,0,0,0,1,0,1,0,0,0,1,1,1,0,1,1
0,0,0,0,0,0,1,0,1,0,0,0,1,1,1,0,1,1
0,0,0,0,0,0,1,0,1,0,0,0,1,1,1,0,1,1
0,0,0,0,0,0,1,0,1,0,0,0,1,1,1,0,1,1
0,0,0,0,0,0,1,0,1,0,0,0,1,1,1,0,1,1
0,0,0,0,0,0,1,0,2,1,0,0,1,1,1,0,1,1
0,0,0,0,0,1,0,0,1,0,0,0,1,1,1,0,1,1
0,0,0,0,0,1,0,0,1,0,0,0,1,1,1,0,1,1
0,0,0,0,0,0,1,0,1,0,0,0,1,1,1,0,1,1
0,0,0,0,0,0,1,0,1,0,0,0,1,1,1,0,1,1
0,0,0,0,0,1,0,0,1,0,0,0,1,1,1,0,1,1
0,0,0,0,0,1,0,0,1,0,0,0,1,1,1,0,1,1
0,0,0,0,0,0,1,0,1,0,0,0,1,1,1,0,1,1
0,0,0,0,0,1,0,0,1,0,0,0,1,1,1,0,1,1
0,0,0,0,0,0,1,0,1,0,0,0,1,1,1,0,1,1
0,0,0,0,0,0,1,0,1,0,0,0,1,1,1,0,1,1
0,0,0,0,0,0,1,0,1,0,0,0,1,1,1,0,1,1
0,0,0,0,0,0,1,0,1,0,0,0,1,1,1,0,1,1
0,0,0,0,0,0,1,0,1,0,0,0,1,1,1,0,1,1
0,0,0,0,0,1,0,0,1,0,0,0,1,1,1,0,1,1
0,0,0,0,0,1,0,0,1,0,0,0,1,1,1,0,1,1
0,0,0,0,0,1,0,0,1,0,0,0,1,1,1,0,1,1
0,0,0,0,0,1,0,0,1,0,0,0,1,1,1,0,1,1
0,0,0,0,0,0,1,0,1,0,0,0,1,1,1,0,1,1
0,0,0,0,0,1,0,0,1,0,0,0,1,1,1,0,1,1
0,0,0,0,0,1,0,0,1,0,0,0,1,1,1,0,1,1
0,0,0,0,0,0,1,0,1,0,0,0,1,1,1,0,1,1
0,0,0,0,0,0,1,0,1,0,0,0,1,1,1,0,1,1
0,0,0,0,0,0,1,0,2,1,0,0,1,1,1,0,1,1
1,0,0,0,0,0,0,0,1,0,0,0,1,1,1,0,1,1
1,0,0,0,0,0,0,0,1,0,0,0,1,1,1,0,1,1
0,0,0,0,0,1,0,0,1,0,0,0,1,1,1,0,1,1
0,0,0,0,0,0,1,0,1,0,0,0,1,1,1,0,1,1
0,0,0,0,0,1,0,0,1,0,0,0,1,1,1,0,1,1
0,0,0,0,0,0,1,0,1,0,0,0,1,1,1,0,1,1
0,0,0,0,0,1,0,0,1,0,0,0,1,1,1,0,1,1
0,0,0,0,0,0,1,0,1,0,0,0,1,1,1,0,1,1
0,0,0,0,0,0,1,0,1,0,0,0,1,1,1,0,1,1
0,0,0,0,0,1,0,0,1,0,0,0,1,1,1,0,1,1
0,0,0,0,0,0,1,0,1,0,0,0,1,1,1,0,1,1
0,0,0,0,0,1,0,0,1,0,0,0,1,1,1,0,1,1
0,0,0,0,0,0,1,0,1,0,0,0,1,1,1,0,1,1
0,0,0,0,0,0,1,0,1,0,0,0,1,1,1,0,1,1
0,0,0,0,0,1,0,0,1,0,0,0,1,1,1,0,1,1
1,0,0,0,0,0,0,0,1,0,0,0,1,1,1,0,1,1
0,0,0,0,0,1,0,0,1,0,0,0,1,1,1,0,1,1
0,0,0,0,0,1,0,0,1,0,0,0,1,1,1,0,1,1
0,0,0,0,0,0,1,0,1,0,0,0,1,1,1,0,1,1
0,0,0,0,0,1,0,0,1,0,0,0,1,1,1,0,1,1
1,0,0,0,0,0,0,0,1,0,0,0,1,1,1,0,1,1
1,0,0,0,0,0,0,0,1,0,0,0,1,1,1,0,1,1
1,0,0,0,0,0,0,0,1,0,0,0,1,1,1,0,1,1
0,0,0,0,0,0,1,0,1,0,0,0,1,1,1,0,1,1
0,0,0,0,0,1,0,0,1,0,0,0,1,1,1,0,1,1
1,0,0,0,0,0,0,0,1,0,0,0,1,1,1,0,1,1
0,0,1,0,0,0,0,0,1,0,0,0,1,1,1,0,1,1
1,0,0,0,0,0,0,0,1,0,0,0,1,1,1,0,1,1
1,0,0,0,0,0,0,0,1,0,0,0,1,1,1,0,1,1
1,0,0,0,0,0,0,0,1,0,0,0,1,1,1,0,1,1
1,0,0,0,0,0,0,0,1,0,0,0,1,1,1,0,1,1
1,0,0,0,0,0,0,0,1,0,0,0,1,1,1,0,1,1
1,0,0,0,0,0,0,0,1,0,0,0,1,1,1,0,1,1
0,0,0,0,0,0,1,0,1,0,0,0,1,1,1,0,1,1
1,0,0,0,0,0,0,0,2,1,0,0,1,1,1,0,1,1
1,0,0,0,0,0,0,0,1,0,0,0,1,1,1,0,1,1
0,0,0,0,0,1,0,0,1,0,0,0,1,1,1,0,1,1
1,0,0,0,0,0,0,0,1,0,0,0,1,1,1,0,1,1
0,0,0,0,0,1,0,0,1,0,0,0,1,1,1,0,1,1
0,0,0,0,0,0,1,0,1,0,0,0,1,1,1,0,1,1
0,0,0,0,0,0,1,0,1,0,0,0,1,1,1,0,1,1
0,0,0,0,0,0,1,0,1,0,0,0,1,1,1,0,1,1
0,0,0,0,0,0,1,0,1,0,0,0,1,1,1,0,1,1
0,0,0,0,0,0,1,0,1,0,0,0,1,1,1,0,1,1
1,0,0,0,0,0,0,0,1,0,0,0,1,1,1,0,1,1
0,0,0,0,0,0,1,0,1,0,0,0,1,1,1,0,1,1
0,0,0,0,0,0,1,0,1,0,0,0,1,1,1,0,1,1
0,0,0,0,0,0,1,0,1,0,0,0,1,1,1,0,1,1
0,0,0,0,0,0,1,0,1,0,0,0,1,1,1,0,1,1
0,0,1,0,0,0,0,0,1,0,0,0,1,1,1,0,1,1
1,0,0,0,0,0,0,0,1,0,0,0,1,1,1,0,1,1
0,0,0,0,0,0,1,0,1,0,0,0,1,1,1,0,1,1
0,0,1,0,0,0,0,0,1,0,0,0,1,1,1,0,1,1
0,0,1,0,0,0,0,0,1,0,0,0,1,1,1,0,1,1
1,0,0,0,0,0,0,0,1,0,0,0,1,1,1,0,1,1
0,0,1,0,0,0,0,0,1,0,0,0,1,1,1,0,1,1
0,0,1,0,0,0,0,0,1,0,0,0,1,1,1,0,1,1
0,0,0,0,0,0,1,0,1,0,0,0,1,1,1,0,1,1
0,0,1,0,0,0,0,0,1,0,0,0,1,1,1,0,1,1
1,0,0,0,0,0,0,0,1,0,0,0,1,1,1,0,1,1
0,0,0,0,0,0,1,0,1,0,0,0,1,1,1,0,1,1
1,0,0,0,0,0,0,0,1,0,0,0,1,1,1,0,1,1
1,0,0,0,0,0,0,0,1,0,0,0,1,1,1,0,1,1
1,0,0,0,0,0,0,0,1,0,0,0,1,1,1,0,1,1
1,0,0,0,0,0,0,0,1,0,0,0,1,1,1,0,1,1
0,0,1,0,0,0,0,0,1,0,0,0,1,1,1,0,1,1
0,0,1,0,0,0,0,0,1,0,0,0,1,1,1,0,1,1
0,0,0,0,0,0,1,0,1,0,0,0,1,1,1,0,1,1
0,0,1,0,0,0,0,0,1,0,0,0,1,1,1,0,1,1
0,0,1,0,0,0,0,0,1,0,0,0,1,1,1,0,1,1
0,0,0,0,0,0,1,0,1,0,0,0,1,1,1,0,1,1
1,0,0,0,0,0,0,0,1,0,0,0,1,1,1,0,1,1
0,0,0,0,0,0,1,0,1,0,0,0,1,1,1,0,1,1
0,0,1,0,0,0,0,0,1,0,0,0,1,1,1,0,1,1
0,0,1,0,0,0,0,0,1,0,0,0,1,1,1,0,1,1
0,0,0,0,0,0,1,0,2,1,0,0,1,1,1,0,1,1
0,0,0,0,0,0,1,0,1,0,0,0,1,1,1,0,1,1
0,0,1,0,0,0,0,0,1,0,0,0,1,1,1,0,1,1
0,0,0,0,0,0,1,0,1,0,0,0,1,1,1,0,1,1
0,0,0,0,0,0,1,0,1,0,0,0,1,1,1,0,1,1
0,0,0,0,0,0,1,0,1,0,0,0,1,1,1,0,1,1
0,0,0,0,0,0,1,0,1,0,0,0,1,1,1,0,1,1
0,0,1,0,0,0,0,0,1,0,0,0,1,1,1,0,1,1
0,0,0,0,0,0,1,0,1,0,0,0,1,1,1,0,1,1
0,0,0,0,0,0,1,0,1,0,0,0,1,1,1,0,1,1
0,0,0,0,0,0,1,0,1,0,0,0,1,1,1,0,1,1
0,0,0,0,0,0,1,0,1,0,0,0,1,1,1,0,1,1
0,0,1,0,0,0,0,0,1,0,0,0,1,1,1,0,1,1
0,0,0,0,0,0,1,0,2,1,0,0,1,1,1,0,1,1
0,0,1,0,0,0,0,0,1,0,0,0,1,1,1,0,1,1
1,0,0,0,0,0,0,0,1,0,0,0,1,1,1,0,1,1
0,0,0,0,0,0,0,1,2,1,0,1,1,1,1,0,1,1
0,0,0,0,0,0,1,0,1,0,0,0,1,1,1,0,1,1
0,0,0,0,0,0,1,0,1,0,0,0,1,1,1,0,1,1
0,0,1,0,0,0,0,0,1,0,0,0,1,1,1,0,1,1
1,0,0,0,0,0,0,0,1,0,0,0,1,1,1,0,1,1
1,0,0,0,0,0,0,0,1,0,0,0,1,1,1,0,1,1
1,0,0,0,0,0,0,0,1,0,0,0,1,1,1,0,1,1
0,0,0,0,0,0,1,0,1,0,0,0,1,1,1,0,1,1
0,0,0,0,0,0,1,0,1,0,0,0,1,1,1,0,1,1
0,0,0,0,0,0,1,0,1,0,0,0,1,1,1,0,1,1
0,0,0,0,0,0,1,0,1,0,0,0,1,1,1,0,1,1
0,0,0,0,0,0,1,0,1,0,0,0,1,1,1,0,1,1
0,0,0,0,0,0,1,0,1,0,0,0,1,1,1,0,1,1
0,0,0,0,0,0,1,0,1,0,0,0,1,1,1,0,1,1
0,0,0,0,0,0,1,0,2,1,0,0,1,1,1,0,1,1
0,0,0,0,0,0,1,0,1,0,0,0,1,1,1,0,1,1
0,0,0,0,0,0,1,0,2,1,0,0,1,1,1,0,1,1
0,0,0,0,0,0,1,0,1,0,0,0,1,1,1,0,1,1
0,0,0,0,0,0,1,0,1,0,0,0,1,1,1,0,1,1
0,0,0,0,0,0,1,0,2,1,0,0,1,1,1,0,1,1
1,0,0,0,0,0,0,0,1,0,0,0,1,1,1,0,1,1
0,0,0,0,0,0,1,0,1,0,0,0,1,1,1,0,1,1
0,0,0,0,0,0,1,0,1,0,0,0,1,1,1,0,1,1
0,0,0,0,0,0,1,0,1,0,0,0,1,1,1,0,1,1
0,0,0,0,0,0,1,0,2,1,0,0,1,1,1,0,1,1
0,0,0,0,0,1,0,0,1,0,0,0,1,1,1,0,1,1
0,0,1,0,0,0,0,0,1,0,0,0,1,1,1,0,1,1
0,0,0,0,0,0,1,0,1,0,0,0,1,1,1,0,1,1
0,0,1,0,0,0,0,0,1,0,0,0,1,1,1,0,1,1
0,0,0,0,0,0,1,0,1,0,0,0,1,1,1,0,1,1
0,0,0,0,0,0,1,0,1,0,0,0,1,1,1,0,1,1
0,0,1,0,0,0,0,0,1,0,0,0,1,1,1,0,1,1
1,0,0,0,0,0,0,0,1,0,0,0,1,1,1,0,1,1
0,0,1,0,0,0,0,0,1,0,0,0,1,1,1,0,1,1
0,0,0,0,0,0,1,0,1,0,0,0,1,1,1,0,1,1
1,0,0,0,0,0,0,0,1,0,0,0,1,1,1,0,1,1
0,0,1,0,0,0,0,0,1,0,0,0,1,1,1,0,1,1
0,0,0,0,0,0,1,0,1,0,0,0,1,1,1,0,1,1
0,0,0,0,0,0,1,0,1,0,0,0,1,1,1,0,1,1
1,0,0,0,0,0,0,0,1,0,0,0,1,1,1,0,1,1
0,0,1,0,0,0,0,0,1,0,0,0,1,1,1,0,1,1
0,0,0,0,0,0,1,0,1,0,0,0,1,1,1,0,1,1
0,0,1,0,0,0,0,0,1,0,0,0,1,1,1,0,1,1
0,0,1,0,0,0,0,0,1,0,0,0,1,1,1,0,1,1
0,0,0,0,0,0,1,0,1,0,0,0,1,1,1,0,1,1
0,0,0,0,0,0,0,1,2,1,0,1,1,1,1,0,1,1
0,0,1,0,0,0,0,0,1,0,0,0,1,1,1,0,1,1
0,0,1,0,0,0,0,0,1,0,0,0,1,1,1,0,1,1
0,0,1,0,0,0,0,0,1,0,0,0,1,1,1,0,1,1
1,0,0,0,0,0,0,0,1,0,0,0,1,1,1,0,1,1
1,0,0,0,0,0,0,0,1,0,0,0,1,1,1,0,1,1
1,0,0,0,0,0,0,0,1,0,0,0,1,1,1,0,1,1
1,0,0,0,0,0,0,0,1,0,0,0,1,1,1,0,1,1
0,0,1,0,0,0,0,0,1,0,0,0,1,1,1,0,1,1
0,0,0,0,0,0,1,0,1,0,0,0,1,1,1,0,1,1
0,0,0,0,0,0,1,0,1,0,0,0,1,1,1,0,1,1
0,0,0,0,0,0,1,0,1,0,0,0,1,1,1,0,1,1
0,0,1,0,0,0,0,0,1,0,0,0,1,1,1,0,1,1
1,0,0,0,0,0,0,0,1,0,0,0,1,1,1,0,1,1
0,0,1,0,0,0,0,0,1,0,0,0,1,1,1,0,1,1
0,0,0,0,0,0,1,0,1,0,0,0,1,1,1,0,1,1
1,0,0,0,0,0,0,0,1,0,0,0,1,1,1,0,1,1
0,0,0,0,0,0,1,0,1,0,0,0,1,1,1,0,1,1
0,0,0,0,0,0,1,0,1,0,0,0,1,1,1,0,1,1
1,0,0,0,0,0,0,0,1,0,0,0,1,1,1,0,1,1
0,0,0,0,0,0,0,1,2,1,0,1,1,1,1,0,1,1
0,0,0,0,0,0,1,0,1,0,0,0,1,1,1,0,1,1
0,0,1,0,0,0,0,0,1,0,0,0,1,1,1,0,1,1
0,0,0,0,0,0,1,0,2,1,0,0,1,1,1,0,1,1
0,0,0,0,0,0,1,0,1,0,0,0,1,1,1,0,1,1
0,0,0,0,0,0,1,0,1,0,0,0,1,1,1,0,1,1
0,0,0,0,0,0,1,0,1,0,0,0,1,1,1,0,1,1
0,0,0,0,0,0,1,0,1,0,0,0,1,1,1,0,1,1
0,0,0,0,0,0,1,0,1,0,0,0,1,1,1,0,1,1
0,0,0,0,0,0,1,0,1,0,0,0,1,1,1,0,1,1
0,0,0,0,0,0,1,0,1,0,0,0,1,1,1,0,1,1
0,0,1,0,0,0,0,0,1,0,0,0,1,1,1,0,1,1
0,0,1,0,0,0,0,0,1,0,0,0,1,1,1,0,1,1
0,0,1,0,0,0,0,0,1,0,0,0,1,1,1,0,1,1
0,0,1,0,0,0,0,0,1,0,0,0,1,1,1,0,1,1
0,0,0,0,0,0,0,1,2,1,0,1,1,1,1,0,1,1
0,0,0,0,0,0,1,0,1,0,0,0,1,1,1,0,1,1
0,0,0,0,0,0,1,0,1,0,0,0,1,1,1,0,1,1
0,0,1,0,0,0,0,0,1,0,0,0,1,1,1,0,1,1
0,0,0,0,0,0,1,0,1,0,0,0,1,1,1,0,1,1
0,0,1,0,0,0,0,0,1,0,0,0,1,1,1,0,1,1
0,0,0,0,0,0,1,0,1,0,0,0,1,1,1,0,1,1
0,0,0,0,0,0,1,0,1,0,0,0,1,1,1,0,1,1
0,0,0,0,0,0,1,0,1,0,0,0,1,1,1,0,1,1
0,0,0,0,0,0,1,0,1,0,0,0,1,1,1,0,1,1
0,0,0,0,0,0,1,0,1,0,0,0,1,1,1,0,1,1
0,0,0,0,0,0,1,0,1,0,0,0,1,1,1,0,1,1
0,0,0,0,0,0,1,0,1,0,0,0,1,1,1,0,1,1
0,0,1,0,0,0,0,0,1,0,0,0,1,1,1,0,1,1
0,1,0,0,0,0,0,0,2,1,0,0,1,1,1,0,1,1
0,0,1,0,0,0,0,0,1,0,0,0,1,1,1,0,1,1
0,0,0,0,0,0,1,0,1,0,0,0,1,1,1,0,1,1
0,0,0,0,0,0,1,0,1,0,0,0,1,1,1,0,1,1
0,0,0,0,0,0,1,0,1,0,0,0,1,1,1,0,1,1
0,0,0,0,0,0,0,1,3,1,0,1,1,1,1,0,1,1
0,0,0,0,0,0,0,1,2,1,0,1,1,1,1,0,1,1
0,0,0,0,0,0,1,0,1,0,0,0,1,1,1,0,1,1
0,0,1,0,0,0,0,0,1,0,0,0,1,1,1,0,1,1
0,0,0,0,0,0,1,0,1,0,0,0,1,1,1,0,1,1
0,0,0,0,0,0,1,0,1,0,0,0,1,1,1,0,1,1
0,0,0,0,0,0,1,0,1,0,0,0,1,1,1,0,1,1
1,0,0,0,0,0,0,0,1,0,0,0,1,1,1,0,1,1
0,0,0,0,0,0,1,0,1,0,0,0,1,1,1,0,1,1
0,0,0,0,0,0,1,0,1,0,0,0,1,1,1,0,1,1
0,0,1,0,0,0,0,0,1,0,0,0,1,1,1,0,1,1
0,0,1,0,0,0,0,0,1,0,0,0,1,1,1,0,1,1
1,0,0,0,0,0,0,0,1,0,0,0,1,1,1,0,1,1
0,0,1,0,0,0,0,0,1,0,0,0,1,1,1,0,1,1
0,0,1,0,0,0,0,0,1,0,0,0,1,1,1,0,1,1
0,0,0,0,0,0,1,0,1,0,0,0,1,1,1,0,1,1
0,0,0,0,0,0,0,0,1,0,0,0,1,1,1,0,1,1
0,0,0,0,0,0,0,0,1,0,0,0,1,1,1,0,1,1
0,0,0,0,0,0,0,0,1,0,0,0,1,1,1,0,1,1
0,0,0,0,0,0,1,0,2,1,0,0,1,1,1,0,1,1
0,0,0,0,0,0,0,0,1,0,0,0,1,1,1,0,1,1
0,0,0,0,0,0,0,0,1,0,0,0,1,1,1,0,1,1
0,0,0,0,0,0,0,0,1,0,0,0,1,1,1,0,1,1
1,0,0,0,0,0,0,0,1,0,0,0,1,1,1,0,1,1
0,0,0,0,0,0,1,0,2,1,0,0,1,1,1,0,1,1
0,0,0,0,0,0,1,0,1,0,0,0,1,1,1,0,1,1
1,0,0,0,0,0,0,0,1,0,0,0,1,1,1,0,1,1
0,0,0,0,0,0,0,1,2,1,0,1,1,1,1,0,1,1
0,0,0,0,0,0,1,0,1,0,0,0,1,1,1,0,1,1
1,0,0,0,0,0,0,0,1,0,0,0,1,1,1,0,1,1
1,0,0,0,0,0,0,0,1,0,0,0,1,1,1,0,1,1
0,0,1,0,0,0,0,0,1,0,0,0,1,1,1,0,1,1
0,0,1,0,0,0,0,0,1,0,0,0,1,1,1,0,1,1
0,0,0,0,0,0,1,0,1,0,0,0,1,1,1,0,1,1
0,0,1,0,0,0,0,0,1,0,0,0,1,1,1,0,1,1
1,0,0,0,0,0,0,0,1,0,0,0,1,1,1,0,1,1
0,0,0,0,0,0,1,0,1,0,0,0,1,1,1,0,1,1
0,0,0,0,0,0,1,0,1,0,0,0,1,1,1,0,1,1
0,0,0,0,0,0,1,0,2,1,0,0,1,1,1,0,1,1
0,0,1,0,0,0,0,0,1,0,0,0,1,1,1,0,1,1
0,1,0,0,0,0,0,0,2,1,0,0,1,1,1,0,1,1
0,0,1,0,0,0,0,0,1,0,0,0,1,1,1,0,1,1
0,0,1,0,0,0,0,0,1,0,0,0,1,1,1,0,1,1
0,0,0,0,0,0,1,0,2,1,0,0,1,1,1,0,1,1
0,0,0,0,0,1,0,0,1,0,0,0,1,1,1,0,1,1
0,0,0,0,0,0,1,0,1,0,0,0,1,1,1,0,1,1
0,0,0,0,0,0,1,0,1,0,0,0,1,1,1,0,1,1
0,0,1,0,0,0,0,0,1,0,0,0,1,1,1,0,1,1
1,0,0,0,0,0,0,0,1,0,0,0,1,1,1,0,1,1
0,0,0,0,0,0,1,0,1,0,0,0,1,1,1,0,1,1
0,0,0,0,0,0,1,0,1,0,0,0,1,1,1,0,1,1
0,0,1,0,0,0,0,0,1,0,0,0,1,1,1,0,1,1
0,0,0,0,0,0,1,0,1,0,0,0,1,1,1,0,1,1
0,0,0,0,0,0,1,0,1,0,0,0,1,1,1,0,1,1
0,0,0,0,0,0,1,0,2,1,0,0,1,1,1,0,1,1
0,0,0,0,0,0,1,0,1,0,0,0,1,1,1,0,1,1
0,0,0,0,0,0,1,0,2,1,0,0,1,1,1,0,1,1
0,0,0,0,0,0,1,0,1,0,0,0,1,1,1,0,1,1
0,0,0,0,0,0,1,0,1,0,0,0,1,1,1,0,1,1
0,0,0,0,0,0,1,0,1,0,0,0,1,1,1,0,1,1
0,0,0,0,0,0,1,0,1,0,0,0,1,1,1,0,1,1
0,0,0,0,0,0,1,0,1,0,0,0,1,1,1,0,1,1
0,0,1,0,0,0,0,0,1,0,0,0,1,1,1,0,1,1
1,0,0,0,0,0,0,0,1,0,0,0,1,1,1,0,1,1
0,0,0,0,0,0,1,0,1,0,0,0,1,1,1,0,1,1
0,0,0,0,0,0,1,0,1,0,0,0,1,1,1,0,1,1
0,0,0,0,0,0,1,0,1,0,0,0,1,1,1,0,1,1
0,0,1,0,0,0,0,0,1,0,0,0,1,1,0,0,1,1
1,0,0,0,0,0,0,0,1,0,0,0,1,1,1,0,1,1
0,1,0,0,0,0,0,0,2,1,0,0,1,1,1,0,1,1
0,0,1,0,0,0,0,0,1,0,0,0,1,1,1,0,1,1
0,0,0,0,1,0,0,0,2,1,0,0,1,1,1,0,1,1
0,0,0,1,0,0,0,0,2,1,0,0,1,1,1,0,1,1
0,0,0,1,0,0,0,0,1,0,0,0,1,1,1,0,1,1
0,0,1,0,0,0,0,0,1,0,0,0,1,1,1,0,1,1
0,0,0,0,0,0,1,0,1,0,0,0,1,1,1,0,1,1
0,0,0,0,0,0,1,0,1,0,0,0,1,1,1,0,1,1
0,0,0,0,0,0,1,0,1,0,0,0,1,1,1,0,1,1
0,0,0,0,0,0,1,0,1,0,0,0,1,1,1,0,1,1
0,0,0,0,0,0,1,0,1,0,0,0,1,1,1,0,1,1
0,0,0,0,0,0,1,0,1,0,0,0,1,1,1,0,1,1
0,0,0,0,0,0,1,0,1,0,0,0,1,1,1,0,1,1
0,0,0,0,0,0,1,0,1,0,0,0,1,1,1,0,1,1
0,0,0,0,0,0,1,0,1,0,0,0,1,1,1,0,1,1
0,0,0,0,0,0,1,0,1,0,0,0,1,1,1,0,1,1
0,0,0,0,0,0,1,0,1,0,0,0,1,1,1,0,1,1
0,0,0,0,0,0,1,0,1,0,0,0,1,1,1,0,1,1
0,0,0,0,0,1,0,0,1,0,0,0,1,1,1,0,1,1
0,0,0,0,0,0,1,0,1,0,0,0,1,1,1,0,1,1
0,0,0,0,0,1,0,0,1,0,0,0,1,1,1,0,1,1
0,0,0,0,0,1,0,0,1,0,0,0,1,1,1,0,1,1
0,0,0,0,0,0,1,0,1,0,0,0,1,1,1,0,1,1
0,0,0,0,0,0,1,0,1,0,0,0,1,1,1,0,1,1
0,0,0,0,0,0,1,0,1,0,0,0,1,1,1,0,1,1
0,0,0,0,0,1,0,0,1,0,0,0,1,1,1,0,1,1
0,0,0,0,0,1,0,0,1,0,0,0,1,1,1,0,1,1
0,0,0,0,0,1,0,0,1,0,0,0,1,1,1,0,1,1
0,0,0,0,0,1,0,0,1,0,0,0,1,1,1,0,1,1
0,0,0,0,0,1,0,0,1,0,0,0,1,1,1,0,1,1
0,0,0,0,0,1,0,0,1,0,0,0,1,1,1,0,1,1
0,0,0,0,0,0,1,0,1,0,0,0,1,1,1,0,1,1
0,0,0,0,0,1,0,0,1,0,0,0,1,1,1,0,1,1
0,0,0,0,0,0,1,0,1,0,0,0,1,1,1,0,1,1
0,0,0,0,0,1,0,0,1,0,0,0,1,1,1,0,1,1
1,0,0,0,0,0,0,0,1,0,0,0,1,1,1,0,1,1
1,0,0,0,0,0,0,0,1,0,0,0,1,1,1,0,1,1
1,0,0,0,0,0,0,0,1,0,0,0,1,1,1,0,1,1
0,0,0,0,0,1,0,0,1,0,0,0,1,1,1,0,1,1
0,0,0,0,0,1,0,0,1,0,0,0,1,1,1,0,1,1
0,0,0,0,0,1,0,0,1,0,0,0,1,1,1,0,1,1
1,0,0,0,0,0,0,0,1,0,0,0,1,1,1,0,1,1
1,0,0,0,0,0,0,0,1,0,0,0,1,1,1,0,1,1
1,0,0,0,0,0,0,0,1,0,0,0,1,1,1,0,1,1
0,0,0,0,0,1,0,0,1,0,0,0,1,1,1,0,1,1
1,0,0,0,0,0,0,0,1,0,0,0,1,1,1,0,1,1
1,0,0,0,0,0,0,0,1,0,0,0,1,1,1,0,1,1
1,0,0,0,0,0,0,0,1,0,0,0,1,1,1,0,1,1
1,0,0,0,0,0,0,0,1,0,0,0,1,1,1,0,1,1
0,0,0,0,0,1,0,0,1,0,0,0,1,1,1,0,1,1
1,0,0,0,0,0,0,0,1,0,0,0,1,1,1,0,1,1
0,0,0,0,0,0,1,0,1,0,0,0,1,1,1,0,1,1
0,0,1,0,0,0,0,0,1,0,0,0,1,1,1,0,1,1
0,0,0,0,0,1,0,0,1,0,0,0,1,1,1,0,1,1
0,0,0,0,0,1,0,0,1,0,0,0,1,1,1,0,1,1
0,0,0,0,0,0,1,0,1,0,0,0,1,1,1,0,1,1
0,0,0,0,0,0,1,0,1,0,0,0,1,1,1,0,1,1
1,0,0,0,0,0,0,0,1,0,0,0,1,1,1,0,1,1
0,0,0,0,0,1,0,0,1,0,0,0,1,1,1,0,1,1
0,0,0,0,0,1,0,0,1,0,0,0,1,1,1,0,1,1
0,0,0,0,0,1,0,0,1,0,0,0,1,1,1,0,1,1
1,0,0,0,0,0,0,0,1,0,0,0,1,1,1,0,1,1
0,0,0,0,0,0,1,0,1,0,0,0,1,1,1,0,1,1
1,0,0,0,0,0,0,0,1,0,0,0,1,1,1,0,1,1
1,0,0,0,0,0,0,0,1,0,0,0,1,1,1,0,1,1
0,0,0,0,0,1,0,0,1,0,0,0,1,1,1,0,1,1
0,0,0,0,0,1,0,0,1,0,0,0,1,1,1,0,1,1
0,0,0,0,0,1,0,0,1,0,0,0,1,1,1,0,1,1
0,0,0,0,0,1,0,0,1,0,0,0,1,1,1,0,1,1
0,0,1,0,0,0,0,0,1,0,0,0,1,1,1,0,1,1
0,0,0,0,0,0,1,0,2,1,0,0,1,1,1,0,1,1
0,0,0,0,0,1,0,0,1,0,0,0,1,1,1,0,1,1
0,0,0,0,0,1,0,0,1,0,0,0,1,1,1,0,1,1
0,0,0,0,0,0,1,0,2,1,0,0,1,1,1,0,1,1
0,0,1,0,0,0,0,0,1,0,0,0,1,1,1,0,1,1
1,0,0,0,0,0,0,0,1,0,0,0,1,1,1,0,1,1
1,0,0,0,0,0,0,0,1,0,0,0,1,1,1,0,1,1
1,0,0,0,0,0,0,0,1,0,0,0,1,1,1,0,1,1
1,0,0,0,0,0,0,0,1,0,0,0,1,1,1,0,1,1
1,0,0,0,0,0,0,0,1,0,0,0,1,1,1,0,1,1
0,0,0,0,0,0,1,0,1,0,0,0,1,1,1,0,1,1
0,0,0,0,0,1,0,0,1,0,0,0,1,1,1,0,1,1
0,0,1,0,0,0,0,0,1,0,0,0,1,1,1,0,1,1
0,0,1,0,0,0,0,0,1,0,0,0,1,1,1,0,1,1
1,0,0,0,0,0,0,0,2,1,0,0,1,1,1,0,1,1
0,0,0,0,0,1,0,0,1,0,0,0,1,1,1,0,1,1
0,0,0,0,0,1,0,0,1,0,0,0,1,1,1,0,1,1
0,0,0,0,0,1,0,0,1,0,0,0,1,1,1,0,1,1
0,0,0,0,0,0,1,0,2,1,0,0,1,1,1,0,1,1
0,0,0,0,0,1,0,0,1,0,0,0,1,1,1,0,1,1
0,0,0,0,0,1,0,0,1,0,0,0,1,1,1,0,1,1
0,0,0,0,0,1,0,0,1,0,0,0,1,1,1,0,1,1
0,0,1,0,0,0,0,0,1,0,0,0,1,1,1,0,1,1
0,0,0,0,0,0,1,0,1,0,0,0,1,1,1,0,1,1
0,0,0,0,0,0,1,0,1,0,0,0,1,1,1,0,1,1
0,0,0,0,0,0,1,0,1,0,0,0,1,1,1,0,1,1
0,0,0,0,0,0,1,0,1,0,0,0,1,1,1,0,1,1
0,0,0,0,0,1,0,0,1,0,0,0,1,1,1,0,1,1
0,0,0,0,0,1,0,0,1,0,0,0,1,1,1,0,1,1
0,0,0,0,0,1,0,0,1,0,0,0,1,1,1,0,1,1
0,0,0,0,0,0,1,0,1,0,0,0,1,1,1,0,1,1
0,0,0,0,0,1,0,0,1,0,0,0,1,1,1,0,1,1
0,0,0,0,0,0,1,0,1,0,0,0,1,1,1,0,1,1
0,0,0,0,0,0,1,0,1,0,0,0,1,1,1,0,1,1
0,0,0,0,0,1,0,0,1,0,0,0,1,1,1,0,1,1
0,0,0,0,0,1,0,0,1,0,0,0,1,1,1,0,1,1
0,0,0,0,0,0,1,0,1,0,0,0,1,1,1,0,1,1
0,0,0,0,0,1,0,0,1,0,0,0,1,1,1,0,1,1
0,0,0,0,0,0,1,0,1,0,0,0,1,1,1,0,1,1
0,0,0,0,0,1,0,0,1,0,0,0,1,1,1,0,1,1
0,0,0,0,0,1,0,0,1,0,0,0,1,1,1,0,1,1
0,0,0,0,0,0,1,0,1,0,0,0,1,1,1,0,1,1
0,0,0,0,0,1,0,0,1,0,0,0,1,1,1,0,1,1
0,0,0,0,0,1,0,0,1,0,0,0,1,1,1,0,1,1
0,0,0,0,0,1,0,0,1,0,0,0,1,1,1,0,1,1
0,0,0,0,0,1,0,0,1,0,0,0,1,1,1,0,1,1
0,0,0,0,0,1,0,0,1,0,0,0,1,1,1,0,1,1
0,0,0,0,0,1,0,0,1,0,0,0,1,1,1,0,1,1
1,0,0,0,0,0,0,0,1,0,0,0,1,1,1,0,1,1
0,0,0,0,0,0,1,0,1,0,0,0,1,1,1,0,1,1
0,0,0,0,0,0,1,0,1,0,0,0,1,1,1,0,1,1
0,0,1,0,0,0,0,0,1,0,0,0,1,1,1,0,1,1
0,0,0,0,0,0,1,0,1,0,0,0,1,1,1,0,1,1
0,0,1,0,0,0,0,0,1,0,0,0,1,1,1,0,1,1
0,0,0,0,0,0,1,0,1,0,0,0,1,1,1,0,1,1
1,0,0,0,0,0,0,0,1,0,0,0,1,1,1,0,1,1
0,0,0,0,0,0,1,0,1,0,0,0,1,1,1,0,1,1
0,0,0,0,0,0,1,0,1,0,0,0,1,1,1,0,1,1
1,0,0,0,0,0,0,0,1,0,0,0,1,1,1,0,1,1
0,0,0,0,0,0,1,0,1,0,0,0,1,1,1,0,1,1
0,0,0,0,0,0,1,0,1,0,0,0,1,1,1,0,1,1
0,0,0,0,0,1,0,0,1,0,0,0,1,1,1,0,1,1
0,0,0,0,0,0,1,0,1,0,0,0,1,1,1,0,1,1
0,0,0,0,0,0,1,0,1,0,0,0,1,1,1,0,1,1
0,0,0,0,0,0,1,0,1,0,0,0,1,1,1,0,1,1
0,0,1,0,0,0,0,0,1,0,0,0,1,1,1,0,1,1
0,0,0,0,0,0,1,0,1,0,0,0,1,1,1,0,1,1
1,0,0,0,0,0,0,0,1,0,0,0,1,1,1,0,1,1
0,0,1,0,0,0,0,0,1,0,0,0,1,1,1,0,1,1
0,0,0,0,0,0,0,1,2,1,0,1,1,1,1,0,1,1
0,0,0,0,0,0,1,0,1,0,0,0,1,1,1,0,1,1
0,0,1,0,0,0,0,0,1,0,0,0,1,1,1,0,1,1
0,0,1,0,0,0,0,0,1,0,0,0,1,1,1,0,1,1
0,0,1,0,0,0,0,0,1,0,0,0,1,1,1,0,1,1
0,0,0,0,0,0,1,0,1,0,0,0,1,1,1,0,1,1
0,0,0,0,0,0,1,0,1,0,0,0,1,1,1,0,1,1
1,0,0,0,0,0,0,0,1,0,0,0,1,1,1,0,1,1
0,0,1,0,0,0,0,0,1,0,0,0,1,1,1,0,1,1
0,0,1,0,0,0,0,0,1,0,0,0,1,1,1,0,1,1
0,0,0,0,0,0,1,0,1,0,0,0,1,1,1,0,1,1
0,0,0,0,0,0,1,0,1,0,0,0,1,1,1,0,1,1
0,0,0,0,0,0,1,0,1,0,0,0,1,1,1,0,1,1
0,0,0,0,0,0,1,0,1,0,0,0,1,1,1,0,1,1
0,0,0,0,0,0,1,0,1,0,0,0,1,1,1,0,1,1
0,0,0,0,0,0,1,0,1,0,0,0,1,1,1,0,1,1
0,0,0,0,0,0,1,0,1,0,0,0,1,1,1,0,1,1
0,0,0,0,0,0,1,0,1,0,0,0,1,1,1,0,1,1
0,0,0,0,0,0,1,0,1,0,0,0,1,1,1,0,1,1
0,0,1,0,0,0,0,0,1,0,0,0,1,1,1,0,1,1
0,0,0,0,0,0,1,0,1,0,0,0,1,1,1,0,1,1
0,0,0,0,0,0,1,0,1,0,0,0,1,1,1,0,1,1
0,0,0,0,0,0,1,0,1,0,0,0,1,1,1,0,1,1
0,0,1,0,0,0,0,0,1,0,0,0,1,1,1,0,1,1
0,0,0,0,0,0,1,0,1,0,0,0,1,1,1,0,1,1
0,0,0,0,0,0,1,0,1,0,0,0,1,1,1,0,1,1
0,0,0,0,0,0,1,0,1,0,0,0,1,1,1,0,1,1
0,0,1,0,0,0,0,0,1,0,0,0,1,1,1,0,1,1
0,0,0,0,0,0,1,0,1,0,0,0,1,1,1,0,1,1
0,0,0,0,0,0,1,0,1,0,0,0,1,1,1,0,1,1
0,0,0,0,0,0,1,0,1,0,0,0,1,1,1,0,1,1
0,0,0,0,0,0,1,0,1,0,0,0,1,1,1,0,1,1
0,0,0,0,0,0,1,0,1,0,0,0,1,1,1,0,1,1
0,0,0,0,0,1,0,0,1,0,0,0,1,1,1,0,1,1
0,0,0,0,0,1,0,0,1,0,0,0,1,1,1,0,1,1
0,0,0,0,0,1,0,0,1,0,0,0,1,1,1,0,1,1
0,0,0,0,0,1,0,0,1,0,0,0,1,1,1,0,1,1
0,0,0,0,0,0,1,0,1,0,0,0,1,1,1,0,1,1
0,0,0,0,0,1,0,0,1,0,0,0,1,1,1,0,1,1
0,0,0,0,0,0,1,0,1,0,0,0,1,1,1,0,1,1
0,0,0,0,0,0,1,0,1,0,0,0,1,1,1,0,1,1
0,0,1,0,0,0,0,0,1,0,0,0,1,1,1,0,1,1
0,0,0,0,0,0,1,0,1,0,0,0,1,1,1,0,1,1
1,0,0,0,0,0,0,0,1,0,0,0,1,1,1,0,1,1
0,0,0,0,0,0,1,0,1,0,0,0,1,1,1,0,1,1
0,0,0,0,0,0,1,0,1,0,0,0,1,1,1,0,1,1
0,0,1,0,0,0,0,0,1,0,0,0,1,1,1,0,1,1
0,0,0,0,0,0,1,0,1,0,0,0,1,1,1,0,1,1
1,0,0,0,0,0,0,0,1,0,0,0,1,1,1,0,1,1
0,0,1,0,0,0,0,0,1,0,0,0,1,1,1,0,1,1
0,0,0,0,0,1,0,0,2,1,0,0,1,1,1,0,1,1
0,0,1,0,0,0,0,0,1,0,0,0,1,1,1,0,1,1
0,1,0,0,0,0,0,0,2,1,0,0,1,1,1,0,1,1
0,0,0,0,0,0,1,0,1,0,0,0,1,1,1,0,1,1
0,0,0,0,0,0,1,0,1,0,0,0,1,1,1,0,1,1
0,0,0,0,0,0,1,0,1,0,0,0,1,1,1,0,1,1
0,0,0,0,0,0,1,0,2,1,0,0,1,1,1,0,1,1
0,0,0,0,0,0,1,0,1,0,0,0,1,1,1,0,1,1
1,0,0,0,0,0,0,0,1,0,0,0,1,1,1,0,1,1
0,0,1,0,0,0,0,0,1,0,0,0,1,1,1,0,1,1
0,0,1,0,0,0,0,0,1,0,0,0,1,1,1,0,1,1
0,0,1,0,0,0,0,0,1,0,0,0,1,1,1,0,1,1
0,0,1,0,0,0,0,0,1,0,0,0,1,1,1,0,1,1
1,0,0,0,0,0,0,0,1,0,0,0,1,1,1,0,1,1
0,0,1,0,0,0,0,0,1,0,0,0,1,1,1,0,1,1
0,0,1,0,0,0,0,0,1,0,0,0,1,1,1,0,1,1
0,0,0,0,0,0,1,0,1,0,0,0,1,1,1,0,1,1
1,0,0,0,0,0,0,0,1,0,0,0,1,1,1,0,1,1
0,0,1,0,0,0,0,0,1,0,0,0,1,1,1,0,1,1
0,0,0,0,0,0,1,0,1,0,0,0,1,1,1,0,1,1
0,0,1,0,0,0,0,0,1,0,0,0,1,1,1,0,1,1
0,0,0,0,0,0,1,0,1,0,0,0,1,1,1,0,1,1
0,0,0,0,0,0,1,0,1,0,0,0,1,1,1,0,1,1
0,0,0,0,0,0,1,0,1,0,0,0,1,1,1,0,1,1
0,0,0,0,0,0,1,0,1,0,0,0,1,1,1,0,1,1
0,0,1,0,0,0,0,0,1,0,0,0,1,1,1,0,1,1
0,0,1,0,0,0,0,0,1,0,0,0,1,1,1,0,1,1
0,0,1,0,0,0,0,0,1,0,0,0,1,1,1,0,1,1
0,0,0,0,0,0,1,0,1,0,0,0,1,1,1,0,1,1
0,0,0,0,0,0,1,0,1,0,0,0,1,1,1,0,1,1
0,0,1,0,0,0,0,0,1,0,0,0,1,1,1,0,1,1
0,0,1,0,0,0,0,0,1,0,0,0,1,1,1,0,1,1
0,0,1,0,0,0,0,0,2,1,0,0,1,1,1,0,1,1
0,0,0,0,0,0,1,0,1,0,0,0,1,1,1,0,1,1
0,0,0,0,0,0,1,0,1,0,0,0,1,1,1,0,1,1
0,0,1,0,0,0,0,0,1,0,0,0,1,1,1,0,1,1
0,0,1,0,0,0,0,0,2,1,0,0,1,1,1,0,1,1
0,0,0,0,0,0,0,1,2,1,0,1,1,1,1,0,1,1
1,0,0,0,0,0,0,0,1,0,0,0,1,1,1,0,1,1
0,0,0,0,0,0,1,0,1,0,0,0,1,1,1,0,1,1
0,0,0,0,0,0,1,0,1,0,0,0,1,1,1,0,1,1
0,0,1,0,0,0,0,0,1,0,0,0,1,1,1,0,1,1
0,0,0,0,0,0,1,0,1,0,0,0,1,1,1,0,1,1
0,0,1,0,0,0,0,0,1,0,0,0,1,0,0,0,1,1
0,0,1,0,0,0,0,0,1,0,0,0,1,1,1,0,1,1
1,0,0,0,0,0,0,0,1,0,0,0,1,1,1,0,1,1
1,0,0,0,0,0,0,0,1,0,0,0,1,1,1,0,1,1
1,0,0,0,0,0,0,0,1,0,0,0,1,1,1,0,1,1
1,0,0,0,0,0,0,0,1,0,0,0,1,1,1,0,1,1
0,0,0,0,0,0,1,0,1,0,0,0,1,1,1,0,1,1
0,0,0,0,0,0,1,0,1,0,0,0,1,1,1,0,1,1
0,0,1,0,0,0,0,0,1,0,0,0,1,1,1,0,1,1
1,0,0,0,0,0,0,0,1,0,0,0,1,1,1,0,1,1
1,0,0,0,0,0,0,0,1,0,0,0,1,1,1,0,1,1
0,0,1,0,0,0,0,0,1,0,0,0,1,1,1,0,1,1
0,0,0,0,0,0,1,0,1,0,0,0,1,1,1,0,1,1
0,0,1,0,0,0,0,0,1,0,0,0,1,1,1,0,1,1
0,0,1,0,0,0,0,0,1,0,0,0,1,1,1,0,1,1
0,0,1,0,0,0,0,0,1,0,0,0,1,1,1,0,1,1
0,0,1,0,0,0,0,0,1,0,0,0,1,1,1,0,1,1
0,0,0,0,0,0,1,0,1,0,0,0,1,1,1,0,1,1
0,0,0,0,0,0,1,0,1,0,0,0,1,1,1,0,1,1
0,0,1,0,0,0,0,0,1,0,0,0,1,1,1,0,1,1
0,0,0,0,0,0,1,0,1,0,0,0,1,1,1,0,1,1
0,0,0,0,0,0,1,0,1,0,0,0,1,1,1,0,1,1
0,0,1,0,0,0,0,0,1,0,0,0,1,1,1,0,1,1
0,0,0,0,0,0,1,0,1,0,0,0,1,1,1,0,1,1
1,0,0,0,0,0,0,0,1,0,0,0,1,1,1,0,1,1
0,0,0,0,0,0,1,0,1,0,0,0,1,1,1,0,1,1
0,0,0,0,0,0,1,0,1,0,0,0,1,1,1,0,1,1
0,0,0,0,0,0,1,0,1,0,0,0,1,1,1,0,1,1
0,0,0,0,0,1,0,0,1,0,0,0,1,1,1,0,1,1
1,0,0,0,0,0,0,0,1,0,0,0,1,1,1,0,1,1
1,0,0,0,0,0,0,0,1,0,0,0,1,1,1,0,1,1
1,0,0,0,0,0,0,0,1,0,0,0,1,1,1,0,1,1
0,0,1,0,0,0,0,0,1,0,0,0,1,1,1,0,1,1
0,0,0,0,0,0,1,0,1,0,0,0,1,1,1,0,1,1
0,0,0,0,0,0,1,0,1,0,0,0,1,1,1,0,1,1
0,0,1,0,0,0,0,0,1,0,0,0,1,1,1,0,1,1
0,0,1,0,0,0,0,0,1,0,0,0,1,1,1,0,1,1
0,0,0,0,0,1,0,0,1,0,0,0,1,1,1,0,1,1
0,0,0,0,0,0,1,0,1,0,0,0,1,1,1,0,1,1
0,0,0,0,0,0,1,0,1,0,0,0,1,1,1,0,1,1
0,0,1,0,0,0,0,0,1,0,0,0,1,1,1,0,1,1
1,0,0,0,0,0,0,0,1,0,0,0,1,1,1,0,1,1
0,0,0,0,0,1,0,0,1,0,0,0,1,1,1,0,1,1
0,0,0,0,0,1,0,0,1,0,0,0,1,1,1,0,1,1
0,0,1,0,0,0,0,0,1,0,0,0,1,1,1,0,1,1
0,0,0,0,0,0,1,0,1,0,0,0,1,1,1,0,1,1
1,0,0,0,0,0,0,0,1,0,0,0,1,1,1,0,1,1
0,0,1,0,0,0,0,0,1,0,0,0,1,1,1,0,1,1
0,0,0,0,0,0,1,0,1,0,0,0,1,1,1,0,1,1
0,0,0,0,0,1,0,0,1,0,0,0,1,1,1,0,1,1
0,0,0,0,0,0,1,0,1,0,0,0,1,1,1,0,1,1
0,0,0,0,0,1,0,0,1,0,0,0,1,1,1,0,1,1
0,0,0,0,0,0,1,0,1,0,0,0,1,1,1,0,1,1
0,0,1,0,0,0,0,0,1,0,0,0,1,1,1,0,1,1
0,0,1,0,0,0,0,0,1,0,0,0,1,1,1,0,1,1
0,0,0,0,0,1,0,0,1,0,0,0,1,1,1,0,1,1
0,0,0,0,0,0,1,0,1,0,0,0,1,1,1,0,1,1
0,0,0,0,0,0,1,0,1,0,0,0,1,1,1,0,1,1
0,0,0,0,0,1,0,0,1,0,0,0,1,1,1,0,1,1
0,0,0,0,0,0,1,0,1,0,0,0,1,1,1,0,1,1
0,0,1,0,0,0,0,0,1,0,0,0,1,1,1,0,1,1
0,0,1,0,0,0,0,0,1,0,0,0,1,1,1,0,1,1
0,0,0,0,0,1,0,0,1,0,0,0,1,1,1,0,1,1
0,0,1,0,0,0,0,0,1,0,0,0,1,1,1,0,1,1
0,0,0,0,0,0,1,0,1,0,0,0,1,1,1,0,1,1
1,0,0,0,0,0,0,0,1,0,0,0,1,1,1,0,1,1
0,0,0,0,0,0,1,0,1,0,0,0,1,1,1,0,1,1
0,0,1,0,0,0,0,0,1,0,0,0,1,1,1,0,1,1
0,0,1,0,0,0,0,0,1,0,0,0,1,1,1,0,1,1
0,0,0,0,0,0,1,0,1,0,0,0,1,1,1,0,1,1
0,0,1,0,0,0,0,0,1,0,0,0,1,1,1,0,1,1
0,0,1,0,0,0,0,0,1,0,0,0,1,1,1,0,1,1
0,0,1,0,0,0,0,0,1,0,0,0,1,1,1,0,1,1
0,0,0,0,0,0,1,0,1,0,0,0,1,1,1,0,1,1
0,0,0,0,0,0,1,0,1,0,0,0,1,1,1,0,1,1
0,0,1,0,0,0,0,0,1,0,0,0,1,1,1,0,1,1
0,0,1,0,0,0,0,0,1,0,0,0,1,1,1,0,1,1
0,0,0,0,0,0,1,0,1,0,0,0,1,1,1,0,1,1
0,0,0,0,0,0,1,0,1,0,0,0,1,1,1,0,1,1
0,0,1,0,0,0,0,0,1,0,0,0,1,1,1,0,1,1
0,0,0,0,0,0,1,0,1,0,0,0,1,1,1,0,1,1
0,0,0,0,0,0,1,0,1,0,0,0,1,1,1,0,1,1
0,0,1,0,0,0,0,0,1,0,0,0,1,1,1,0,1,1
0,0,0,0,0,1,0,0,1,0,0,0,1,1,1,0,1,1
1,0,0,0,0,0,0,0,1,0,0,0,1,1,1,0,1,1
0,0,0,0,0,0,1,0,1,0,0,0,1,1,1,0,1,1
0,0,0,0,0,0,1,0,1,0,0,0,1,1,1,0,1,1
0,0,0,0,0,0,1,0,1,0,0,0,1,1,1,0,1,1
0,0,0,0,0,0,1,0,1,0,0,0,1,1,1,0,1,1
0,0,0,0,0,0,1,0,1,0,0,0,1,1,1,0,1,1
1,0,0,0,0,0,0,0,1,0,0,0,1,1,1,0,1,1
